Phone_Prefix,Platform,Subscription_Plan,Match_Date,Login_Status,Buffer_Count,Watch_Minutes,App_Rating,Target_Uninstall
013,Toffee,Weekly_Pass,2026-06-29,Success,5.0,101.0,,0
015,Bioscope,Weekly_Pass,2026-06-16,Stuck_at_Number_Screen,1.0,7.0,1.0,1
016,Bioscope,WC_Premium,2026-07-01,Buffer_Timeout,2.0,11.0,2.0,0
018,Toffee,Daily_Pass,2026-07-04,Stuck_at_Number_Screen,1.0,0.0,1.0,1
017,Toffee,Weekly_Pass,2026-07-01,Success,12.0,97.0,4.0,1
017,Toffee,WC_Premium,2026-07-05,OTP_Failed,0.0,4.0,1.0,1
017,Toffee,WC_Premium,2026-06-27,Success,5.0,104.0,,0
019,Bioscope,Weekly_Pass,2026-07-08,Stuck_at_Number_Screen,1.0,0.0,2.0,1
018,Bioscope,Weekly_Pass,2026-07-08,Success,5.0,87.0,5.0,0
016,Toffee,Daily_Pass,2026-06-16,OTP_Failed,1.0,5.0,,1
017,Toffee,Weekly_Pass,2026-07-03,OTP_Failed,0.0,5.0,1.0,1
015,Toffee,WC_Premium,2026-06-12,OTP_Failed,1.0,1.0,1.0,1
019,Other_Partner,WC_Premium,2026-06-16,Buffer_Timeout,2.0,7.0,1.0,1
017,Toffee,WC_Premium,2026-06-27,Success,3.0,90.0,,0
017,Bioscope,Daily_Pass,2026-07-10,Success,1.0,63.0,4.0,0
017,Bioscope,WC_Premium,2026-06-29,Success,1.0,56.0,4.0,0
017,Bioscope,Daily_Pass,2026-07-10,Success,9.0,91.0,5.0,0
018,Bioscope,Daily_Pass,2026-06-28,Success,7.0,66.0,,0
013,Toffee,Weekly_Pass,2026-07-03,Success,2.0,90.0,5.0,0
017,Bioscope,Daily_Pass,2026-06-21,Stuck_at_Number_Screen,6.0,7.0,1.0,1
018,Toffee,WC_Premium,2026-07-05,Buffer_Timeout,0.0,0.0,2.0,1
017,Bioscope,Weekly_Pass,2026-06-13,Success,2.0,81.0,5.0,0
017,Toffee,Weekly_Pass,2026-06-29,Success,4.0,77.0,,0
013,Bioscope,Weekly_Pass,2026-06-19,Success,2.0,79.0,4.0,0
018,Toffee,WC_Premium,2026-07-05,Success,14.0,69.0,5.0,0
019,Bioscope,Weekly_Pass,2026-06-23,Stuck_at_Number_Screen,4.0,9.0,2.0,1
017,Toffee,Daily_Pass,2026-06-18,Success,16.0,110.0,4.0,0
018,Bioscope,WC_Premium,2026-06-13,OTP_Failed,2.0,1.0,1.0,1
018,Toffee,Daily_Pass,2026-07-06,Success,12.0,72.0,3.0,0
017,Toffee,Daily_Pass,2026-06-16,Buffer_Timeout,1.0,0.0,1.0,0
018,Bioscope,Weekly_Pass,2026-06-30,Buffer_Timeout,1.0,0.0,1.0,1
017,Other_Partner,Daily_Pass,2026-07-02,Buffer_Timeout,0.0,3.0,1.0,0
017,Toffee,WC_Premium,2026-07-04,Success,2.0,69.0,,0
014,Other_Partner,Weekly_Pass,2026-07-01,Success,1.0,60.0,,0
015,Bioscope,WC_Premium,2026-06-26,Success,3.0,112.0,4.0,0
019,Bioscope,Daily_Pass,2026-06-24,OTP_Failed,1.0,5.0,1.0,1
017,Toffee,WC_Premium,2026-06-14,Success,6.0,104.0,,0
017,Toffee,Daily_Pass,2026-06-20,OTP_Failed,0.0,3.0,,0
016,Bioscope,Daily_Pass,2026-06-12,OTP_Failed,0.0,1.0,1.0,1
013,Toffee,Daily_Pass,2026-06-11,OTP_Failed,1.0,7.0,,0
017,Bioscope,Weekly_Pass,2026-07-07,Stuck_at_Number_Screen,1.0,7.0,,1
018,Toffee,Daily_Pass,2026-06-27,Success,10.0,67.0,4.0,0
017,Toffee,Weekly_Pass,2026-06-21,Success,6.0,37.0,5.0,1
014,Bioscope,Daily_Pass,2026-07-09,OTP_Failed,1.0,7.0,1.0,1
017,Bioscope,Daily_Pass,2026-06-19,Buffer_Timeout,7.0,5.0,2.0,1
016,Bioscope,Weekly_Pass,2026-07-05,OTP_Failed,1.0,4.0,1.0,1
017,Toffee,Daily_Pass,2026-06-20,OTP_Failed,4.0,2.0,1.0,1
018,Toffee,WC_Premium,2026-06-21,Buffer_Timeout,5.0,5.0,1.0,0
018,Toffee,Weekly_Pass,2026-06-25,Success,14.0,91.0,4.0,0
017,Toffee,WC_Premium,2026-06-12,Buffer_Timeout,3.0,0.0,2.0,0
015,Bioscope,Daily_Pass,2026-06-27,Success,5.0,97.0,5.0,0
019,Bioscope,WC_Premium,2026-06-21,Success,12.0,96.0,4.0,0
014,Toffee,Weekly_Pass,2026-06-21,Success,0.0,88.0,4.0,0
019,Bioscope,WC_Premium,2026-06-16,Success,20.0,75.0,5.0,0
018,Toffee,Daily_Pass,2026-06-15,Success,3.0,50.0,5.0,1
014,Bioscope,WC_Premium,2026-06-28,Success,5.0,97.0,3.0,0
017,Toffee,WC_Premium,2026-06-24,Success,7.0,87.0,4.0,0
017,Bioscope,Daily_Pass,2026-06-15,Success,0.0,86.0,4.0,0
017,Toffee,Weekly_Pass,2026-06-26,Success,14.0,57.0,4.0,0
017,Toffee,WC_Premium,2026-06-24,Stuck_at_Number_Screen,2.0,10.0,1.0,1
013,Toffee,Weekly_Pass,2026-06-28,Success,2.0,77.0,5.0,0
017,Toffee,Daily_Pass,2026-06-12,Success,46.0,97.0,1.0,0
019,Toffee,Weekly_Pass,2026-06-17,Success,17.0,51.0,4.0,0
013,Toffee,Daily_Pass,2026-07-07,Success,0.0,72.0,4.0,0
017,Toffee,WC_Premium,2026-06-18,Stuck_at_Number_Screen,1.0,0.0,,1
018,Bioscope,Daily_Pass,2026-06-21,Stuck_at_Number_Screen,0.0,6.0,,0
017,Toffee,Daily_Pass,2026-07-08,Stuck_at_Number_Screen,3.0,5.0,1.0,1
019,Bioscope,Daily_Pass,2026-07-05,Success,24.0,80.0,1.0,0
017,Toffee,Weekly_Pass,2026-07-01,Success,12.0,62.0,4.0,0
015,Other_Partner,WC_Premium,2026-07-08,Success,6.0,121.0,4.0,1
019,Other_Partner,Daily_Pass,2026-07-01,Success,13.0,68.0,4.0,0
017,Toffee,Daily_Pass,2026-07-09,Stuck_at_Number_Screen,1.0,3.0,1.0,0
017,Bioscope,Daily_Pass,2026-07-04,Buffer_Timeout,1.0,13.0,1.0,0
019,Toffee,WC_Premium,2026-06-27,Success,1.0,80.0,3.0,0
016,Other_Partner,Weekly_Pass,2026-07-09,Success,15.0,112.0,4.0,0
016,Bioscope,Daily_Pass,2026-06-15,Success,7.0,91.0,5.0,1
019,Toffee,Weekly_Pass,2026-07-10,OTP_Failed,3.0,10.0,1.0,1
017,Toffee,Daily_Pass,2026-06-21,Success,8.0,110.0,5.0,0
013,Toffee,Weekly_Pass,2026-07-07,Success,5.0,66.0,5.0,0
017,Toffee,Daily_Pass,2026-07-07,Buffer_Timeout,4.0,15.0,2.0,0
019,Bioscope,WC_Premium,2026-07-05,Stuck_at_Number_Screen,4.0,11.0,,1
018,Toffee,WC_Premium,2026-07-07,Success,12.0,83.0,4.0,0
017,Toffee,WC_Premium,2026-06-22,Success,17.0,107.0,5.0,0
017,Toffee,Weekly_Pass,2026-06-14,OTP_Failed,0.0,3.0,1.0,1
017,Toffee,Weekly_Pass,2026-06-30,OTP_Failed,1.0,9.0,,1
017,Toffee,Daily_Pass,2026-07-05,OTP_Failed,7.0,3.0,,0
016,Bioscope,WC_Premium,2026-07-03,Success,4.0,105.0,,0
018,Toffee,Weekly_Pass,2026-06-12,Stuck_at_Number_Screen,1.0,5.0,1.0,1
019,Bioscope,WC_Premium,2026-06-28,Stuck_at_Number_Screen,1.0,9.0,,0
018,Toffee,Daily_Pass,2026-07-04,Stuck_at_Number_Screen,2.0,3.0,1.0,1
017,Toffee,WC_Premium,2026-06-14,Success,1.0,104.0,,0
016,Bioscope,Weekly_Pass,2026-07-06,Success,4.0,89.0,4.0,0
019,Toffee,Daily_Pass,2026-07-01,Success,4.0,94.0,,0
018,Toffee,Weekly_Pass,2026-06-27,Buffer_Timeout,0.0,0.0,1.0,0
019,Bioscope,WC_Premium,2026-06-30,Success,5.0,83.0,5.0,0
018,Toffee,WC_Premium,2026-07-02,Success,4.0,111.0,,0
018,Toffee,WC_Premium,2026-07-08,Success,14.0,83.0,,0
013,Bioscope,Daily_Pass,2026-07-03,Stuck_at_Number_Screen,1.0,5.0,1.0,1
017,Bioscope,WC_Premium,2026-06-22,Buffer_Timeout,1.0,4.0,2.0,0
017,Toffee,Weekly_Pass,2026-06-23,Stuck_at_Number_Screen,5.0,6.0,2.0,1
017,Toffee,Daily_Pass,2026-07-10,OTP_Failed,0.0,0.0,2.0,0
018,Toffee,Daily_Pass,2026-07-07,Buffer_Timeout,4.0,3.0,1.0,0
017,Toffee,Daily_Pass,2026-06-22,Success,5.0,88.0,4.0,0
018,Bioscope,Daily_Pass,2026-06-16,Buffer_Timeout,0.0,0.0,1.0,1
014,Bioscope,WC_Premium,2026-06-12,Success,11.0,130.0,,0
017,Bioscope,Daily_Pass,2026-07-07,Success,6.0,97.0,,0
013,Toffee,Daily_Pass,2026-06-26,Success,2.0,102.0,5.0,0
019,Toffee,Daily_Pass,2026-06-23,Success,4.0,105.0,,0
017,Bioscope,Weekly_Pass,2026-07-03,Success,7.0,95.0,3.0,0
017,Toffee,Daily_Pass,2026-07-08,Success,11.0,126.0,4.0,0
017,Bioscope,Daily_Pass,2026-07-07,Success,7.0,76.0,4.0,0
017,Bioscope,Daily_Pass,2026-06-14,Success,1.0,59.0,3.0,0
014,Other_Partner,Weekly_Pass,2026-07-08,Success,9.0,81.0,5.0,0
019,Toffee,Daily_Pass,2026-06-26,Stuck_at_Number_Screen,11.0,10.0,2.0,1
018,Toffee,Weekly_Pass,2026-07-03,Buffer_Timeout,0.0,0.0,2.0,0
019,Bioscope,Daily_Pass,2026-06-25,Buffer_Timeout,0.0,4.0,,0
019,Bioscope,Daily_Pass,2026-06-23,OTP_Failed,0.0,1.0,,1
017,Bioscope,Daily_Pass,2026-06-20,Stuck_at_Number_Screen,3.0,10.0,1.0,1
019,Toffee,Daily_Pass,2026-07-09,Stuck_at_Number_Screen,1.0,9.0,,0
018,Bioscope,Daily_Pass,2026-07-09,OTP_Failed,1.0,0.0,1.0,1
019,Bioscope,Daily_Pass,2026-06-28,Success,16.0,50.0,5.0,1
019,Toffee,Daily_Pass,2026-06-13,Success,1.0,88.0,4.0,0
017,Bioscope,WC_Premium,2026-07-01,Success,2.0,88.0,3.0,0
017,Bioscope,Daily_Pass,2026-06-14,Stuck_at_Number_Screen,3.0,3.0,,1
017,Toffee,WC_Premium,2026-07-01,OTP_Failed,1.0,0.0,1.0,1
013,Toffee,WC_Premium,2026-07-06,Success,2.0,74.0,,0
019,Bioscope,WC_Premium,2026-07-07,Success,16.0,102.0,,0
019,Toffee,Daily_Pass,2026-07-06,Success,4.0,55.0,4.0,0
017,Bioscope,WC_Premium,2026-06-26,Stuck_at_Number_Screen,0.0,10.0,1.0,1
018,Toffee,Daily_Pass,2026-06-14,Success,3.0,76.0,5.0,0
013,Toffee,Daily_Pass,2026-06-29,Success,1.0,134.0,4.0,0
017,Other_Partner,Daily_Pass,2026-07-01,Success,5.0,69.0,5.0,0
017,Other_Partner,WC_Premium,2026-06-13,Success,7.0,99.0,5.0,0
017,Toffee,Daily_Pass,2026-06-17,Buffer_Timeout,2.0,15.0,1.0,0
014,Bioscope,WC_Premium,2026-07-01,Buffer_Timeout,0.0,2.0,1.0,1
017,Toffee,Daily_Pass,2026-06-15,Success,16.0,87.0,4.0,0
018,Toffee,WC_Premium,2026-07-05,Success,21.0,112.0,1.0,0
016,Toffee,WC_Premium,2026-07-01,Success,11.0,105.0,5.0,0
013,Toffee,WC_Premium,2026-07-01,Success,2.0,111.0,5.0,0
015,Bioscope,Weekly_Pass,2026-06-23,OTP_Failed,6.0,12.0,1.0,1
015,Bioscope,WC_Premium,2026-06-11,Success,2.0,60.0,4.0,0
017,Other_Partner,WC_Premium,2026-06-13,OTP_Failed,3.0,6.0,1.0,0
018,Bioscope,Daily_Pass,2026-06-26,Success,4.0,116.0,4.0,0
017,Toffee,Weekly_Pass,2026-06-11,Buffer_Timeout,3.0,4.0,1.0,0
017,Bioscope,WC_Premium,2026-06-16,Success,7.0,95.0,5.0,0
017,Other_Partner,Daily_Pass,2026-06-28,Success,10.0,95.0,,0
018,Bioscope,WC_Premium,2026-07-01,OTP_Failed,2.0,3.0,,1
018,Bioscope,Daily_Pass,2026-06-19,OTP_Failed,0.0,4.0,,0
017,Other_Partner,Weekly_Pass,2026-07-02,Success,1.0,71.0,5.0,0
017,Toffee,Daily_Pass,2026-07-03,Buffer_Timeout,4.0,5.0,1.0,1
014,Bioscope,Daily_Pass,2026-07-05,Success,4.0,117.0,5.0,0
017,Bioscope,Daily_Pass,2026-06-16,Success,4.0,116.0,3.0,0
017,Other_Partner,WC_Premium,2026-06-26,Buffer_Timeout,2.0,2.0,1.0,1
018,Toffee,Daily_Pass,2026-07-07,Success,2.0,54.0,,0
015,Bioscope,WC_Premium,2026-07-07,Success,4.0,89.0,5.0,0
017,Bioscope,WC_Premium,2026-07-03,Stuck_at_Number_Screen,3.0,0.0,,0
016,Toffee,Weekly_Pass,2026-07-10,OTP_Failed,1.0,2.0,1.0,1
019,Bioscope,Daily_Pass,2026-06-13,Success,30.0,110.0,,0
017,Toffee,Daily_Pass,2026-06-30,Success,3.0,80.0,4.0,1
016,Toffee,Weekly_Pass,2026-06-29,Success,1.0,101.0,,0
013,Toffee,Daily_Pass,2026-07-02,Success,6.0,66.0,4.0,0
018,Bioscope,Weekly_Pass,2026-07-01,Buffer_Timeout,3.0,11.0,,0
018,Toffee,WC_Premium,2026-06-25,Success,2.0,80.0,4.0,0
018,Toffee,Daily_Pass,2026-06-27,Success,15.0,109.0,5.0,0
017,Toffee,Weekly_Pass,2026-07-06,OTP_Failed,0.0,11.0,1.0,1
019,Toffee,WC_Premium,2026-06-20,OTP_Failed,5.0,3.0,1.0,0
017,Toffee,WC_Premium,2026-07-03,OTP_Failed,2.0,0.0,1.0,1
017,Toffee,WC_Premium,2026-06-25,Success,16.0,89.0,,0
017,Bioscope,WC_Premium,2026-06-28,Buffer_Timeout,2.0,0.0,2.0,1
018,Bioscope,Daily_Pass,2026-06-25,Success,14.0,82.0,4.0,0
016,Toffee,WC_Premium,2026-06-25,Success,10.0,90.0,,0
017,Toffee,WC_Premium,2026-06-15,Stuck_at_Number_Screen,2.0,4.0,1.0,0
018,Bioscope,Weekly_Pass,2026-06-19,Success,11.0,62.0,5.0,0
017,Toffee,Daily_Pass,2026-06-30,Stuck_at_Number_Screen,2.0,10.0,1.0,1
018,Other_Partner,Weekly_Pass,2026-07-02,Success,2.0,89.0,,0
017,Bioscope,Daily_Pass,2026-06-30,Buffer_Timeout,2.0,11.0,,1
016,Toffee,Daily_Pass,2026-07-07,Success,9.0,110.0,4.0,0
013,Toffee,Weekly_Pass,2026-07-03,Buffer_Timeout,0.0,9.0,1.0,0
014,Bioscope,Weekly_Pass,2026-07-08,OTP_Failed,1.0,15.0,2.0,1
017,Toffee,Weekly_Pass,2026-07-05,OTP_Failed,2.0,3.0,1.0,1
017,Toffee,Daily_Pass,2026-07-07,Success,2.0,79.0,4.0,0
017,Toffee,WC_Premium,2026-06-23,Buffer_Timeout,4.0,9.0,,0
014,Bioscope,Daily_Pass,2026-07-02,Success,47.0,124.0,1.0,0
019,Bioscope,Daily_Pass,2026-07-10,Success,4.0,72.0,,0
017,Toffee,Weekly_Pass,2026-06-24,OTP_Failed,2.0,4.0,1.0,1
016,Bioscope,Daily_Pass,2026-06-20,Success,1.0,100.0,4.0,0
019,Toffee,Daily_Pass,2026-06-20,Success,3.0,111.0,,0
018,Bioscope,Daily_Pass,2026-07-07,Stuck_at_Number_Screen,0.0,4.0,1.0,1
018,Toffee,WC_Premium,2026-06-29,Success,2.0,36.0,4.0,0
017,Bioscope,Weekly_Pass,2026-07-07,Stuck_at_Number_Screen,5.0,10.0,1.0,1
017,Other_Partner,Daily_Pass,2026-07-04,Success,44.0,57.0,1.0,0
019,Toffee,Daily_Pass,2026-06-19,Success,1.0,112.0,3.0,0
014,Toffee,Weekly_Pass,2026-06-21,Success,2.0,81.0,5.0,0
018,Toffee,WC_Premium,2026-06-11,OTP_Failed,1.0,8.0,1.0,1
017,Toffee,Weekly_Pass,2026-07-07,Stuck_at_Number_Screen,0.0,11.0,2.0,1
017,Toffee,WC_Premium,2026-06-18,Success,3.0,112.0,,0
016,Bioscope,Weekly_Pass,2026-07-02,Success,9.0,105.0,,0
019,Other_Partner,WC_Premium,2026-06-27,Success,2.0,96.0,5.0,0
019,Toffee,WC_Premium,2026-06-19,OTP_Failed,0.0,15.0,1.0,1
019,Bioscope,WC_Premium,2026-07-08,OTP_Failed,2.0,6.0,2.0,1
018,Bioscope,WC_Premium,2026-06-22,Success,8.0,49.0,5.0,0
017,Bioscope,Weekly_Pass,2026-06-21,Stuck_at_Number_Screen,2.0,3.0,,1
017,Toffee,WC_Premium,2026-07-07,Stuck_at_Number_Screen,2.0,5.0,,0
019,Toffee,Weekly_Pass,2026-06-11,Success,1.0,99.0,,0
018,Toffee,WC_Premium,2026-07-04,OTP_Failed,0.0,2.0,2.0,1
017,Toffee,Daily_Pass,2026-06-11,Stuck_at_Number_Screen,0.0,5.0,1.0,1
017,Bioscope,Weekly_Pass,2026-06-22,Buffer_Timeout,3.0,10.0,1.0,0
016,Bioscope,WC_Premium,2026-06-18,Success,5.0,129.0,,0
017,Toffee,Daily_Pass,2026-06-23,Success,11.0,65.0,3.0,0
017,Toffee,Weekly_Pass,2026-06-12,Buffer_Timeout,0.0,5.0,,0
018,Other_Partner,WC_Premium,2026-06-25,Success,12.0,64.0,5.0,0
016,Bioscope,Daily_Pass,2026-06-28,Success,9.0,84.0,4.0,0
016,Bioscope,Weekly_Pass,2026-06-25,Success,9.0,74.0,4.0,0
017,Toffee,Weekly_Pass,2026-07-09,OTP_Failed,2.0,7.0,1.0,1
016,Bioscope,Weekly_Pass,2026-07-09,Success,2.0,95.0,4.0,0
017,Bioscope,Daily_Pass,2026-06-20,Buffer_Timeout,1.0,2.0,1.0,0
017,Bioscope,Daily_Pass,2026-06-18,Success,0.0,89.0,,0
016,Toffee,Daily_Pass,2026-06-14,OTP_Failed,4.0,1.0,1.0,1
018,Toffee,Daily_Pass,2026-06-17,Success,18.0,104.0,,0
019,Toffee,Daily_Pass,2026-06-25,Success,1.0,95.0,,0
016,Bioscope,WC_Premium,2026-07-06,Success,0.0,94.0,4.0,0
018,Other_Partner,Weekly_Pass,2026-06-23,Buffer_Timeout,2.0,0.0,,0
017,Other_Partner,WC_Premium,2026-06-20,Success,20.0,133.0,,0
013,Other_Partner,Daily_Pass,2026-07-06,Success,3.0,64.0,4.0,0
017,Toffee,Weekly_Pass,2026-06-15,OTP_Failed,1.0,0.0,1.0,0
017,Toffee,Daily_Pass,2026-06-22,Success,8.0,129.0,,0
015,Toffee,WC_Premium,2026-06-12,OTP_Failed,1.0,2.0,1.0,1
013,Toffee,WC_Premium,2026-07-07,Success,12.0,133.0,5.0,0
019,Bioscope,WC_Premium,2026-07-07,Stuck_at_Number_Screen,1.0,7.0,1.0,1
018,Bioscope,Daily_Pass,2026-06-28,Success,8.0,62.0,3.0,0
019,Toffee,WC_Premium,2026-06-23,Stuck_at_Number_Screen,2.0,8.0,2.0,1
018,Bioscope,Weekly_Pass,2026-07-04,OTP_Failed,0.0,0.0,2.0,1
018,Other_Partner,WC_Premium,2026-06-29,Success,19.0,128.0,,0
018,Toffee,Weekly_Pass,2026-06-20,Success,1.0,79.0,5.0,0
017,Toffee,Weekly_Pass,2026-07-04,Success,4.0,70.0,4.0,0
016,Toffee,Daily_Pass,2026-06-23,Buffer_Timeout,3.0,7.0,1.0,0
017,Toffee,Weekly_Pass,2026-06-29,Success,65.0,85.0,1.0,0
017,Bioscope,Daily_Pass,2026-06-22,Success,1.0,107.0,4.0,0
018,Toffee,Daily_Pass,2026-06-15,Success,8.0,109.0,4.0,0
017,Toffee,Daily_Pass,2026-06-13,Buffer_Timeout,3.0,4.0,1.0,0
014,Other_Partner,WC_Premium,2026-06-27,Success,2.0,90.0,3.0,0
015,Bioscope,Daily_Pass,2026-06-25,Success,9.0,108.0,4.0,0
014,Toffee,WC_Premium,2026-07-10,OTP_Failed,1.0,12.0,,1
013,Other_Partner,WC_Premium,2026-06-19,Buffer_Timeout,3.0,7.0,1.0,0
017,Toffee,WC_Premium,2026-07-01,OTP_Failed,3.0,6.0,,0
014,Toffee,WC_Premium,2026-06-13,Success,7.0,98.0,5.0,0
013,Bioscope,WC_Premium,2026-06-14,Success,8.0,99.0,,0
015,Toffee,Daily_Pass,2026-07-09,Success,15.0,89.0,4.0,0
015,Bioscope,Daily_Pass,2026-07-09,Success,9.0,149.0,4.0,0
019,Toffee,Weekly_Pass,2026-07-08,OTP_Failed,3.0,6.0,1.0,0
017,Toffee,Weekly_Pass,2026-07-02,OTP_Failed,1.0,0.0,1.0,1
013,Bioscope,Daily_Pass,2026-06-18,Buffer_Timeout,1.0,1.0,,0
019,Toffee,Weekly_Pass,2026-06-28,OTP_Failed,4.0,3.0,1.0,0
017,Bioscope,Weekly_Pass,2026-06-12,Success,30.0,63.0,1.0,1
017,Bioscope,WC_Premium,2026-06-22,Stuck_at_Number_Screen,1.0,0.0,1.0,1
018,Other_Partner,Weekly_Pass,2026-07-08,Success,7.0,95.0,5.0,0
014,Bioscope,Weekly_Pass,2026-06-13,Success,2.0,66.0,5.0,0
016,Toffee,Weekly_Pass,2026-06-22,OTP_Failed,1.0,2.0,1.0,1
018,Bioscope,Weekly_Pass,2026-07-02,Success,17.0,76.0,4.0,0
017,Bioscope,WC_Premium,2026-07-05,Success,12.0,74.0,,0
018,Bioscope,Daily_Pass,2026-06-19,Success,6.0,87.0,5.0,0
015,Bioscope,Weekly_Pass,2026-07-06,Success,1.0,82.0,,0
017,Bioscope,Weekly_Pass,2026-07-05,Success,4.0,70.0,5.0,0
018,Toffee,Weekly_Pass,2026-06-19,Success,2.0,121.0,4.0,0
019,Bioscope,Daily_Pass,2026-06-16,Buffer_Timeout,3.0,9.0,1.0,0
016,Toffee,Daily_Pass,2026-07-07,Buffer_Timeout,5.0,3.0,,0
016,Toffee,Daily_Pass,2026-06-20,Buffer_Timeout,1.0,8.0,1.0,0
016,Bioscope,Daily_Pass,2026-06-13,Buffer_Timeout,2.0,14.0,1.0,0
013,Toffee,WC_Premium,2026-06-26,Buffer_Timeout,3.0,0.0,,1
017,Toffee,Weekly_Pass,2026-07-01,OTP_Failed,2.0,4.0,,1
019,Toffee,Daily_Pass,2026-07-02,Buffer_Timeout,0.0,1.0,2.0,0
019,Bioscope,Daily_Pass,2026-06-19,OTP_Failed,0.0,3.0,1.0,1
019,Toffee,Daily_Pass,2026-06-19,Stuck_at_Number_Screen,5.0,12.0,1.0,0
014,Bioscope,WC_Premium,2026-06-13,Success,7.0,88.0,5.0,0
018,Toffee,Weekly_Pass,2026-07-09,OTP_Failed,2.0,13.0,1.0,0
018,Toffee,WC_Premium,2026-07-03,Buffer_Timeout,2.0,5.0,1.0,1
019,Toffee,Daily_Pass,2026-07-10,Success,6.0,88.0,5.0,0
018,Bioscope,WC_Premium,2026-06-19,Success,7.0,79.0,4.0,0
016,Toffee,Daily_Pass,2026-06-22,Success,10.0,90.0,,0
019,Other_Partner,Daily_Pass,2026-06-13,OTP_Failed,1.0,8.0,1.0,0
019,Other_Partner,Daily_Pass,2026-07-06,OTP_Failed,1.0,0.0,1.0,0
017,Bioscope,Weekly_Pass,2026-06-15,Success,4.0,111.0,,0
013,Other_Partner,Daily_Pass,2026-07-10,Success,2.0,50.0,,0
017,Toffee,Weekly_Pass,2026-06-11,Buffer_Timeout,2.0,3.0,1.0,0
018,Bioscope,WC_Premium,2026-06-19,Stuck_at_Number_Screen,3.0,0.0,,0
017,Bioscope,Daily_Pass,2026-07-06,Success,10.0,80.0,4.0,0
018,Bioscope,Daily_Pass,2026-06-27,Stuck_at_Number_Screen,1.0,6.0,1.0,1
018,Bioscope,WC_Premium,2026-06-14,Success,16.0,110.0,,0
017,Bioscope,Weekly_Pass,2026-06-24,Success,2.0,108.0,5.0,0
018,Other_Partner,WC_Premium,2026-06-30,Stuck_at_Number_Screen,2.0,0.0,1.0,0
017,Toffee,Daily_Pass,2026-07-04,Stuck_at_Number_Screen,1.0,6.0,2.0,1
017,Bioscope,Daily_Pass,2026-06-15,Success,40.0,114.0,,1
019,Bioscope,Daily_Pass,2026-06-22,Success,6.0,95.0,5.0,0
013,Bioscope,WC_Premium,2026-06-23,Success,8.0,103.0,4.0,0
017,Toffee,WC_Premium,2026-06-23,Buffer_Timeout,1.0,2.0,1.0,0
018,Bioscope,WC_Premium,2026-06-29,Buffer_Timeout,1.0,4.0,2.0,1
019,Other_Partner,Weekly_Pass,2026-06-27,Success,6.0,41.0,4.0,0
017,Toffee,WC_Premium,2026-06-27,Success,2.0,81.0,,0
018,Bioscope,Weekly_Pass,2026-06-30,Success,5.0,80.0,3.0,0
017,Toffee,Weekly_Pass,2026-06-17,Stuck_at_Number_Screen,1.0,0.0,2.0,1
017,Other_Partner,WC_Premium,2026-06-25,Success,2.0,55.0,3.0,0
018,Toffee,Daily_Pass,2026-07-04,Success,16.0,104.0,5.0,0
018,Toffee,Daily_Pass,2026-06-11,OTP_Failed,4.0,12.0,2.0,1
018,Toffee,Daily_Pass,2026-07-09,Success,10.0,90.0,,1
016,Bioscope,WC_Premium,2026-06-18,Success,2.0,80.0,4.0,0
015,Toffee,Daily_Pass,2026-07-01,Success,6.0,80.0,4.0,0
018,Bioscope,Daily_Pass,2026-07-02,OTP_Failed,0.0,14.0,1.0,1
017,Other_Partner,WC_Premium,2026-07-10,Stuck_at_Number_Screen,0.0,6.0,1.0,0
019,Bioscope,Daily_Pass,2026-06-18,Success,9.0,86.0,4.0,0
017,Toffee,Daily_Pass,2026-06-20,Success,4.0,132.0,4.0,0
013,Other_Partner,Weekly_Pass,2026-06-27,Success,8.0,106.0,4.0,0
017,Bioscope,WC_Premium,2026-06-11,Success,0.0,112.0,5.0,0
017,Toffee,Daily_Pass,2026-07-04,Success,1.0,83.0,3.0,0
015,Toffee,Weekly_Pass,2026-06-24,OTP_Failed,3.0,10.0,,1
019,Toffee,Daily_Pass,2026-07-08,Buffer_Timeout,3.0,2.0,1.0,1
016,Bioscope,Weekly_Pass,2026-06-18,Stuck_at_Number_Screen,1.0,5.0,1.0,1
013,Toffee,Daily_Pass,2026-06-30,OTP_Failed,0.0,9.0,1.0,1
017,Toffee,Daily_Pass,2026-07-07,OTP_Failed,2.0,9.0,1.0,0
017,Bioscope,Weekly_Pass,2026-07-08,Buffer_Timeout,0.0,8.0,,0
017,Bioscope,WC_Premium,2026-06-25,Stuck_at_Number_Screen,2.0,0.0,1.0,1
018,Bioscope,WC_Premium,2026-07-09,OTP_Failed,1.0,1.0,2.0,0
016,Bioscope,WC_Premium,2026-07-01,Success,0.0,81.0,4.0,0
016,Toffee,Weekly_Pass,2026-07-05,Success,2.0,106.0,,0
017,Bioscope,Daily_Pass,2026-07-10,Success,5.0,87.0,4.0,0
015,Toffee,Daily_Pass,2026-06-28,Buffer_Timeout,1.0,0.0,1.0,0
016,Bioscope,WC_Premium,2026-07-10,Success,19.0,96.0,4.0,0
018,Bioscope,Weekly_Pass,2026-06-11,Success,1.0,109.0,4.0,0
018,Toffee,WC_Premium,2026-07-03,OTP_Failed,2.0,0.0,1.0,1
013,Other_Partner,Daily_Pass,2026-06-20,Success,1.0,71.0,4.0,0
017,Toffee,Daily_Pass,2026-06-14,Buffer_Timeout,0.0,1.0,1.0,0
013,Toffee,Daily_Pass,2026-06-17,Success,12.0,88.0,5.0,0
019,Other_Partner,Daily_Pass,2026-07-07,OTP_Failed,5.0,7.0,2.0,1
017,Bioscope,Daily_Pass,2026-06-29,OTP_Failed,2.0,7.0,2.0,0
017,Bioscope,Weekly_Pass,2026-06-21,Buffer_Timeout,2.0,4.0,1.0,1
017,Bioscope,Weekly_Pass,2026-06-30,Success,2.0,88.0,5.0,0
017,Bioscope,Daily_Pass,2026-06-20,Buffer_Timeout,0.0,5.0,2.0,0
019,Toffee,Daily_Pass,2026-07-04,Success,21.0,115.0,1.0,1
016,Toffee,WC_Premium,2026-06-27,Success,3.0,115.0,5.0,0
018,Toffee,Weekly_Pass,2026-07-10,Success,31.0,108.0,1.0,1
017,Toffee,Weekly_Pass,2026-06-17,OTP_Failed,0.0,3.0,1.0,1
018,Bioscope,Weekly_Pass,2026-06-17,Success,10.0,64.0,5.0,0
018,Toffee,WC_Premium,2026-07-02,Success,12.0,104.0,4.0,0
017,Toffee,Weekly_Pass,2026-07-07,OTP_Failed,0.0,3.0,1.0,1
013,Toffee,WC_Premium,2026-06-11,OTP_Failed,2.0,13.0,1.0,1
013,Bioscope,Weekly_Pass,2026-07-07,Success,1.0,58.0,4.0,0
018,Bioscope,Daily_Pass,2026-06-20,Success,13.0,84.0,5.0,0
018,Toffee,Daily_Pass,2026-06-14,Buffer_Timeout,0.0,15.0,,0
017,Bioscope,Weekly_Pass,2026-06-18,Success,0.0,98.0,4.0,0
013,Toffee,Weekly_Pass,2026-06-12,Success,21.0,71.0,1.0,1
018,Bioscope,Weekly_Pass,2026-06-20,OTP_Failed,0.0,0.0,2.0,1
018,Toffee,Daily_Pass,2026-07-09,Success,5.0,95.0,3.0,0
019,Toffee,Weekly_Pass,2026-07-07,Success,10.0,110.0,5.0,0
016,Bioscope,WC_Premium,2026-06-12,Success,1.0,124.0,,0
017,Other_Partner,Weekly_Pass,2026-07-01,Stuck_at_Number_Screen,1.0,0.0,1.0,1
017,Toffee,Weekly_Pass,2026-06-27,Buffer_Timeout,5.0,9.0,1.0,0
018,Bioscope,WC_Premium,2026-06-18,Success,1.0,64.0,5.0,0
017,Bioscope,Weekly_Pass,2026-07-06,Success,5.0,98.0,5.0,0
018,Other_Partner,Daily_Pass,2026-06-30,Success,10.0,65.0,5.0,0
014,Toffee,WC_Premium,2026-06-16,OTP_Failed,1.0,7.0,,1
018,Toffee,Daily_Pass,2026-07-09,Success,3.0,54.0,5.0,0
013,Bioscope,WC_Premium,2026-06-16,Stuck_at_Number_Screen,1.0,9.0,2.0,1
018,Toffee,Daily_Pass,2026-07-10,Success,8.0,103.0,5.0,1
018,Toffee,Daily_Pass,2026-06-30,OTP_Failed,1.0,8.0,2.0,0
018,Toffee,Daily_Pass,2026-07-01,Success,1.0,79.0,4.0,0
014,Bioscope,Daily_Pass,2026-07-07,Buffer_Timeout,2.0,4.0,,0
013,Toffee,Daily_Pass,2026-06-16,Success,13.0,103.0,5.0,1
015,Bioscope,Daily_Pass,2026-06-27,Stuck_at_Number_Screen,1.0,8.0,1.0,1
014,Toffee,WC_Premium,2026-06-16,OTP_Failed,5.0,14.0,1.0,1
017,Toffee,WC_Premium,2026-06-24,OTP_Failed,1.0,8.0,2.0,1
017,Toffee,WC_Premium,2026-06-17,Success,1.0,124.0,4.0,0
017,Toffee,WC_Premium,2026-06-16,Success,11.0,119.0,5.0,0
017,Bioscope,Weekly_Pass,2026-06-14,OTP_Failed,2.0,4.0,2.0,0
017,Bioscope,WC_Premium,2026-06-16,Stuck_at_Number_Screen,1.0,0.0,,1
016,Toffee,Weekly_Pass,2026-06-12,Success,15.0,82.0,,0
017,Toffee,Weekly_Pass,2026-06-11,Success,11.0,50.0,5.0,0
017,Bioscope,WC_Premium,2026-07-10,Success,8.0,80.0,4.0,0
019,Bioscope,Daily_Pass,2026-07-02,OTP_Failed,7.0,5.0,1.0,0
017,Bioscope,WC_Premium,2026-06-26,Stuck_at_Number_Screen,1.0,7.0,1.0,1
019,Bioscope,Weekly_Pass,2026-06-27,OTP_Failed,3.0,3.0,,0
017,Toffee,Daily_Pass,2026-06-20,Success,21.0,108.0,1.0,0
017,Bioscope,Daily_Pass,2026-06-30,Success,25.0,119.0,2.0,0
016,Toffee,Daily_Pass,2026-06-16,OTP_Failed,1.0,9.0,,1
018,Toffee,WC_Premium,2026-06-16,Success,9.0,109.0,4.0,0
019,Bioscope,WC_Premium,2026-06-18,Success,17.0,91.0,,0
016,Other_Partner,Daily_Pass,2026-06-22,Success,0.0,118.0,4.0,0
019,Bioscope,Daily_Pass,2026-06-21,Success,3.0,104.0,5.0,0
017,Toffee,Daily_Pass,2026-07-09,Stuck_at_Number_Screen,1.0,3.0,2.0,1
017,Toffee,WC_Premium,2026-06-11,Success,24.0,118.0,1.0,0
019,Toffee,Daily_Pass,2026-06-11,Success,5.0,63.0,5.0,0
019,Bioscope,WC_Premium,2026-07-07,Success,6.0,95.0,4.0,0
015,Toffee,Weekly_Pass,2026-06-18,OTP_Failed,5.0,0.0,1.0,1
013,Bioscope,WC_Premium,2026-06-23,Success,8.0,105.0,4.0,0
013,Toffee,Weekly_Pass,2026-06-15,OTP_Failed,1.0,2.0,2.0,1
019,Bioscope,Weekly_Pass,2026-06-15,Success,26.0,47.0,,0
017,Other_Partner,Weekly_Pass,2026-06-20,Success,2.0,73.0,5.0,0
014,Toffee,WC_Premium,2026-06-29,Success,2.0,121.0,5.0,0
019,Toffee,WC_Premium,2026-06-20,Buffer_Timeout,1.0,0.0,1.0,0
013,Bioscope,Weekly_Pass,2026-07-09,Success,15.0,54.0,5.0,0
019,Bioscope,Weekly_Pass,2026-07-06,OTP_Failed,1.0,10.0,2.0,1
019,Bioscope,WC_Premium,2026-06-19,Buffer_Timeout,0.0,1.0,1.0,0
017,Bioscope,WC_Premium,2026-07-06,Success,0.0,79.0,3.0,0
014,Toffee,Weekly_Pass,2026-06-18,OTP_Failed,6.0,1.0,1.0,0
018,Bioscope,Daily_Pass,2026-06-20,Success,1.0,74.0,4.0,0
019,Toffee,Daily_Pass,2026-07-08,Success,3.0,87.0,4.0,0
017,Other_Partner,WC_Premium,2026-07-04,Success,3.0,126.0,4.0,0
019,Toffee,Daily_Pass,2026-06-13,Stuck_at_Number_Screen,6.0,7.0,1.0,1
013,Bioscope,Daily_Pass,2026-06-23,Success,3.0,103.0,5.0,0
017,Toffee,Daily_Pass,2026-06-21,Success,4.0,101.0,,0
014,Toffee,Weekly_Pass,2026-07-05,Success,2.0,45.0,5.0,0
017,Toffee,Weekly_Pass,2026-06-15,Success,47.0,126.0,,1
017,Bioscope,Daily_Pass,2026-06-11,Buffer_Timeout,4.0,3.0,2.0,0
015,Bioscope,Daily_Pass,2026-06-12,Success,7.0,102.0,3.0,0
015,Bioscope,WC_Premium,2026-06-22,Buffer_Timeout,1.0,5.0,,0
018,Toffee,WC_Premium,2026-07-03,Stuck_at_Number_Screen,0.0,0.0,1.0,1
018,Bioscope,Daily_Pass,2026-06-23,Stuck_at_Number_Screen,1.0,0.0,2.0,1
013,Bioscope,Daily_Pass,2026-06-27,Success,2.0,73.0,,0
017,Toffee,Weekly_Pass,2026-06-12,Success,4.0,80.0,,0
017,Toffee,WC_Premium,2026-07-01,OTP_Failed,5.0,6.0,1.0,1
016,Toffee,WC_Premium,2026-07-01,Success,1.0,60.0,5.0,0
019,Toffee,WC_Premium,2026-06-16,Success,7.0,49.0,4.0,0
019,Toffee,WC_Premium,2026-07-02,Success,4.0,87.0,,0
019,Bioscope,Daily_Pass,2026-07-10,Buffer_Timeout,2.0,7.0,,0
017,Toffee,Daily_Pass,2026-07-07,Success,3.0,70.0,,0
018,Bioscope,Weekly_Pass,2026-06-25,Success,4.0,88.0,4.0,1
017,Other_Partner,WC_Premium,2026-06-25,Success,3.0,116.0,4.0,0
018,Bioscope,Weekly_Pass,2026-06-23,Success,3.0,69.0,,0
013,Bioscope,WC_Premium,2026-06-25,Success,3.0,112.0,5.0,0
019,Toffee,WC_Premium,2026-06-19,Success,0.0,76.0,5.0,0
013,Bioscope,WC_Premium,2026-06-22,Success,19.0,62.0,5.0,0
017,Toffee,Daily_Pass,2026-06-17,Success,5.0,73.0,5.0,0
017,Bioscope,Daily_Pass,2026-07-04,Success,8.0,106.0,4.0,0
019,Other_Partner,WC_Premium,2026-07-01,Success,5.0,74.0,,0
018,Bioscope,Daily_Pass,2026-06-19,Success,5.0,110.0,,0
017,Bioscope,Daily_Pass,2026-06-12,Success,4.0,85.0,,0
017,Toffee,WC_Premium,2026-06-17,OTP_Failed,1.0,0.0,1.0,1
016,Toffee,WC_Premium,2026-06-12,Success,1.0,73.0,,0
017,Bioscope,Daily_Pass,2026-07-04,Success,5.0,91.0,3.0,0
019,Toffee,WC_Premium,2026-06-23,Stuck_at_Number_Screen,0.0,1.0,1.0,1
016,Bioscope,Daily_Pass,2026-06-22,OTP_Failed,0.0,3.0,,0
017,Toffee,Daily_Pass,2026-07-01,Success,11.0,52.0,4.0,0
017,Bioscope,Weekly_Pass,2026-07-07,Buffer_Timeout,10.0,4.0,2.0,1
015,Toffee,WC_Premium,2026-07-04,OTP_Failed,1.0,4.0,,1
013,Bioscope,Daily_Pass,2026-07-01,Success,15.0,64.0,5.0,0
013,Bioscope,Daily_Pass,2026-06-25,Buffer_Timeout,1.0,7.0,2.0,0
019,Toffee,Daily_Pass,2026-06-13,Success,10.0,106.0,4.0,0
014,Toffee,WC_Premium,2026-06-29,Buffer_Timeout,1.0,12.0,1.0,1
015,Toffee,Weekly_Pass,2026-06-16,Success,1.0,92.0,4.0,0
019,Toffee,Weekly_Pass,2026-07-07,Success,1.0,104.0,5.0,0
013,Toffee,Daily_Pass,2026-06-17,OTP_Failed,2.0,8.0,2.0,1
017,Toffee,Weekly_Pass,2026-06-21,Success,3.0,99.0,5.0,0
019,Bioscope,Weekly_Pass,2026-07-03,Success,2.0,97.0,3.0,0
018,Toffee,WC_Premium,2026-06-13,OTP_Failed,1.0,0.0,2.0,1
013,Other_Partner,Daily_Pass,2026-06-12,Success,4.0,61.0,,0
014,Bioscope,WC_Premium,2026-07-01,Buffer_Timeout,1.0,9.0,1.0,0
017,Toffee,Weekly_Pass,2026-07-09,Success,12.0,130.0,5.0,0
018,Toffee,Daily_Pass,2026-06-29,Stuck_at_Number_Screen,2.0,3.0,1.0,1
017,Bioscope,Daily_Pass,2026-06-17,Success,27.0,105.0,1.0,1
018,Toffee,Weekly_Pass,2026-06-21,Success,5.0,93.0,,0
017,Bioscope,WC_Premium,2026-06-21,Success,2.0,86.0,,0
017,Bioscope,WC_Premium,2026-07-09,OTP_Failed,0.0,8.0,1.0,1
017,Toffee,Weekly_Pass,2026-06-13,Success,30.0,128.0,1.0,0
018,Bioscope,Daily_Pass,2026-07-04,Success,6.0,80.0,4.0,0
016,Toffee,Daily_Pass,2026-06-17,Success,6.0,100.0,,0
018,Toffee,Weekly_Pass,2026-06-21,Success,1.0,96.0,,0
015,Bioscope,WC_Premium,2026-07-04,Success,11.0,95.0,,0
013,Bioscope,WC_Premium,2026-06-22,Stuck_at_Number_Screen,2.0,11.0,1.0,1
017,Bioscope,Daily_Pass,2026-06-23,Success,15.0,70.0,4.0,0
019,Bioscope,Daily_Pass,2026-07-08,Success,7.0,70.0,,0
017,Bioscope,Daily_Pass,2026-06-11,Buffer_Timeout,2.0,4.0,1.0,0
015,Bioscope,WC_Premium,2026-07-08,OTP_Failed,1.0,1.0,1.0,0
017,Toffee,Weekly_Pass,2026-06-17,Buffer_Timeout,1.0,4.0,1.0,0
015,Bioscope,Daily_Pass,2026-06-30,Buffer_Timeout,5.0,3.0,,0
017,Bioscope,Daily_Pass,2026-07-05,Success,5.0,90.0,,0
019,Toffee,Daily_Pass,2026-06-30,Buffer_Timeout,2.0,9.0,,0
018,Bioscope,Weekly_Pass,2026-06-14,Success,0.0,72.0,,0
015,Toffee,WC_Premium,2026-06-13,Buffer_Timeout,0.0,0.0,1.0,0
017,Bioscope,WC_Premium,2026-06-27,Success,2.0,100.0,3.0,0
018,Bioscope,Weekly_Pass,2026-06-13,Success,1.0,68.0,5.0,0
015,Other_Partner,Daily_Pass,2026-06-20,OTP_Failed,0.0,13.0,1.0,1
018,Toffee,Weekly_Pass,2026-06-15,Stuck_at_Number_Screen,3.0,11.0,1.0,1
018,Bioscope,WC_Premium,2026-07-08,OTP_Failed,8.0,0.0,2.0,1
016,Toffee,Daily_Pass,2026-07-06,Success,0.0,122.0,5.0,0
018,Bioscope,WC_Premium,2026-06-26,Success,3.0,66.0,4.0,0
018,Bioscope,WC_Premium,2026-06-27,Stuck_at_Number_Screen,0.0,6.0,1.0,1
018,Bioscope,Weekly_Pass,2026-06-12,Success,34.0,70.0,1.0,1
014,Bioscope,Weekly_Pass,2026-06-27,Stuck_at_Number_Screen,2.0,13.0,1.0,1
017,Bioscope,WC_Premium,2026-06-18,Success,3.0,87.0,4.0,0
017,Toffee,Weekly_Pass,2026-06-19,Success,4.0,95.0,4.0,0
015,Toffee,Daily_Pass,2026-06-17,OTP_Failed,6.0,3.0,1.0,0
019,Bioscope,Daily_Pass,2026-06-11,Stuck_at_Number_Screen,0.0,8.0,1.0,1
018,Toffee,Daily_Pass,2026-06-30,Buffer_Timeout,1.0,4.0,1.0,1
018,Toffee,WC_Premium,2026-06-18,Success,48.0,109.0,1.0,0
017,Bioscope,Weekly_Pass,2026-06-19,Buffer_Timeout,2.0,8.0,2.0,0
017,Toffee,Weekly_Pass,2026-06-30,Buffer_Timeout,3.0,6.0,1.0,0
018,Toffee,WC_Premium,2026-06-26,Stuck_at_Number_Screen,2.0,10.0,,1
013,Bioscope,Daily_Pass,2026-06-28,Buffer_Timeout,3.0,9.0,1.0,1
018,Toffee,WC_Premium,2026-06-12,OTP_Failed,1.0,14.0,1.0,1
017,Toffee,Weekly_Pass,2026-06-30,Success,8.0,79.0,4.0,0
015,Toffee,Daily_Pass,2026-06-18,OTP_Failed,2.0,10.0,1.0,1
015,Bioscope,Daily_Pass,2026-07-02,Stuck_at_Number_Screen,2.0,5.0,2.0,1
016,Other_Partner,WC_Premium,2026-07-06,Buffer_Timeout,0.0,9.0,,0
018,Bioscope,WC_Premium,2026-07-04,Success,18.0,82.0,,1
017,Toffee,Daily_Pass,2026-07-07,OTP_Failed,5.0,0.0,,1
019,Other_Partner,WC_Premium,2026-06-28,OTP_Failed,1.0,8.0,1.0,1
016,Bioscope,WC_Premium,2026-06-26,Success,26.0,80.0,1.0,0
017,Bioscope,Daily_Pass,2026-06-29,Success,11.0,71.0,3.0,0
014,Bioscope,Daily_Pass,2026-07-06,Stuck_at_Number_Screen,0.0,4.0,1.0,1
019,Toffee,Daily_Pass,2026-07-02,Success,7.0,100.0,,0
014,Toffee,Weekly_Pass,2026-07-06,Success,6.0,126.0,5.0,0
016,Toffee,Weekly_Pass,2026-06-11,OTP_Failed,1.0,4.0,1.0,1
018,Toffee,Daily_Pass,2026-06-24,OTP_Failed,0.0,5.0,1.0,1
013,Bioscope,Weekly_Pass,2026-07-02,Success,20.0,87.0,4.0,0
014,Bioscope,Daily_Pass,2026-07-07,Buffer_Timeout,2.0,4.0,,0
019,Bioscope,Daily_Pass,2026-06-16,Success,10.0,86.0,5.0,0
017,Toffee,Weekly_Pass,2026-06-22,Success,7.0,95.0,,0
017,Toffee,Daily_Pass,2026-06-11,OTP_Failed,2.0,4.0,2.0,1
013,Toffee,Weekly_Pass,2026-07-10,Stuck_at_Number_Screen,2.0,10.0,1.0,1
019,Toffee,WC_Premium,2026-07-10,Success,15.0,96.0,5.0,0
015,Toffee,Daily_Pass,2026-06-29,Success,6.0,83.0,5.0,0
017,Bioscope,Daily_Pass,2026-06-11,OTP_Failed,2.0,7.0,,1
018,Toffee,Daily_Pass,2026-07-09,Stuck_at_Number_Screen,1.0,11.0,1.0,1
013,Other_Partner,Weekly_Pass,2026-07-02,Success,29.0,114.0,,0
015,Toffee,WC_Premium,2026-07-05,Success,5.0,101.0,5.0,0
019,Bioscope,Weekly_Pass,2026-06-16,Success,5.0,123.0,4.0,0
019,Bioscope,Weekly_Pass,2026-06-26,Success,11.0,125.0,4.0,0
018,Toffee,Daily_Pass,2026-07-08,Success,6.0,77.0,3.0,0
013,Bioscope,Daily_Pass,2026-07-09,Success,1.0,94.0,5.0,0
017,Bioscope,Daily_Pass,2026-07-08,Success,15.0,124.0,4.0,1
017,Bioscope,Weekly_Pass,2026-07-10,Success,12.0,82.0,4.0,0
019,Bioscope,Daily_Pass,2026-06-25,Success,6.0,102.0,4.0,0
019,Toffee,WC_Premium,2026-06-22,Success,1.0,85.0,4.0,0
015,Bioscope,Weekly_Pass,2026-07-07,Stuck_at_Number_Screen,3.0,0.0,1.0,1
015,Other_Partner,Daily_Pass,2026-06-16,Success,2.0,81.0,4.0,1
018,Toffee,Weekly_Pass,2026-06-25,OTP_Failed,1.0,3.0,2.0,1
019,Toffee,WC_Premium,2026-06-28,Stuck_at_Number_Screen,0.0,11.0,1.0,1
014,Other_Partner,Daily_Pass,2026-06-11,Success,10.0,118.0,4.0,0
019,Toffee,Daily_Pass,2026-06-30,Success,1.0,78.0,4.0,0
017,Bioscope,Weekly_Pass,2026-07-09,OTP_Failed,2.0,0.0,1.0,1
018,Bioscope,Weekly_Pass,2026-06-26,Success,4.0,119.0,4.0,0
017,Bioscope,Daily_Pass,2026-06-21,Success,0.0,62.0,,1
015,Toffee,WC_Premium,2026-07-10,Stuck_at_Number_Screen,1.0,7.0,1.0,1
018,Toffee,Weekly_Pass,2026-06-19,Success,2.0,126.0,,0
017,Toffee,WC_Premium,2026-06-26,OTP_Failed,1.0,0.0,1.0,1
016,Bioscope,Daily_Pass,2026-06-26,Buffer_Timeout,0.0,9.0,2.0,0
018,Bioscope,WC_Premium,2026-06-11,Success,18.0,87.0,4.0,0
013,Bioscope,Daily_Pass,2026-07-03,Success,16.0,92.0,4.0,0
017,Bioscope,Daily_Pass,2026-06-29,Success,1.0,87.0,5.0,0
016,Toffee,WC_Premium,2026-07-05,Buffer_Timeout,2.0,0.0,1.0,1
018,Toffee,Daily_Pass,2026-06-28,Success,28.0,106.0,1.0,0
019,Bioscope,WC_Premium,2026-06-12,Success,2.0,91.0,,0
018,Toffee,Weekly_Pass,2026-06-17,Success,6.0,69.0,5.0,0
019,Toffee,WC_Premium,2026-07-04,Success,6.0,138.0,3.0,0
018,Toffee,Weekly_Pass,2026-06-27,Success,11.0,83.0,,0
018,Toffee,WC_Premium,2026-07-05,Success,9.0,73.0,5.0,0
019,Toffee,Daily_Pass,2026-06-17,OTP_Failed,8.0,6.0,1.0,1
013,Bioscope,Weekly_Pass,2026-06-13,Buffer_Timeout,2.0,0.0,1.0,0
017,Other_Partner,WC_Premium,2026-06-23,Stuck_at_Number_Screen,1.0,0.0,1.0,1
017,Bioscope,WC_Premium,2026-07-10,Stuck_at_Number_Screen,1.0,7.0,2.0,1
019,Other_Partner,Daily_Pass,2026-07-03,Success,19.0,85.0,3.0,0
018,Other_Partner,Weekly_Pass,2026-07-08,Success,1.0,25.0,4.0,0
016,Bioscope,Weekly_Pass,2026-07-10,OTP_Failed,3.0,2.0,1.0,1
017,Toffee,Daily_Pass,2026-06-22,Success,28.0,81.0,2.0,1
017,Bioscope,Weekly_Pass,2026-07-10,Success,0.0,96.0,4.0,0
017,Toffee,WC_Premium,2026-06-23,Success,3.0,101.0,5.0,0
013,Toffee,Daily_Pass,2026-06-16,Success,2.0,98.0,5.0,0
018,Toffee,Weekly_Pass,2026-07-04,Success,5.0,108.0,4.0,0
013,Bioscope,WC_Premium,2026-07-04,Success,19.0,91.0,3.0,0
013,Toffee,Daily_Pass,2026-07-10,Success,0.0,72.0,5.0,0
014,Toffee,Weekly_Pass,2026-06-27,Stuck_at_Number_Screen,9.0,0.0,1.0,1
017,Toffee,WC_Premium,2026-06-25,Success,1.0,102.0,4.0,0
018,Bioscope,WC_Premium,2026-06-14,Buffer_Timeout,4.0,0.0,,0
019,Bioscope,WC_Premium,2026-06-28,Buffer_Timeout,0.0,8.0,1.0,0
013,Bioscope,WC_Premium,2026-07-04,Stuck_at_Number_Screen,3.0,0.0,1.0,1
018,Toffee,Daily_Pass,2026-07-04,Buffer_Timeout,1.0,4.0,2.0,1
019,Toffee,Weekly_Pass,2026-06-13,Success,14.0,102.0,3.0,0
014,Bioscope,WC_Premium,2026-07-09,OTP_Failed,1.0,1.0,1.0,1
017,Toffee,Daily_Pass,2026-06-30,Stuck_at_Number_Screen,2.0,12.0,1.0,1
014,Bioscope,Daily_Pass,2026-06-23,Success,9.0,63.0,3.0,0
018,Bioscope,WC_Premium,2026-06-11,Success,2.0,94.0,5.0,0
017,Bioscope,WC_Premium,2026-06-30,Success,4.0,88.0,5.0,0
018,Other_Partner,Weekly_Pass,2026-07-01,Success,14.0,97.0,4.0,0
015,Toffee,WC_Premium,2026-06-22,Buffer_Timeout,3.0,4.0,,0
018,Toffee,WC_Premium,2026-07-04,Success,4.0,140.0,4.0,0
017,Bioscope,WC_Premium,2026-06-14,Success,6.0,114.0,4.0,0
018,Toffee,WC_Premium,2026-06-22,Buffer_Timeout,2.0,7.0,1.0,1
017,Toffee,Weekly_Pass,2026-07-01,Success,5.0,122.0,4.0,0
017,Toffee,WC_Premium,2026-06-29,Stuck_at_Number_Screen,0.0,8.0,,1
017,Toffee,Weekly_Pass,2026-06-29,Buffer_Timeout,0.0,6.0,1.0,0
017,Toffee,WC_Premium,2026-06-15,Stuck_at_Number_Screen,1.0,0.0,,1
017,Toffee,WC_Premium,2026-06-12,OTP_Failed,0.0,13.0,1.0,1
017,Bioscope,Daily_Pass,2026-06-11,Stuck_at_Number_Screen,1.0,0.0,1.0,1
018,Bioscope,Daily_Pass,2026-06-15,OTP_Failed,6.0,9.0,2.0,0
017,Bioscope,Daily_Pass,2026-06-20,Success,1.0,105.0,4.0,0
017,Bioscope,WC_Premium,2026-07-10,Success,3.0,103.0,5.0,0
019,Toffee,WC_Premium,2026-07-09,Success,6.0,56.0,4.0,0
018,Toffee,Weekly_Pass,2026-06-27,OTP_Failed,0.0,4.0,1.0,0
016,Toffee,Weekly_Pass,2026-07-10,OTP_Failed,1.0,4.0,2.0,1
017,Bioscope,WC_Premium,2026-06-24,Success,10.0,82.0,4.0,0
017,Bioscope,Daily_Pass,2026-06-15,OTP_Failed,2.0,0.0,1.0,1
017,Toffee,Daily_Pass,2026-06-14,OTP_Failed,0.0,4.0,1.0,1
017,Toffee,Weekly_Pass,2026-06-23,OTP_Failed,1.0,0.0,,1
017,Other_Partner,WC_Premium,2026-07-06,Success,3.0,98.0,5.0,0
017,Bioscope,WC_Premium,2026-06-26,Success,3.0,102.0,4.0,0
017,Bioscope,Daily_Pass,2026-06-23,Success,3.0,89.0,5.0,0
017,Toffee,Daily_Pass,2026-07-07,Success,2.0,83.0,4.0,0
018,Toffee,Weekly_Pass,2026-07-09,Success,1.0,67.0,4.0,0
017,Bioscope,WC_Premium,2026-07-04,Stuck_at_Number_Screen,0.0,0.0,2.0,1
013,Bioscope,Weekly_Pass,2026-06-28,Success,13.0,103.0,4.0,0
018,Bioscope,Weekly_Pass,2026-06-17,Success,1.0,70.0,3.0,0
016,Bioscope,Daily_Pass,2026-06-18,Stuck_at_Number_Screen,1.0,11.0,1.0,1
017,Bioscope,WC_Premium,2026-06-15,Success,3.0,101.0,4.0,0
019,Bioscope,Daily_Pass,2026-06-26,OTP_Failed,2.0,5.0,1.0,1
018,Toffee,Daily_Pass,2026-06-24,Buffer_Timeout,0.0,8.0,1.0,0
017,Toffee,WC_Premium,2026-06-13,OTP_Failed,2.0,2.0,1.0,1
019,Bioscope,WC_Premium,2026-06-16,Stuck_at_Number_Screen,2.0,12.0,1.0,1
014,Toffee,Weekly_Pass,2026-06-23,OTP_Failed,2.0,0.0,1.0,0
017,Bioscope,Weekly_Pass,2026-06-27,Success,4.0,93.0,5.0,0
017,Bioscope,Daily_Pass,2026-06-29,Success,3.0,61.0,5.0,0
019,Other_Partner,Daily_Pass,2026-07-05,Success,24.0,103.0,1.0,0
016,Toffee,Daily_Pass,2026-06-21,Success,3.0,90.0,4.0,0
017,Toffee,Weekly_Pass,2026-06-20,Success,16.0,102.0,4.0,0
017,Bioscope,Daily_Pass,2026-07-09,Success,6.0,61.0,5.0,0
013,Bioscope,WC_Premium,2026-07-01,Stuck_at_Number_Screen,0.0,12.0,1.0,0
018,Bioscope,Daily_Pass,2026-07-02,Buffer_Timeout,0.0,0.0,,0
018,Toffee,Weekly_Pass,2026-06-19,Success,5.0,77.0,,0
013,Toffee,Weekly_Pass,2026-06-21,Success,6.0,108.0,4.0,0
018,Bioscope,Weekly_Pass,2026-06-12,OTP_Failed,3.0,7.0,2.0,1
016,Bioscope,Daily_Pass,2026-07-03,Stuck_at_Number_Screen,2.0,6.0,1.0,1
017,Bioscope,WC_Premium,2026-06-16,Success,0.0,97.0,5.0,0
017,Toffee,Weekly_Pass,2026-06-21,Success,2.0,47.0,4.0,0
016,Toffee,WC_Premium,2026-07-08,Success,1.0,61.0,5.0,0
019,Toffee,Weekly_Pass,2026-06-19,Success,0.0,69.0,4.0,0
018,Other_Partner,Daily_Pass,2026-07-07,OTP_Failed,1.0,1.0,2.0,0
018,Bioscope,Weekly_Pass,2026-06-27,Success,5.0,87.0,3.0,0
017,Toffee,Weekly_Pass,2026-06-24,Success,20.0,58.0,,0
013,Toffee,WC_Premium,2026-06-30,Success,1.0,48.0,4.0,0
018,Bioscope,WC_Premium,2026-07-07,Buffer_Timeout,0.0,0.0,1.0,1
017,Toffee,Daily_Pass,2026-06-13,Success,4.0,110.0,5.0,0
017,Bioscope,Daily_Pass,2026-06-27,Success,12.0,52.0,4.0,0
013,Bioscope,Daily_Pass,2026-06-14,Stuck_at_Number_Screen,4.0,0.0,1.0,1
017,Toffee,WC_Premium,2026-06-20,OTP_Failed,1.0,4.0,,1
017,Toffee,Daily_Pass,2026-06-23,OTP_Failed,1.0,4.0,2.0,1
017,Bioscope,Weekly_Pass,2026-07-02,Success,7.0,101.0,,0
017,Toffee,Weekly_Pass,2026-06-11,Buffer_Timeout,2.0,2.0,2.0,0
017,Toffee,Weekly_Pass,2026-06-19,Success,6.0,81.0,4.0,0
019,Other_Partner,Daily_Pass,2026-07-01,Success,8.0,85.0,4.0,0
018,Bioscope,Daily_Pass,2026-06-13,Success,5.0,91.0,5.0,0
016,Bioscope,Weekly_Pass,2026-06-25,Success,41.0,94.0,2.0,1
019,Toffee,Daily_Pass,2026-07-05,Success,8.0,69.0,,0
018,Toffee,Daily_Pass,2026-06-20,OTP_Failed,1.0,3.0,1.0,1
017,Toffee,Daily_Pass,2026-06-22,Success,1.0,87.0,5.0,0
018,Toffee,Weekly_Pass,2026-07-07,Stuck_at_Number_Screen,0.0,9.0,1.0,1
018,Bioscope,Daily_Pass,2026-06-11,OTP_Failed,1.0,0.0,2.0,1
016,Toffee,Daily_Pass,2026-06-24,OTP_Failed,2.0,12.0,1.0,1
013,Bioscope,Daily_Pass,2026-06-12,Stuck_at_Number_Screen,2.0,2.0,2.0,1
017,Toffee,Daily_Pass,2026-07-10,OTP_Failed,0.0,3.0,1.0,1
017,Toffee,Weekly_Pass,2026-07-09,OTP_Failed,0.0,0.0,,1
013,Other_Partner,Daily_Pass,2026-06-18,Success,14.0,85.0,5.0,0
018,Toffee,Weekly_Pass,2026-06-13,OTP_Failed,1.0,0.0,1.0,1
018,Toffee,Daily_Pass,2026-06-20,OTP_Failed,0.0,9.0,,1
013,Toffee,WC_Premium,2026-06-19,Success,2.0,124.0,5.0,0
015,Toffee,Daily_Pass,2026-06-15,Stuck_at_Number_Screen,1.0,7.0,1.0,1
018,Toffee,WC_Premium,2026-07-05,Success,2.0,109.0,,0
017,Toffee,WC_Premium,2026-07-08,Success,4.0,108.0,4.0,0
017,Bioscope,Weekly_Pass,2026-06-11,Success,1.0,98.0,4.0,0
017,Bioscope,WC_Premium,2026-06-15,OTP_Failed,1.0,8.0,1.0,1
017,Bioscope,Daily_Pass,2026-06-22,Buffer_Timeout,3.0,5.0,2.0,1
017,Toffee,Daily_Pass,2026-06-30,Stuck_at_Number_Screen,0.0,7.0,1.0,1
017,Bioscope,Daily_Pass,2026-06-17,OTP_Failed,0.0,7.0,,1
017,Toffee,Daily_Pass,2026-06-21,OTP_Failed,1.0,11.0,1.0,1
017,Bioscope,Daily_Pass,2026-06-11,Success,5.0,89.0,5.0,0
019,Bioscope,Weekly_Pass,2026-06-26,Success,5.0,124.0,,0
017,Toffee,Daily_Pass,2026-06-13,Success,1.0,88.0,5.0,0
018,Bioscope,Daily_Pass,2026-06-15,Success,2.0,82.0,5.0,0
013,Other_Partner,Daily_Pass,2026-06-18,Buffer_Timeout,1.0,10.0,1.0,0
015,Bioscope,Weekly_Pass,2026-07-10,Success,6.0,89.0,4.0,0
017,Toffee,WC_Premium,2026-07-04,OTP_Failed,1.0,2.0,2.0,1
013,Bioscope,Weekly_Pass,2026-06-29,Buffer_Timeout,1.0,1.0,,0
015,Other_Partner,Weekly_Pass,2026-06-26,Success,14.0,88.0,3.0,0
019,Toffee,Daily_Pass,2026-06-21,Success,1.0,81.0,4.0,1
019,Bioscope,WC_Premium,2026-07-01,Success,0.0,110.0,,0
017,Toffee,Daily_Pass,2026-07-08,Success,17.0,103.0,5.0,0
017,Toffee,WC_Premium,2026-06-19,OTP_Failed,1.0,7.0,1.0,1
016,Bioscope,Weekly_Pass,2026-06-21,Success,4.0,136.0,4.0,0
014,Bioscope,Daily_Pass,2026-06-28,Stuck_at_Number_Screen,0.0,11.0,2.0,1
018,Bioscope,WC_Premium,2026-06-22,Buffer_Timeout,6.0,14.0,1.0,1
018,Other_Partner,WC_Premium,2026-06-21,Success,14.0,77.0,,0
017,Toffee,Weekly_Pass,2026-06-17,Success,2.0,118.0,5.0,0
019,Toffee,Daily_Pass,2026-07-03,OTP_Failed,2.0,8.0,1.0,1
017,Other_Partner,WC_Premium,2026-06-28,Success,6.0,77.0,4.0,0
017,Toffee,Daily_Pass,2026-06-16,Success,3.0,70.0,4.0,0
013,Bioscope,Daily_Pass,2026-06-18,OTP_Failed,2.0,6.0,,1
018,Bioscope,Daily_Pass,2026-06-23,Success,7.0,91.0,4.0,0
017,Toffee,Weekly_Pass,2026-06-13,Buffer_Timeout,6.0,0.0,1.0,1
017,Toffee,WC_Premium,2026-07-05,Success,32.0,83.0,1.0,1
018,Bioscope,Daily_Pass,2026-07-04,Success,2.0,59.0,4.0,0
017,Bioscope,WC_Premium,2026-07-08,Buffer_Timeout,4.0,2.0,1.0,0
018,Bioscope,Daily_Pass,2026-07-10,Success,5.0,100.0,5.0,0
017,Bioscope,Daily_Pass,2026-06-13,Success,10.0,113.0,5.0,0
018,Toffee,Weekly_Pass,2026-07-03,Buffer_Timeout,0.0,10.0,1.0,1
018,Toffee,WC_Premium,2026-06-25,Success,3.0,71.0,,0
017,Toffee,WC_Premium,2026-06-18,Success,9.0,65.0,4.0,0
017,Toffee,WC_Premium,2026-06-25,Success,2.0,64.0,5.0,0
017,Toffee,Daily_Pass,2026-06-11,Success,1.0,92.0,,0
017,Toffee,WC_Premium,2026-06-13,OTP_Failed,2.0,15.0,2.0,1
015,Toffee,WC_Premium,2026-07-06,Success,26.0,70.0,1.0,0
017,Toffee,Daily_Pass,2026-06-22,OTP_Failed,3.0,10.0,2.0,1
019,Toffee,Weekly_Pass,2026-06-19,Success,1.0,74.0,4.0,0
017,Bioscope,Weekly_Pass,2026-06-17,Buffer_Timeout,3.0,0.0,,0
016,Bioscope,Weekly_Pass,2026-06-11,Success,5.0,54.0,4.0,0
019,Toffee,WC_Premium,2026-07-01,OTP_Failed,1.0,3.0,1.0,1
018,Other_Partner,Daily_Pass,2026-07-08,Buffer_Timeout,4.0,4.0,,0
018,Toffee,Weekly_Pass,2026-07-10,Success,4.0,106.0,4.0,0
013,Bioscope,Daily_Pass,2026-06-21,Success,1.0,143.0,3.0,0
017,Toffee,Weekly_Pass,2026-06-20,Success,21.0,98.0,1.0,0
014,Bioscope,WC_Premium,2026-06-29,Buffer_Timeout,1.0,12.0,,0
019,Toffee,Daily_Pass,2026-06-12,OTP_Failed,0.0,7.0,,1
015,Bioscope,Daily_Pass,2026-06-23,Buffer_Timeout,1.0,5.0,1.0,0
017,Toffee,WC_Premium,2026-07-10,OTP_Failed,2.0,15.0,,1
016,Bioscope,WC_Premium,2026-06-27,Success,2.0,59.0,,0
014,Toffee,Weekly_Pass,2026-06-12,Success,2.0,94.0,,0
017,Toffee,Daily_Pass,2026-06-11,Buffer_Timeout,1.0,7.0,1.0,0
017,Bioscope,Weekly_Pass,2026-07-02,Success,7.0,84.0,4.0,0
016,Toffee,WC_Premium,2026-07-05,Success,1.0,108.0,,0
018,Other_Partner,WC_Premium,2026-06-13,Success,9.0,80.0,,0
019,Toffee,Daily_Pass,2026-07-06,Success,3.0,60.0,,0
017,Toffee,Weekly_Pass,2026-06-20,Success,14.0,78.0,,0
019,Bioscope,Daily_Pass,2026-06-11,OTP_Failed,5.0,11.0,1.0,0
017,Toffee,Daily_Pass,2026-06-24,Success,1.0,89.0,5.0,0
017,Toffee,Weekly_Pass,2026-07-02,Success,10.0,63.0,,0
017,Bioscope,Daily_Pass,2026-06-16,Success,4.0,82.0,5.0,0
019,Bioscope,Daily_Pass,2026-06-28,OTP_Failed,0.0,11.0,,1
016,Other_Partner,WC_Premium,2026-06-30,Success,1.0,68.0,4.0,0
018,Toffee,Weekly_Pass,2026-07-10,Success,3.0,66.0,3.0,0
013,Bioscope,WC_Premium,2026-07-09,Buffer_Timeout,1.0,4.0,1.0,0
019,Toffee,Weekly_Pass,2026-06-24,Success,4.0,103.0,5.0,0
013,Toffee,WC_Premium,2026-06-22,Success,12.0,103.0,5.0,0
019,Bioscope,Daily_Pass,2026-07-07,Success,24.0,75.0,1.0,0
013,Toffee,Daily_Pass,2026-06-21,Success,29.0,127.0,1.0,0
013,Toffee,Weekly_Pass,2026-06-25,OTP_Failed,0.0,3.0,2.0,1
018,Toffee,Daily_Pass,2026-07-08,Stuck_at_Number_Screen,1.0,4.0,2.0,1
017,Bioscope,WC_Premium,2026-07-01,Success,5.0,44.0,,0
016,Other_Partner,Weekly_Pass,2026-06-16,OTP_Failed,3.0,6.0,2.0,1
018,Bioscope,Daily_Pass,2026-07-02,Buffer_Timeout,3.0,5.0,,0
017,Toffee,Weekly_Pass,2026-06-12,Success,1.0,109.0,4.0,0
019,Bioscope,WC_Premium,2026-06-24,Success,1.0,85.0,4.0,0
013,Bioscope,Daily_Pass,2026-06-15,OTP_Failed,0.0,5.0,1.0,1
018,Toffee,Daily_Pass,2026-06-25,Success,24.0,102.0,1.0,0
014,Toffee,WC_Premium,2026-06-15,OTP_Failed,1.0,1.0,1.0,1
018,Toffee,Daily_Pass,2026-06-20,OTP_Failed,2.0,0.0,1.0,1
017,Toffee,Daily_Pass,2026-06-24,Success,3.0,100.0,4.0,0
014,Bioscope,Daily_Pass,2026-06-28,Success,2.0,97.0,4.0,0
018,Toffee,Weekly_Pass,2026-07-03,Success,23.0,83.0,2.0,0
017,Toffee,Weekly_Pass,2026-07-06,Success,1.0,94.0,5.0,0
017,Other_Partner,Weekly_Pass,2026-06-12,Success,36.0,97.0,2.0,1
019,Bioscope,WC_Premium,2026-06-27,Stuck_at_Number_Screen,3.0,5.0,1.0,1
018,Bioscope,WC_Premium,2026-07-08,Success,11.0,94.0,3.0,0
018,Toffee,WC_Premium,2026-06-16,OTP_Failed,2.0,8.0,,0
019,Toffee,Weekly_Pass,2026-06-11,Success,11.0,111.0,,0
019,Toffee,Daily_Pass,2026-06-14,OTP_Failed,4.0,5.0,2.0,1
017,Toffee,WC_Premium,2026-06-30,Stuck_at_Number_Screen,1.0,6.0,,1
017,Toffee,Daily_Pass,2026-07-02,Stuck_at_Number_Screen,1.0,1.0,1.0,1
017,Bioscope,WC_Premium,2026-07-08,Success,0.0,111.0,5.0,0
016,Toffee,Daily_Pass,2026-06-25,Success,1.0,97.0,4.0,0
017,Toffee,WC_Premium,2026-07-01,Success,0.0,87.0,5.0,0
018,Toffee,WC_Premium,2026-06-14,Success,11.0,82.0,4.0,1
019,Bioscope,Daily_Pass,2026-07-02,Buffer_Timeout,2.0,8.0,1.0,1
019,Bioscope,Daily_Pass,2026-07-06,Success,6.0,127.0,4.0,0
017,Bioscope,Daily_Pass,2026-06-15,OTP_Failed,3.0,9.0,1.0,1
019,Toffee,Weekly_Pass,2026-07-03,OTP_Failed,4.0,1.0,1.0,0
017,Toffee,Daily_Pass,2026-07-01,OTP_Failed,7.0,1.0,1.0,1
019,Toffee,Weekly_Pass,2026-07-05,OTP_Failed,1.0,3.0,,1
017,Toffee,Daily_Pass,2026-06-29,Success,14.0,81.0,4.0,1
013,Bioscope,Daily_Pass,2026-06-25,Success,1.0,92.0,,0
019,Other_Partner,Weekly_Pass,2026-06-24,OTP_Failed,0.0,7.0,1.0,1
017,Bioscope,Weekly_Pass,2026-06-23,Stuck_at_Number_Screen,3.0,11.0,2.0,1
017,Other_Partner,Daily_Pass,2026-06-28,Success,16.0,132.0,5.0,0
016,Bioscope,WC_Premium,2026-07-09,Success,2.0,76.0,4.0,0
016,Toffee,WC_Premium,2026-06-11,Success,3.0,148.0,,0
018,Other_Partner,Daily_Pass,2026-07-01,Success,4.0,98.0,,0
016,Toffee,Daily_Pass,2026-06-21,Success,2.0,56.0,4.0,0
018,Bioscope,WC_Premium,2026-06-22,Stuck_at_Number_Screen,2.0,5.0,1.0,1
017,Toffee,Daily_Pass,2026-07-09,Success,10.0,94.0,5.0,0
017,Toffee,Daily_Pass,2026-07-04,Success,2.0,64.0,3.0,0
017,Bioscope,Weekly_Pass,2026-07-05,Success,39.0,75.0,1.0,1
014,Toffee,Daily_Pass,2026-06-13,OTP_Failed,8.0,12.0,2.0,0
018,Toffee,Daily_Pass,2026-07-03,Success,22.0,78.0,1.0,0
013,Toffee,WC_Premium,2026-06-26,Success,54.0,112.0,1.0,1
018,Toffee,Daily_Pass,2026-06-14,Success,0.0,135.0,5.0,0
014,Other_Partner,WC_Premium,2026-06-26,Success,0.0,75.0,3.0,0
017,Bioscope,Daily_Pass,2026-07-03,Success,3.0,139.0,5.0,0
018,Toffee,WC_Premium,2026-07-01,Stuck_at_Number_Screen,0.0,5.0,1.0,1
018,Toffee,Weekly_Pass,2026-06-16,Success,8.0,82.0,,0
018,Bioscope,Daily_Pass,2026-07-04,OTP_Failed,2.0,12.0,1.0,1
017,Toffee,WC_Premium,2026-07-06,OTP_Failed,2.0,0.0,1.0,1
019,Toffee,WC_Premium,2026-07-09,OTP_Failed,1.0,6.0,1.0,0
014,Toffee,Daily_Pass,2026-07-06,OTP_Failed,1.0,3.0,2.0,1
018,Bioscope,WC_Premium,2026-07-05,Stuck_at_Number_Screen,1.0,8.0,1.0,1
016,Toffee,Weekly_Pass,2026-06-18,Stuck_at_Number_Screen,1.0,9.0,2.0,1
014,Toffee,WC_Premium,2026-06-16,Success,6.0,109.0,4.0,1
016,Toffee,WC_Premium,2026-07-08,OTP_Failed,0.0,9.0,1.0,0
017,Toffee,Daily_Pass,2026-07-01,Success,14.0,75.0,4.0,1
018,Bioscope,Daily_Pass,2026-06-14,Success,4.0,82.0,4.0,0
018,Toffee,Weekly_Pass,2026-07-10,Success,1.0,100.0,5.0,0
013,Toffee,WC_Premium,2026-06-12,Buffer_Timeout,5.0,8.0,1.0,1
016,Toffee,Daily_Pass,2026-06-18,OTP_Failed,1.0,15.0,1.0,0
014,Toffee,Weekly_Pass,2026-06-13,OTP_Failed,4.0,0.0,1.0,1
014,Bioscope,Daily_Pass,2026-06-26,Success,21.0,124.0,1.0,0
018,Bioscope,WC_Premium,2026-06-16,Success,1.0,74.0,4.0,0
017,Toffee,Weekly_Pass,2026-06-27,Success,10.0,87.0,5.0,0
015,Toffee,WC_Premium,2026-07-01,OTP_Failed,3.0,10.0,1.0,1
019,Toffee,WC_Premium,2026-06-13,Success,9.0,77.0,4.0,0
017,Bioscope,Daily_Pass,2026-06-24,Success,8.0,102.0,,0
014,Bioscope,Daily_Pass,2026-06-11,Buffer_Timeout,0.0,9.0,1.0,0
019,Toffee,WC_Premium,2026-06-17,Stuck_at_Number_Screen,6.0,15.0,1.0,1
018,Bioscope,Daily_Pass,2026-07-04,Buffer_Timeout,2.0,7.0,1.0,0
018,Bioscope,WC_Premium,2026-06-20,Success,1.0,115.0,5.0,0
013,Other_Partner,WC_Premium,2026-07-05,Buffer_Timeout,1.0,15.0,1.0,1
017,Toffee,Weekly_Pass,2026-06-30,Stuck_at_Number_Screen,4.0,11.0,1.0,1
017,Toffee,Daily_Pass,2026-06-12,Stuck_at_Number_Screen,3.0,0.0,1.0,1
019,Toffee,Daily_Pass,2026-06-24,Buffer_Timeout,1.0,4.0,1.0,1
017,Bioscope,Weekly_Pass,2026-06-18,Buffer_Timeout,1.0,5.0,1.0,0
017,Bioscope,Daily_Pass,2026-07-05,Success,0.0,109.0,5.0,0
013,Bioscope,Weekly_Pass,2026-06-30,Success,4.0,49.0,4.0,0
018,Toffee,Weekly_Pass,2026-06-16,OTP_Failed,2.0,0.0,2.0,1
014,Toffee,Daily_Pass,2026-07-08,OTP_Failed,0.0,13.0,,1
017,Toffee,Daily_Pass,2026-06-15,Success,1.0,81.0,4.0,0
017,Bioscope,WC_Premium,2026-07-09,OTP_Failed,1.0,1.0,1.0,0
016,Toffee,Weekly_Pass,2026-07-05,Success,10.0,86.0,,0
018,Toffee,Weekly_Pass,2026-06-22,Success,3.0,74.0,5.0,0
017,Bioscope,WC_Premium,2026-06-21,Success,9.0,90.0,5.0,0
018,Toffee,Weekly_Pass,2026-06-30,Success,4.0,89.0,5.0,0
017,Toffee,WC_Premium,2026-07-03,OTP_Failed,0.0,5.0,,1
017,Toffee,Daily_Pass,2026-06-28,Buffer_Timeout,2.0,0.0,1.0,0
018,Bioscope,WC_Premium,2026-06-11,OTP_Failed,1.0,10.0,2.0,0
013,Bioscope,Daily_Pass,2026-06-11,OTP_Failed,4.0,10.0,1.0,1
014,Other_Partner,WC_Premium,2026-06-15,Success,2.0,88.0,4.0,0
013,Toffee,WC_Premium,2026-06-17,Success,10.0,95.0,3.0,1
018,Other_Partner,Daily_Pass,2026-06-22,Stuck_at_Number_Screen,5.0,5.0,2.0,1
018,Bioscope,Weekly_Pass,2026-06-15,OTP_Failed,0.0,14.0,1.0,1
017,Bioscope,WC_Premium,2026-06-24,Success,0.0,79.0,5.0,0
016,Other_Partner,Daily_Pass,2026-06-30,Stuck_at_Number_Screen,0.0,5.0,1.0,1
017,Toffee,WC_Premium,2026-07-10,Buffer_Timeout,0.0,15.0,1.0,0
015,Toffee,Daily_Pass,2026-06-19,Success,8.0,85.0,,0
017,Toffee,WC_Premium,2026-06-28,Success,0.0,59.0,,0
013,Bioscope,Daily_Pass,2026-06-28,Success,1.0,89.0,5.0,0
017,Bioscope,Weekly_Pass,2026-06-20,Success,8.0,123.0,,0
015,Bioscope,Daily_Pass,2026-06-27,Buffer_Timeout,0.0,10.0,1.0,1
018,Toffee,Daily_Pass,2026-06-15,Buffer_Timeout,3.0,4.0,,0
018,Toffee,Weekly_Pass,2026-07-08,OTP_Failed,0.0,9.0,1.0,1
017,Toffee,Weekly_Pass,2026-06-15,OTP_Failed,3.0,15.0,1.0,1
016,Bioscope,Daily_Pass,2026-06-11,OTP_Failed,2.0,0.0,2.0,0
017,Toffee,WC_Premium,2026-06-16,Success,29.0,59.0,,0
019,Other_Partner,Daily_Pass,2026-07-01,Success,3.0,76.0,4.0,1
017,Toffee,WC_Premium,2026-06-17,Stuck_at_Number_Screen,1.0,3.0,1.0,1
017,Toffee,Weekly_Pass,2026-06-21,Stuck_at_Number_Screen,0.0,1.0,1.0,1
017,Bioscope,Weekly_Pass,2026-07-08,Success,3.0,107.0,4.0,0
018,Toffee,Daily_Pass,2026-06-11,Success,40.0,120.0,1.0,0
018,Toffee,Weekly_Pass,2026-06-13,Success,7.0,116.0,5.0,0
017,Toffee,Weekly_Pass,2026-06-23,OTP_Failed,2.0,10.0,1.0,1
019,Toffee,Daily_Pass,2026-06-26,Success,3.0,93.0,,0
018,Other_Partner,Daily_Pass,2026-07-06,Success,20.0,119.0,,0
018,Bioscope,Daily_Pass,2026-06-23,Stuck_at_Number_Screen,2.0,5.0,2.0,1
013,Toffee,Daily_Pass,2026-06-19,Success,11.0,110.0,5.0,0
013,Bioscope,Daily_Pass,2026-06-16,Success,53.0,82.0,1.0,1
018,Toffee,Daily_Pass,2026-06-28,Stuck_at_Number_Screen,1.0,3.0,,1
017,Bioscope,Weekly_Pass,2026-07-09,Success,15.0,53.0,,0
017,Other_Partner,Daily_Pass,2026-07-05,Success,26.0,97.0,1.0,0
019,Bioscope,Daily_Pass,2026-06-13,Success,13.0,96.0,3.0,0
014,Toffee,Daily_Pass,2026-06-29,Success,14.0,69.0,4.0,0
013,Toffee,Weekly_Pass,2026-06-28,Success,4.0,60.0,4.0,0
017,Toffee,Daily_Pass,2026-06-15,OTP_Failed,3.0,3.0,,1
018,Bioscope,Weekly_Pass,2026-06-13,Success,2.0,90.0,5.0,0
013,Bioscope,WC_Premium,2026-07-02,Success,0.0,93.0,5.0,0
017,Toffee,Weekly_Pass,2026-06-15,Success,10.0,89.0,4.0,0
017,Other_Partner,Daily_Pass,2026-06-21,Success,9.0,104.0,5.0,0
016,Toffee,Weekly_Pass,2026-07-05,OTP_Failed,1.0,3.0,1.0,1
016,Toffee,Daily_Pass,2026-07-06,Success,20.0,100.0,3.0,0
017,Toffee,WC_Premium,2026-06-20,Success,2.0,76.0,5.0,0
017,Toffee,WC_Premium,2026-06-24,Success,2.0,93.0,,0
017,Toffee,Weekly_Pass,2026-07-08,Success,18.0,94.0,5.0,0
016,Bioscope,WC_Premium,2026-06-29,Success,2.0,86.0,4.0,1
017,Toffee,Weekly_Pass,2026-06-29,OTP_Failed,0.0,6.0,1.0,0
017,Toffee,Daily_Pass,2026-06-14,Success,23.0,59.0,1.0,0
019,Bioscope,Daily_Pass,2026-07-01,Success,1.0,86.0,,0
017,Toffee,Weekly_Pass,2026-06-20,Success,0.0,45.0,,0
016,Bioscope,WC_Premium,2026-07-04,Success,8.0,69.0,,0
017,Toffee,WC_Premium,2026-06-28,Success,13.0,88.0,4.0,0
017,Bioscope,Weekly_Pass,2026-07-06,Success,14.0,92.0,5.0,0
017,Other_Partner,Daily_Pass,2026-06-27,OTP_Failed,1.0,3.0,1.0,1
016,Toffee,Weekly_Pass,2026-07-03,OTP_Failed,11.0,0.0,,1
019,Bioscope,WC_Premium,2026-06-18,Success,3.0,75.0,4.0,0
019,Bioscope,Weekly_Pass,2026-06-15,Success,21.0,111.0,,0
013,Bioscope,Weekly_Pass,2026-06-18,Success,22.0,83.0,1.0,0
016,Toffee,Weekly_Pass,2026-07-10,OTP_Failed,1.0,15.0,1.0,1
017,Toffee,WC_Premium,2026-06-18,OTP_Failed,2.0,8.0,1.0,1
017,Bioscope,WC_Premium,2026-06-14,Success,3.0,111.0,3.0,1
019,Bioscope,Daily_Pass,2026-06-20,Success,17.0,73.0,,0
017,Toffee,Daily_Pass,2026-07-07,Buffer_Timeout,1.0,6.0,1.0,0
017,Toffee,WC_Premium,2026-06-29,Success,2.0,68.0,4.0,1
017,Toffee,WC_Premium,2026-07-09,Success,5.0,84.0,4.0,0
017,Toffee,Daily_Pass,2026-06-19,OTP_Failed,1.0,1.0,1.0,1
017,Toffee,Weekly_Pass,2026-06-25,Success,19.0,100.0,4.0,0
018,Toffee,WC_Premium,2026-06-30,Success,0.0,85.0,4.0,0
013,Toffee,WC_Premium,2026-06-16,OTP_Failed,2.0,2.0,1.0,1
019,Toffee,WC_Premium,2026-06-28,Stuck_at_Number_Screen,4.0,6.0,2.0,1
019,Other_Partner,Daily_Pass,2026-07-03,Success,25.0,81.0,,1
017,Toffee,WC_Premium,2026-06-22,Success,11.0,133.0,5.0,0
017,Toffee,Daily_Pass,2026-06-17,OTP_Failed,3.0,2.0,1.0,1
013,Toffee,WC_Premium,2026-07-02,Stuck_at_Number_Screen,0.0,0.0,1.0,1
018,Other_Partner,Daily_Pass,2026-06-22,Success,3.0,92.0,4.0,0
017,Bioscope,Weekly_Pass,2026-06-24,Success,14.0,85.0,5.0,1
018,Bioscope,Weekly_Pass,2026-06-24,Buffer_Timeout,2.0,4.0,1.0,0
013,Toffee,WC_Premium,2026-06-21,Success,20.0,73.0,,0
018,Bioscope,Weekly_Pass,2026-06-27,Success,2.0,84.0,4.0,0
013,Toffee,Daily_Pass,2026-06-28,Success,5.0,87.0,5.0,0
017,Toffee,WC_Premium,2026-06-13,Success,1.0,113.0,4.0,0
014,Bioscope,Daily_Pass,2026-06-29,Stuck_at_Number_Screen,3.0,11.0,1.0,1
019,Bioscope,Daily_Pass,2026-06-16,Success,7.0,70.0,4.0,0
017,Bioscope,WC_Premium,2026-07-07,Success,12.0,125.0,4.0,0
019,Bioscope,Weekly_Pass,2026-06-18,OTP_Failed,0.0,9.0,1.0,0
018,Other_Partner,WC_Premium,2026-06-13,Success,20.0,115.0,4.0,0
019,Toffee,Weekly_Pass,2026-06-30,Stuck_at_Number_Screen,4.0,10.0,1.0,1
019,Toffee,WC_Premium,2026-06-19,Success,2.0,73.0,5.0,0
013,Toffee,WC_Premium,2026-06-22,Success,9.0,94.0,4.0,0
017,Bioscope,Weekly_Pass,2026-06-18,Success,20.0,105.0,4.0,0
017,Toffee,WC_Premium,2026-06-18,Success,8.0,38.0,4.0,0
018,Bioscope,Weekly_Pass,2026-06-11,Success,6.0,113.0,3.0,0
018,Toffee,WC_Premium,2026-07-05,OTP_Failed,6.0,3.0,1.0,1
017,Toffee,WC_Premium,2026-06-17,Success,3.0,53.0,,0
017,Toffee,Daily_Pass,2026-07-10,Success,1.0,81.0,4.0,0
019,Toffee,Weekly_Pass,2026-06-20,OTP_Failed,0.0,12.0,1.0,1
015,Bioscope,WC_Premium,2026-06-26,Success,7.0,77.0,,0
018,Toffee,Daily_Pass,2026-06-14,Success,5.0,88.0,4.0,0
017,Toffee,Daily_Pass,2026-06-23,Success,7.0,72.0,5.0,0
017,Toffee,Weekly_Pass,2026-07-02,Success,2.0,102.0,5.0,0
017,Toffee,Daily_Pass,2026-06-27,Buffer_Timeout,2.0,0.0,1.0,0
014,Toffee,WC_Premium,2026-07-09,OTP_Failed,4.0,10.0,1.0,1
017,Toffee,Daily_Pass,2026-06-21,Success,17.0,62.0,4.0,0
018,Bioscope,Daily_Pass,2026-06-25,Success,4.0,89.0,4.0,0
017,Toffee,WC_Premium,2026-07-04,Success,3.0,72.0,3.0,0
018,Toffee,Daily_Pass,2026-06-26,Stuck_at_Number_Screen,2.0,11.0,2.0,1
016,Bioscope,Weekly_Pass,2026-06-19,Buffer_Timeout,1.0,4.0,,0
019,Toffee,WC_Premium,2026-06-26,Success,12.0,89.0,,0
017,Toffee,WC_Premium,2026-07-05,Buffer_Timeout,1.0,6.0,1.0,0
017,Bioscope,WC_Premium,2026-07-10,Success,6.0,112.0,5.0,0
017,Toffee,Daily_Pass,2026-06-22,Success,4.0,80.0,3.0,0
014,Bioscope,Daily_Pass,2026-06-19,Success,6.0,108.0,5.0,0
019,Toffee,Daily_Pass,2026-06-25,OTP_Failed,0.0,6.0,1.0,1
018,Bioscope,Daily_Pass,2026-07-09,Success,1.0,109.0,4.0,0
018,Other_Partner,Weekly_Pass,2026-06-27,Stuck_at_Number_Screen,1.0,8.0,1.0,1
016,Toffee,Daily_Pass,2026-07-06,Success,9.0,103.0,,0
017,Toffee,Weekly_Pass,2026-07-06,OTP_Failed,3.0,7.0,1.0,1
014,Toffee,Daily_Pass,2026-06-22,Success,1.0,71.0,4.0,0
013,Toffee,Weekly_Pass,2026-06-20,Success,2.0,77.0,5.0,0
013,Bioscope,Daily_Pass,2026-07-05,Success,12.0,83.0,5.0,0
018,Bioscope,Daily_Pass,2026-07-06,Stuck_at_Number_Screen,3.0,11.0,2.0,1
017,Toffee,Weekly_Pass,2026-06-16,OTP_Failed,3.0,0.0,1.0,1
017,Bioscope,Weekly_Pass,2026-07-07,Success,3.0,95.0,5.0,0
016,Toffee,WC_Premium,2026-07-08,Success,1.0,110.0,4.0,0
017,Bioscope,WC_Premium,2026-06-16,Stuck_at_Number_Screen,5.0,0.0,2.0,1
018,Bioscope,WC_Premium,2026-06-11,Success,5.0,90.0,5.0,0
017,Bioscope,Weekly_Pass,2026-06-12,Buffer_Timeout,4.0,7.0,,0
013,Toffee,Daily_Pass,2026-07-07,Buffer_Timeout,4.0,8.0,1.0,0
017,Bioscope,Daily_Pass,2026-06-20,Success,4.0,86.0,4.0,0
013,Toffee,WC_Premium,2026-06-18,OTP_Failed,2.0,7.0,1.0,1
016,Bioscope,Daily_Pass,2026-06-28,OTP_Failed,1.0,0.0,1.0,1
017,Toffee,Daily_Pass,2026-06-20,Success,4.0,103.0,4.0,0
018,Toffee,Daily_Pass,2026-06-19,Success,6.0,101.0,5.0,0
018,Bioscope,Daily_Pass,2026-06-30,Success,12.0,70.0,5.0,0
016,Bioscope,WC_Premium,2026-06-21,Buffer_Timeout,1.0,4.0,,0
014,Toffee,Daily_Pass,2026-06-14,OTP_Failed,2.0,1.0,1.0,1
016,Other_Partner,Weekly_Pass,2026-07-10,Success,3.0,41.0,5.0,0
017,Bioscope,Daily_Pass,2026-07-08,Success,10.0,59.0,4.0,0
017,Bioscope,Weekly_Pass,2026-06-15,Success,6.0,61.0,4.0,0
017,Bioscope,WC_Premium,2026-06-17,Stuck_at_Number_Screen,2.0,5.0,,0
018,Toffee,Daily_Pass,2026-07-07,Success,2.0,74.0,,0
017,Bioscope,WC_Premium,2026-06-27,OTP_Failed,1.0,1.0,1.0,1
018,Toffee,Daily_Pass,2026-06-19,Success,3.0,101.0,5.0,0
018,Toffee,Weekly_Pass,2026-06-25,OTP_Failed,1.0,3.0,1.0,1
017,Bioscope,WC_Premium,2026-06-16,Success,11.0,136.0,3.0,0
019,Bioscope,WC_Premium,2026-07-09,Success,3.0,105.0,5.0,0
017,Bioscope,Daily_Pass,2026-06-15,OTP_Failed,3.0,0.0,1.0,1
017,Bioscope,Daily_Pass,2026-06-23,OTP_Failed,0.0,4.0,1.0,1
016,Bioscope,Daily_Pass,2026-07-01,Buffer_Timeout,1.0,0.0,2.0,0
018,Toffee,Daily_Pass,2026-06-27,OTP_Failed,1.0,6.0,1.0,1
016,Other_Partner,Daily_Pass,2026-06-11,Success,18.0,117.0,3.0,0
013,Toffee,Daily_Pass,2026-07-03,Buffer_Timeout,4.0,10.0,2.0,0
017,Bioscope,Weekly_Pass,2026-06-28,Stuck_at_Number_Screen,2.0,2.0,1.0,1
019,Bioscope,WC_Premium,2026-06-24,Success,4.0,59.0,3.0,0
019,Bioscope,Daily_Pass,2026-06-22,Success,1.0,96.0,4.0,0
016,Toffee,WC_Premium,2026-06-14,Buffer_Timeout,5.0,7.0,1.0,0
017,Other_Partner,WC_Premium,2026-06-18,Success,2.0,124.0,4.0,0
018,Bioscope,WC_Premium,2026-06-16,Stuck_at_Number_Screen,2.0,6.0,1.0,1
013,Other_Partner,WC_Premium,2026-07-08,Success,7.0,122.0,4.0,0
017,Toffee,WC_Premium,2026-06-30,OTP_Failed,0.0,4.0,,1
014,Bioscope,WC_Premium,2026-07-03,Success,10.0,130.0,5.0,0
017,Bioscope,Weekly_Pass,2026-07-03,Success,3.0,133.0,5.0,0
015,Bioscope,Weekly_Pass,2026-06-27,Stuck_at_Number_Screen,0.0,7.0,2.0,1
013,Other_Partner,WC_Premium,2026-06-11,Success,10.0,110.0,4.0,0
017,Toffee,Daily_Pass,2026-07-01,Success,4.0,96.0,3.0,0
018,Toffee,Daily_Pass,2026-06-17,Success,7.0,102.0,3.0,0
019,Toffee,WC_Premium,2026-06-16,Success,6.0,97.0,4.0,0
016,Toffee,Weekly_Pass,2026-06-27,Success,0.0,67.0,5.0,0
019,Other_Partner,WC_Premium,2026-07-03,Success,4.0,70.0,4.0,0
016,Toffee,Daily_Pass,2026-06-27,Success,2.0,78.0,4.0,0
016,Toffee,Weekly_Pass,2026-06-24,Success,11.0,100.0,4.0,0
019,Toffee,Daily_Pass,2026-06-12,Stuck_at_Number_Screen,1.0,9.0,1.0,1
017,Bioscope,WC_Premium,2026-06-26,Success,6.0,102.0,4.0,0
018,Toffee,Daily_Pass,2026-07-07,Success,3.0,119.0,4.0,0
017,Toffee,WC_Premium,2026-06-23,Buffer_Timeout,10.0,8.0,1.0,0
015,Toffee,Daily_Pass,2026-06-26,OTP_Failed,0.0,0.0,,1
014,Toffee,Daily_Pass,2026-06-23,Success,14.0,138.0,4.0,0
017,Other_Partner,Daily_Pass,2026-07-06,Success,9.0,77.0,5.0,0
016,Toffee,Daily_Pass,2026-06-21,OTP_Failed,1.0,6.0,2.0,1
014,Bioscope,Weekly_Pass,2026-07-03,Success,8.0,118.0,4.0,0
017,Other_Partner,Daily_Pass,2026-06-11,OTP_Failed,2.0,6.0,1.0,1
018,Bioscope,Weekly_Pass,2026-06-23,Success,3.0,108.0,5.0,0
014,Other_Partner,Daily_Pass,2026-07-07,Buffer_Timeout,3.0,14.0,,0
017,Other_Partner,WC_Premium,2026-07-10,Success,7.0,116.0,4.0,0
016,Toffee,Daily_Pass,2026-06-22,Success,3.0,97.0,4.0,0
017,Bioscope,Daily_Pass,2026-06-15,Success,1.0,64.0,3.0,0
014,Toffee,Weekly_Pass,2026-06-25,OTP_Failed,3.0,5.0,1.0,1
015,Toffee,WC_Premium,2026-06-13,Success,1.0,88.0,,0
014,Bioscope,WC_Premium,2026-06-14,Success,1.0,120.0,4.0,0
018,Bioscope,WC_Premium,2026-06-25,Success,1.0,94.0,,0
019,Bioscope,Daily_Pass,2026-07-08,Success,16.0,103.0,,0
019,Bioscope,WC_Premium,2026-06-25,OTP_Failed,2.0,0.0,1.0,1
017,Toffee,WC_Premium,2026-06-24,Success,17.0,115.0,,0
019,Bioscope,WC_Premium,2026-07-04,OTP_Failed,3.0,11.0,,0
017,Toffee,Daily_Pass,2026-06-19,OTP_Failed,7.0,2.0,1.0,1
018,Toffee,WC_Premium,2026-06-16,Buffer_Timeout,4.0,9.0,2.0,0
017,Bioscope,Weekly_Pass,2026-06-21,Stuck_at_Number_Screen,2.0,2.0,2.0,1
017,Toffee,Weekly_Pass,2026-07-09,Buffer_Timeout,7.0,8.0,1.0,0
017,Bioscope,Weekly_Pass,2026-06-26,Buffer_Timeout,0.0,10.0,2.0,0
016,Bioscope,Weekly_Pass,2026-06-23,Success,10.0,101.0,5.0,0
017,Toffee,Weekly_Pass,2026-06-21,Success,6.0,122.0,4.0,0
016,Bioscope,Daily_Pass,2026-06-12,Success,21.0,97.0,1.0,0
017,Bioscope,WC_Premium,2026-06-28,Success,22.0,76.0,1.0,0
017,Toffee,Weekly_Pass,2026-07-05,Success,1.0,97.0,4.0,0
018,Toffee,Weekly_Pass,2026-06-19,OTP_Failed,13.0,2.0,1.0,0
019,Bioscope,Daily_Pass,2026-06-25,Success,3.0,99.0,3.0,0
017,Toffee,WC_Premium,2026-06-24,Success,1.0,25.0,4.0,0
018,Bioscope,Weekly_Pass,2026-06-20,Success,5.0,82.0,4.0,0
019,Toffee,Daily_Pass,2026-06-17,Buffer_Timeout,6.0,7.0,1.0,0
018,Bioscope,WC_Premium,2026-07-10,Success,13.0,82.0,4.0,0
017,Other_Partner,Daily_Pass,2026-06-14,Stuck_at_Number_Screen,2.0,5.0,2.0,1
017,Toffee,Daily_Pass,2026-07-10,Success,14.0,79.0,4.0,0
019,Bioscope,Weekly_Pass,2026-06-25,OTP_Failed,1.0,6.0,,1
017,Bioscope,Weekly_Pass,2026-06-30,Success,7.0,91.0,,0
019,Bioscope,Daily_Pass,2026-06-28,Success,9.0,76.0,5.0,0
018,Bioscope,Daily_Pass,2026-07-09,Buffer_Timeout,2.0,0.0,1.0,0
014,Bioscope,WC_Premium,2026-07-06,Success,3.0,73.0,4.0,0
019,Bioscope,Daily_Pass,2026-07-09,Success,0.0,84.0,4.0,0
015,Bioscope,Daily_Pass,2026-07-02,Success,4.0,55.0,4.0,0
013,Bioscope,WC_Premium,2026-07-03,Stuck_at_Number_Screen,2.0,9.0,2.0,1
019,Toffee,Daily_Pass,2026-07-03,Buffer_Timeout,1.0,14.0,,0
013,Other_Partner,Weekly_Pass,2026-07-09,OTP_Failed,1.0,13.0,2.0,1
018,Toffee,Daily_Pass,2026-06-22,OTP_Failed,2.0,4.0,2.0,1
018,Toffee,Weekly_Pass,2026-06-16,Success,36.0,116.0,,0
019,Toffee,Daily_Pass,2026-07-08,OTP_Failed,1.0,8.0,1.0,1
015,Toffee,WC_Premium,2026-06-16,OTP_Failed,4.0,1.0,1.0,1
019,Toffee,Weekly_Pass,2026-06-22,Success,2.0,57.0,,0
013,Toffee,Weekly_Pass,2026-07-01,OTP_Failed,4.0,1.0,1.0,1
013,Toffee,WC_Premium,2026-07-04,Success,10.0,82.0,4.0,0
016,Bioscope,WC_Premium,2026-06-15,Success,0.0,94.0,4.0,0
017,Toffee,Daily_Pass,2026-06-19,Success,5.0,97.0,5.0,0
017,Toffee,WC_Premium,2026-07-03,Success,15.0,65.0,5.0,0
013,Toffee,Daily_Pass,2026-06-12,OTP_Failed,4.0,7.0,2.0,1
017,Toffee,Weekly_Pass,2026-06-22,Success,3.0,92.0,5.0,0
017,Toffee,Daily_Pass,2026-06-21,Success,28.0,92.0,2.0,0
017,Bioscope,Weekly_Pass,2026-06-13,Success,0.0,91.0,3.0,0
017,Other_Partner,Daily_Pass,2026-07-04,Success,20.0,40.0,4.0,0
017,Bioscope,Weekly_Pass,2026-07-09,Success,4.0,106.0,3.0,0
015,Bioscope,Weekly_Pass,2026-06-19,Stuck_at_Number_Screen,0.0,13.0,1.0,1
013,Toffee,Daily_Pass,2026-06-18,Success,7.0,106.0,5.0,0
013,Toffee,Weekly_Pass,2026-06-12,Success,1.0,141.0,4.0,0
016,Toffee,WC_Premium,2026-07-09,OTP_Failed,0.0,7.0,2.0,1
017,Bioscope,WC_Premium,2026-07-06,Stuck_at_Number_Screen,1.0,6.0,1.0,1
014,Toffee,Weekly_Pass,2026-06-15,Success,5.0,86.0,,0
019,Bioscope,WC_Premium,2026-06-26,Buffer_Timeout,1.0,13.0,1.0,0
017,Toffee,Weekly_Pass,2026-07-08,Buffer_Timeout,0.0,1.0,1.0,1
013,Toffee,Daily_Pass,2026-06-19,Success,20.0,119.0,5.0,0
019,Other_Partner,Weekly_Pass,2026-06-18,Success,0.0,75.0,4.0,0
014,Bioscope,Daily_Pass,2026-06-14,Success,4.0,95.0,4.0,1
018,Bioscope,WC_Premium,2026-06-24,Success,4.0,100.0,4.0,0
018,Bioscope,WC_Premium,2026-06-22,Success,1.0,76.0,4.0,0
017,Bioscope,Daily_Pass,2026-07-03,Stuck_at_Number_Screen,4.0,6.0,1.0,1
015,Bioscope,Weekly_Pass,2026-07-07,OTP_Failed,1.0,8.0,,1
017,Other_Partner,Weekly_Pass,2026-06-29,Success,1.0,73.0,3.0,0
014,Toffee,Daily_Pass,2026-06-29,Success,6.0,73.0,4.0,1
018,Bioscope,WC_Premium,2026-06-29,Success,4.0,136.0,,0
018,Bioscope,Weekly_Pass,2026-07-02,Success,14.0,106.0,,0
018,Toffee,Daily_Pass,2026-06-23,Stuck_at_Number_Screen,1.0,9.0,1.0,1
017,Bioscope,WC_Premium,2026-07-09,Success,0.0,81.0,4.0,0
017,Other_Partner,Daily_Pass,2026-07-05,Success,8.0,98.0,5.0,0
017,Toffee,WC_Premium,2026-06-29,Success,10.0,92.0,5.0,0
017,Toffee,Daily_Pass,2026-06-13,Buffer_Timeout,1.0,0.0,1.0,1
019,Toffee,Weekly_Pass,2026-06-18,OTP_Failed,2.0,15.0,1.0,1
013,Bioscope,Daily_Pass,2026-07-09,Success,18.0,100.0,4.0,0
017,Bioscope,Daily_Pass,2026-07-04,Success,9.0,99.0,5.0,0
015,Toffee,WC_Premium,2026-07-06,Success,8.0,101.0,5.0,0
019,Bioscope,Weekly_Pass,2026-06-24,Buffer_Timeout,4.0,1.0,1.0,0
014,Toffee,WC_Premium,2026-06-17,Success,15.0,147.0,5.0,0
015,Bioscope,Weekly_Pass,2026-06-14,Success,13.0,82.0,,0
017,Toffee,WC_Premium,2026-06-27,Success,12.0,82.0,4.0,0
013,Toffee,WC_Premium,2026-07-01,Success,5.0,101.0,,0
019,Bioscope,Weekly_Pass,2026-06-23,Success,5.0,81.0,4.0,0
016,Toffee,Weekly_Pass,2026-06-22,Success,1.0,90.0,,0
017,Toffee,WC_Premium,2026-06-19,Success,3.0,97.0,5.0,0
019,Toffee,Daily_Pass,2026-06-17,Success,2.0,96.0,3.0,0
017,Toffee,WC_Premium,2026-06-23,Success,5.0,88.0,4.0,0
017,Toffee,Weekly_Pass,2026-06-13,Success,10.0,73.0,4.0,0
018,Other_Partner,WC_Premium,2026-06-18,Stuck_at_Number_Screen,0.0,10.0,1.0,1
018,Bioscope,Daily_Pass,2026-06-21,Success,15.0,118.0,4.0,0
018,Bioscope,WC_Premium,2026-06-15,Success,3.0,74.0,4.0,0
017,Other_Partner,Daily_Pass,2026-06-20,OTP_Failed,2.0,11.0,,1
019,Toffee,WC_Premium,2026-06-12,Stuck_at_Number_Screen,1.0,2.0,1.0,1
017,Toffee,Weekly_Pass,2026-06-12,Success,2.0,102.0,4.0,0
017,Toffee,Daily_Pass,2026-07-02,Success,0.0,98.0,5.0,0
019,Bioscope,WC_Premium,2026-06-13,Stuck_at_Number_Screen,5.0,10.0,1.0,1
015,Bioscope,WC_Premium,2026-06-16,Success,16.0,66.0,4.0,0
019,Toffee,WC_Premium,2026-06-26,Buffer_Timeout,3.0,7.0,1.0,1
019,Toffee,Daily_Pass,2026-06-29,Stuck_at_Number_Screen,3.0,4.0,1.0,1
016,Bioscope,Weekly_Pass,2026-06-30,Success,16.0,110.0,4.0,0
018,Bioscope,Weekly_Pass,2026-06-25,Success,14.0,102.0,4.0,0
017,Bioscope,Weekly_Pass,2026-06-20,Success,15.0,97.0,5.0,0
013,Toffee,Daily_Pass,2026-06-22,Buffer_Timeout,0.0,2.0,,0
013,Other_Partner,Daily_Pass,2026-06-23,OTP_Failed,1.0,8.0,2.0,1
017,Toffee,WC_Premium,2026-07-10,Success,4.0,77.0,4.0,0
016,Bioscope,Weekly_Pass,2026-06-25,Success,22.0,65.0,2.0,0
018,Other_Partner,WC_Premium,2026-07-02,Success,13.0,79.0,4.0,0
017,Other_Partner,Daily_Pass,2026-06-17,Buffer_Timeout,1.0,3.0,2.0,0
017,Toffee,WC_Premium,2026-06-26,OTP_Failed,1.0,4.0,2.0,1
016,Toffee,Weekly_Pass,2026-06-23,Success,13.0,93.0,4.0,0
017,Toffee,WC_Premium,2026-06-11,Success,11.0,93.0,4.0,0
019,Toffee,Daily_Pass,2026-07-05,Success,10.0,98.0,5.0,0
018,Bioscope,WC_Premium,2026-07-03,Buffer_Timeout,2.0,6.0,2.0,0
018,Other_Partner,Weekly_Pass,2026-06-19,Success,27.0,76.0,1.0,0
018,Toffee,Weekly_Pass,2026-06-11,OTP_Failed,0.0,9.0,1.0,1
019,Toffee,Daily_Pass,2026-06-16,Success,15.0,78.0,5.0,0
017,Toffee,Weekly_Pass,2026-06-24,Success,27.0,94.0,2.0,0
016,Bioscope,WC_Premium,2026-06-29,OTP_Failed,1.0,10.0,1.0,1
018,Other_Partner,Daily_Pass,2026-06-14,Stuck_at_Number_Screen,0.0,4.0,1.0,1
017,Toffee,WC_Premium,2026-07-10,Success,8.0,71.0,4.0,0
019,Toffee,Daily_Pass,2026-06-13,Success,13.0,69.0,5.0,0
019,Bioscope,WC_Premium,2026-06-15,OTP_Failed,1.0,1.0,1.0,1
016,Bioscope,WC_Premium,2026-06-24,Stuck_at_Number_Screen,0.0,0.0,1.0,1
019,Toffee,Daily_Pass,2026-06-28,OTP_Failed,0.0,11.0,1.0,1
019,Bioscope,Daily_Pass,2026-06-12,Success,16.0,88.0,3.0,0
016,Other_Partner,Weekly_Pass,2026-07-03,Success,14.0,133.0,4.0,0
019,Bioscope,Daily_Pass,2026-06-26,Buffer_Timeout,1.0,5.0,1.0,0
016,Bioscope,Weekly_Pass,2026-06-14,Buffer_Timeout,1.0,0.0,1.0,1
016,Toffee,Daily_Pass,2026-06-14,OTP_Failed,1.0,6.0,1.0,1
018,Bioscope,Weekly_Pass,2026-07-09,Buffer_Timeout,2.0,4.0,2.0,0
019,Toffee,Daily_Pass,2026-07-04,Success,24.0,107.0,1.0,1
017,Toffee,Daily_Pass,2026-06-21,Success,29.0,38.0,1.0,0
019,Toffee,Daily_Pass,2026-06-17,OTP_Failed,4.0,4.0,,0
019,Toffee,Weekly_Pass,2026-06-26,Success,10.0,87.0,5.0,0
017,Toffee,Weekly_Pass,2026-06-28,Buffer_Timeout,1.0,8.0,,0
019,Bioscope,Daily_Pass,2026-06-21,Success,2.0,80.0,,0
017,Bioscope,Weekly_Pass,2026-06-15,Success,8.0,84.0,5.0,0
017,Bioscope,WC_Premium,2026-06-13,Success,3.0,106.0,5.0,0
016,Toffee,Daily_Pass,2026-06-12,Success,20.0,63.0,3.0,0
017,Toffee,WC_Premium,2026-06-24,OTP_Failed,1.0,4.0,2.0,1
019,Bioscope,Weekly_Pass,2026-06-15,Success,1.0,29.0,5.0,0
019,Toffee,Daily_Pass,2026-06-13,Success,24.0,121.0,1.0,0
018,Other_Partner,Daily_Pass,2026-06-13,Stuck_at_Number_Screen,0.0,5.0,2.0,1
017,Toffee,Weekly_Pass,2026-07-04,Success,14.0,77.0,,0
017,Bioscope,WC_Premium,2026-06-25,Stuck_at_Number_Screen,1.0,9.0,1.0,1
018,Toffee,Daily_Pass,2026-06-29,Success,18.0,95.0,4.0,0
015,Bioscope,WC_Premium,2026-07-03,Success,2.0,72.0,,0
018,Bioscope,Weekly_Pass,2026-07-04,Success,0.0,109.0,5.0,0
017,Other_Partner,Daily_Pass,2026-06-26,Success,18.0,102.0,4.0,0
018,Other_Partner,Daily_Pass,2026-07-07,OTP_Failed,0.0,9.0,1.0,1
018,Toffee,Daily_Pass,2026-06-22,Buffer_Timeout,4.0,4.0,2.0,0
019,Bioscope,Weekly_Pass,2026-06-15,Success,1.0,102.0,4.0,1
017,Toffee,Weekly_Pass,2026-07-01,OTP_Failed,2.0,15.0,1.0,1
019,Bioscope,WC_Premium,2026-06-13,Success,10.0,121.0,5.0,0
018,Toffee,WC_Premium,2026-06-21,Buffer_Timeout,1.0,8.0,1.0,0
015,Bioscope,Daily_Pass,2026-06-17,Stuck_at_Number_Screen,4.0,0.0,1.0,0
017,Other_Partner,Weekly_Pass,2026-06-16,Success,1.0,101.0,5.0,0
018,Toffee,Daily_Pass,2026-07-08,Success,3.0,113.0,4.0,0
014,Toffee,Daily_Pass,2026-06-24,Success,3.0,111.0,4.0,0
017,Toffee,WC_Premium,2026-06-26,OTP_Failed,0.0,6.0,1.0,0
014,Bioscope,Daily_Pass,2026-07-03,Stuck_at_Number_Screen,1.0,9.0,2.0,1
016,Toffee,WC_Premium,2026-06-20,Buffer_Timeout,0.0,0.0,,0
017,Other_Partner,WC_Premium,2026-06-14,Success,0.0,96.0,4.0,0
017,Bioscope,Weekly_Pass,2026-06-26,OTP_Failed,1.0,0.0,1.0,1
016,Bioscope,Daily_Pass,2026-06-29,Success,0.0,111.0,4.0,0
017,Bioscope,Daily_Pass,2026-06-17,OTP_Failed,4.0,9.0,2.0,1
018,Toffee,Daily_Pass,2026-07-07,Success,8.0,105.0,5.0,0
017,Other_Partner,Weekly_Pass,2026-06-13,OTP_Failed,1.0,7.0,1.0,1
018,Bioscope,WC_Premium,2026-06-13,Success,2.0,119.0,,0
017,Other_Partner,Weekly_Pass,2026-06-26,Success,9.0,88.0,5.0,0
019,Bioscope,WC_Premium,2026-06-14,Stuck_at_Number_Screen,5.0,4.0,1.0,1
015,Bioscope,WC_Premium,2026-06-21,Buffer_Timeout,1.0,9.0,1.0,0
015,Toffee,WC_Premium,2026-06-20,OTP_Failed,2.0,0.0,1.0,1
016,Bioscope,Daily_Pass,2026-06-11,Stuck_at_Number_Screen,0.0,6.0,2.0,1
017,Bioscope,WC_Premium,2026-06-28,Stuck_at_Number_Screen,2.0,4.0,2.0,1
019,Bioscope,Weekly_Pass,2026-07-10,Success,5.0,94.0,4.0,0
017,Bioscope,Daily_Pass,2026-06-29,Success,4.0,102.0,5.0,0
017,Toffee,WC_Premium,2026-07-08,Buffer_Timeout,2.0,3.0,1.0,0
017,Other_Partner,WC_Premium,2026-07-10,Buffer_Timeout,2.0,15.0,2.0,0
018,Other_Partner,Weekly_Pass,2026-06-21,Success,14.0,101.0,4.0,0
019,Toffee,WC_Premium,2026-06-26,Success,8.0,92.0,5.0,1
016,Other_Partner,Daily_Pass,2026-07-02,Stuck_at_Number_Screen,3.0,14.0,1.0,1
013,Toffee,Weekly_Pass,2026-06-30,OTP_Failed,1.0,7.0,,1
017,Bioscope,Daily_Pass,2026-07-10,Success,5.0,73.0,3.0,0
015,Toffee,Weekly_Pass,2026-06-19,Success,22.0,98.0,1.0,0
013,Other_Partner,Weekly_Pass,2026-06-17,Buffer_Timeout,0.0,0.0,,0
018,Toffee,Daily_Pass,2026-06-15,Success,4.0,81.0,,0
017,Toffee,Weekly_Pass,2026-06-20,Success,10.0,82.0,5.0,0
019,Toffee,Daily_Pass,2026-07-05,Success,18.0,61.0,4.0,0
016,Toffee,Daily_Pass,2026-06-21,Success,1.0,95.0,4.0,0
017,Bioscope,Daily_Pass,2026-07-08,Success,4.0,82.0,5.0,0
017,Toffee,Weekly_Pass,2026-07-03,Success,2.0,100.0,4.0,0
016,Bioscope,Daily_Pass,2026-07-02,Success,0.0,63.0,,0
016,Other_Partner,Daily_Pass,2026-06-30,Stuck_at_Number_Screen,2.0,5.0,1.0,1
017,Bioscope,Daily_Pass,2026-06-15,Success,10.0,77.0,4.0,0
015,Bioscope,Daily_Pass,2026-07-02,Success,7.0,90.0,,0
017,Toffee,Weekly_Pass,2026-06-27,Success,2.0,68.0,4.0,0
013,Toffee,WC_Premium,2026-06-28,Success,38.0,126.0,2.0,1
014,Bioscope,Daily_Pass,2026-06-25,Success,7.0,98.0,4.0,0
013,Toffee,Weekly_Pass,2026-07-10,OTP_Failed,6.0,6.0,1.0,1
018,Other_Partner,Daily_Pass,2026-06-22,Success,10.0,94.0,5.0,0
013,Toffee,Daily_Pass,2026-06-12,Success,12.0,76.0,,0
017,Other_Partner,Daily_Pass,2026-06-17,Stuck_at_Number_Screen,1.0,0.0,1.0,1
015,Toffee,WC_Premium,2026-06-13,Success,19.0,106.0,5.0,0
013,Bioscope,Weekly_Pass,2026-06-22,Success,4.0,65.0,4.0,0
019,Toffee,Weekly_Pass,2026-06-24,Stuck_at_Number_Screen,0.0,13.0,1.0,1
017,Toffee,Weekly_Pass,2026-06-14,Stuck_at_Number_Screen,0.0,14.0,2.0,0
017,Bioscope,Daily_Pass,2026-07-05,Buffer_Timeout,1.0,4.0,1.0,0
017,Toffee,WC_Premium,2026-06-15,OTP_Failed,6.0,9.0,,0
016,Bioscope,Daily_Pass,2026-06-29,Buffer_Timeout,1.0,5.0,2.0,1
013,Bioscope,Daily_Pass,2026-06-24,Stuck_at_Number_Screen,2.0,5.0,1.0,1
019,Toffee,Daily_Pass,2026-07-03,Success,7.0,99.0,,0
018,Other_Partner,Daily_Pass,2026-07-01,Success,11.0,121.0,4.0,0
015,Toffee,Daily_Pass,2026-06-25,Success,4.0,75.0,4.0,0
017,Bioscope,Weekly_Pass,2026-07-10,Success,12.0,106.0,4.0,0
019,Bioscope,Daily_Pass,2026-06-17,Success,15.0,97.0,5.0,0
019,Bioscope,Weekly_Pass,2026-07-05,Success,18.0,86.0,,0
019,Toffee,Daily_Pass,2026-07-06,Success,1.0,78.0,4.0,0
019,Toffee,WC_Premium,2026-06-11,Success,6.0,84.0,5.0,0
019,Bioscope,Daily_Pass,2026-07-02,Success,2.0,68.0,4.0,0
018,Toffee,Weekly_Pass,2026-07-05,OTP_Failed,2.0,1.0,,1
017,Toffee,WC_Premium,2026-06-27,Success,1.0,46.0,4.0,0
017,Bioscope,Daily_Pass,2026-06-16,Stuck_at_Number_Screen,5.0,12.0,,1
014,Bioscope,Daily_Pass,2026-06-22,Success,0.0,70.0,4.0,0
018,Toffee,Daily_Pass,2026-06-29,OTP_Failed,0.0,4.0,1.0,1
019,Toffee,Daily_Pass,2026-07-06,Success,28.0,108.0,1.0,0
018,Toffee,Daily_Pass,2026-07-04,Stuck_at_Number_Screen,1.0,0.0,2.0,1
017,Toffee,Weekly_Pass,2026-07-09,OTP_Failed,1.0,0.0,2.0,0
017,Toffee,Weekly_Pass,2026-06-24,Stuck_at_Number_Screen,5.0,2.0,1.0,1
016,Toffee,Weekly_Pass,2026-06-20,Success,11.0,90.0,,0
013,Other_Partner,Daily_Pass,2026-06-17,Success,7.0,84.0,,0
017,Bioscope,WC_Premium,2026-06-30,Success,8.0,150.0,4.0,0
018,Toffee,Daily_Pass,2026-06-30,Success,9.0,87.0,4.0,0
017,Toffee,Daily_Pass,2026-07-09,Success,3.0,95.0,4.0,0
018,Bioscope,Daily_Pass,2026-07-04,Buffer_Timeout,8.0,0.0,1.0,0
017,Toffee,Daily_Pass,2026-06-22,OTP_Failed,1.0,3.0,,0
019,Bioscope,Weekly_Pass,2026-07-02,Success,20.0,83.0,4.0,0
017,Other_Partner,Weekly_Pass,2026-06-25,OTP_Failed,5.0,2.0,,1
018,Bioscope,Weekly_Pass,2026-06-17,Success,18.0,131.0,4.0,0
017,Toffee,Weekly_Pass,2026-06-15,Success,19.0,116.0,3.0,0
017,Bioscope,WC_Premium,2026-06-14,OTP_Failed,1.0,0.0,1.0,0
013,Other_Partner,Weekly_Pass,2026-06-11,Success,10.0,117.0,4.0,0
018,Bioscope,Weekly_Pass,2026-07-03,OTP_Failed,0.0,3.0,,0
018,Bioscope,Daily_Pass,2026-06-30,Success,7.0,103.0,4.0,0
017,Toffee,Daily_Pass,2026-06-23,Success,4.0,59.0,4.0,0
016,Toffee,Weekly_Pass,2026-06-15,Buffer_Timeout,1.0,0.0,1.0,0
019,Bioscope,Daily_Pass,2026-06-15,Buffer_Timeout,0.0,15.0,1.0,1
019,Other_Partner,Weekly_Pass,2026-07-07,Success,1.0,97.0,5.0,0
017,Bioscope,Daily_Pass,2026-06-28,OTP_Failed,0.0,0.0,1.0,1
018,Bioscope,WC_Premium,2026-06-12,Success,2.0,147.0,5.0,0
017,Toffee,WC_Premium,2026-07-05,Success,3.0,82.0,5.0,0
017,Toffee,Daily_Pass,2026-06-25,OTP_Failed,1.0,7.0,1.0,1
015,Bioscope,WC_Premium,2026-06-23,Success,4.0,96.0,5.0,0
017,Toffee,WC_Premium,2026-06-16,Stuck_at_Number_Screen,1.0,10.0,1.0,1
018,Bioscope,WC_Premium,2026-07-04,OTP_Failed,1.0,2.0,1.0,0
018,Toffee,Daily_Pass,2026-07-10,OTP_Failed,1.0,3.0,1.0,1
016,Bioscope,WC_Premium,2026-06-24,Success,1.0,129.0,5.0,0
018,Bioscope,Daily_Pass,2026-06-16,Stuck_at_Number_Screen,0.0,6.0,1.0,1
017,Toffee,Weekly_Pass,2026-06-13,Buffer_Timeout,2.0,2.0,2.0,0
017,Toffee,WC_Premium,2026-06-29,Success,3.0,85.0,4.0,0
018,Bioscope,WC_Premium,2026-07-10,Success,13.0,98.0,4.0,0
017,Other_Partner,Daily_Pass,2026-07-07,Buffer_Timeout,4.0,2.0,2.0,1
013,Bioscope,WC_Premium,2026-07-01,Success,20.0,121.0,,0
017,Toffee,Weekly_Pass,2026-06-29,Success,6.0,79.0,5.0,0
017,Toffee,Daily_Pass,2026-07-07,Success,11.0,89.0,4.0,0
013,Toffee,Weekly_Pass,2026-06-28,Success,3.0,85.0,5.0,0
017,Toffee,WC_Premium,2026-06-26,Success,0.0,87.0,,0
018,Bioscope,WC_Premium,2026-06-14,Success,10.0,75.0,4.0,0
016,Bioscope,WC_Premium,2026-07-08,Success,2.0,99.0,4.0,0
019,Toffee,Daily_Pass,2026-06-30,OTP_Failed,0.0,5.0,1.0,1
017,Toffee,Daily_Pass,2026-06-23,OTP_Failed,3.0,6.0,1.0,1
017,Toffee,Daily_Pass,2026-06-19,Success,24.0,125.0,1.0,0
017,Other_Partner,Daily_Pass,2026-07-03,Stuck_at_Number_Screen,1.0,0.0,1.0,1
018,Bioscope,Daily_Pass,2026-06-18,Buffer_Timeout,3.0,2.0,1.0,0
016,Bioscope,Daily_Pass,2026-06-27,Success,1.0,109.0,4.0,0
017,Toffee,Daily_Pass,2026-07-03,Success,3.0,88.0,4.0,0
014,Bioscope,WC_Premium,2026-07-06,Success,25.0,93.0,,0
017,Toffee,Weekly_Pass,2026-06-19,Success,7.0,81.0,5.0,0
018,Toffee,WC_Premium,2026-07-05,Stuck_at_Number_Screen,8.0,2.0,2.0,1
016,Bioscope,Daily_Pass,2026-06-22,Success,11.0,76.0,5.0,0
019,Bioscope,Weekly_Pass,2026-07-08,Success,4.0,97.0,4.0,0
016,Toffee,Daily_Pass,2026-06-15,Success,8.0,140.0,5.0,0
019,Toffee,Weekly_Pass,2026-06-27,OTP_Failed,3.0,12.0,1.0,1
017,Toffee,Weekly_Pass,2026-06-23,Success,3.0,86.0,4.0,0
019,Toffee,Weekly_Pass,2026-06-26,OTP_Failed,0.0,0.0,,0
017,Bioscope,WC_Premium,2026-07-02,Buffer_Timeout,1.0,11.0,,0
019,Other_Partner,WC_Premium,2026-06-29,Success,5.0,95.0,4.0,0
018,Toffee,Weekly_Pass,2026-07-03,Success,3.0,136.0,5.0,0
019,Toffee,Daily_Pass,2026-06-18,Success,14.0,101.0,,0
018,Toffee,WC_Premium,2026-06-16,OTP_Failed,2.0,4.0,2.0,1
018,Bioscope,WC_Premium,2026-06-28,Success,6.0,83.0,,0
018,Toffee,Weekly_Pass,2026-07-06,Stuck_at_Number_Screen,1.0,0.0,1.0,1
016,Bioscope,WC_Premium,2026-06-21,Success,26.0,89.0,1.0,0
017,Toffee,Daily_Pass,2026-07-06,Success,0.0,110.0,3.0,0
017,Bioscope,Daily_Pass,2026-06-19,Success,1.0,55.0,4.0,0
017,Bioscope,Daily_Pass,2026-06-25,Success,4.0,128.0,5.0,0
017,Other_Partner,Daily_Pass,2026-06-24,Success,2.0,63.0,5.0,0
019,Other_Partner,Weekly_Pass,2026-07-09,Success,9.0,77.0,3.0,0
017,Bioscope,Daily_Pass,2026-06-17,Stuck_at_Number_Screen,6.0,7.0,1.0,1
015,Other_Partner,WC_Premium,2026-07-05,Success,15.0,62.0,5.0,0
017,Toffee,Weekly_Pass,2026-06-12,OTP_Failed,1.0,4.0,2.0,1
017,Toffee,Daily_Pass,2026-06-26,Success,5.0,94.0,,0
019,Toffee,Daily_Pass,2026-06-16,Success,8.0,98.0,4.0,0
016,Bioscope,Weekly_Pass,2026-06-19,OTP_Failed,2.0,3.0,,1
018,Other_Partner,Daily_Pass,2026-07-04,Success,7.0,67.0,4.0,0
018,Toffee,WC_Premium,2026-06-20,Success,1.0,121.0,4.0,0
016,Bioscope,WC_Premium,2026-07-01,Success,1.0,101.0,4.0,0
017,Bioscope,Weekly_Pass,2026-07-06,Success,1.0,98.0,4.0,0
015,Other_Partner,Daily_Pass,2026-06-21,OTP_Failed,1.0,3.0,1.0,1
015,Bioscope,WC_Premium,2026-06-28,Buffer_Timeout,1.0,9.0,2.0,1
016,Other_Partner,Daily_Pass,2026-06-17,Success,2.0,64.0,4.0,0
017,Toffee,Daily_Pass,2026-06-18,Buffer_Timeout,3.0,14.0,1.0,0
016,Toffee,Weekly_Pass,2026-06-18,Stuck_at_Number_Screen,0.0,2.0,2.0,1
017,Bioscope,WC_Premium,2026-07-07,Success,5.0,108.0,5.0,0
017,Toffee,Daily_Pass,2026-06-23,Success,1.0,115.0,5.0,0
017,Toffee,WC_Premium,2026-06-12,Success,11.0,94.0,3.0,0
018,Bioscope,Daily_Pass,2026-06-23,Success,11.0,96.0,3.0,1
019,Bioscope,Daily_Pass,2026-06-14,Success,10.0,91.0,4.0,0
016,Bioscope,Weekly_Pass,2026-07-04,Success,11.0,113.0,5.0,0
016,Toffee,Daily_Pass,2026-06-14,Success,4.0,79.0,3.0,0
013,Bioscope,Daily_Pass,2026-07-06,OTP_Failed,3.0,9.0,2.0,1
017,Toffee,Daily_Pass,2026-07-03,Success,4.0,93.0,5.0,0
013,Toffee,Daily_Pass,2026-06-30,OTP_Failed,7.0,13.0,1.0,1
015,Bioscope,Daily_Pass,2026-07-10,Buffer_Timeout,1.0,12.0,1.0,0
017,Toffee,WC_Premium,2026-07-05,OTP_Failed,1.0,3.0,1.0,1
019,Toffee,WC_Premium,2026-07-05,Success,32.0,113.0,2.0,1
018,Bioscope,WC_Premium,2026-07-07,Success,1.0,100.0,4.0,1
013,Toffee,WC_Premium,2026-06-30,Success,1.0,91.0,5.0,0
016,Other_Partner,Weekly_Pass,2026-06-26,Buffer_Timeout,3.0,10.0,,1
018,Bioscope,Weekly_Pass,2026-06-29,Stuck_at_Number_Screen,0.0,9.0,1.0,0
019,Other_Partner,WC_Premium,2026-06-14,Success,10.0,82.0,3.0,0
014,Toffee,Daily_Pass,2026-06-19,Success,0.0,69.0,3.0,0
013,Bioscope,Daily_Pass,2026-06-17,Stuck_at_Number_Screen,1.0,1.0,1.0,1
017,Toffee,WC_Premium,2026-06-25,Stuck_at_Number_Screen,1.0,2.0,1.0,1
018,Bioscope,Daily_Pass,2026-06-30,Buffer_Timeout,1.0,4.0,1.0,1
014,Toffee,WC_Premium,2026-06-19,OTP_Failed,6.0,0.0,1.0,1
017,Toffee,Weekly_Pass,2026-06-19,Success,26.0,98.0,2.0,0
018,Bioscope,Daily_Pass,2026-07-09,OTP_Failed,3.0,6.0,1.0,1
018,Toffee,WC_Premium,2026-06-11,Buffer_Timeout,3.0,0.0,1.0,0
016,Toffee,Daily_Pass,2026-06-19,OTP_Failed,1.0,3.0,2.0,1
017,Toffee,WC_Premium,2026-06-18,Success,13.0,129.0,4.0,0
016,Bioscope,WC_Premium,2026-06-29,OTP_Failed,2.0,3.0,2.0,1
014,Toffee,Weekly_Pass,2026-06-18,Stuck_at_Number_Screen,4.0,0.0,,1
017,Toffee,Daily_Pass,2026-06-14,OTP_Failed,1.0,9.0,1.0,1
017,Toffee,Daily_Pass,2026-06-12,Success,15.0,47.0,4.0,0
015,Bioscope,Weekly_Pass,2026-07-02,Stuck_at_Number_Screen,0.0,8.0,,1
017,Bioscope,WC_Premium,2026-06-12,OTP_Failed,1.0,8.0,1.0,1
019,Toffee,Daily_Pass,2026-07-03,Success,3.0,98.0,5.0,0
018,Toffee,Daily_Pass,2026-06-11,OTP_Failed,3.0,1.0,1.0,1
017,Toffee,Daily_Pass,2026-06-14,Success,1.0,90.0,,0
019,Toffee,Weekly_Pass,2026-07-04,Buffer_Timeout,2.0,1.0,1.0,0
013,Toffee,WC_Premium,2026-07-03,Buffer_Timeout,1.0,1.0,1.0,0
018,Toffee,Daily_Pass,2026-07-09,Success,0.0,136.0,,0
013,Bioscope,Daily_Pass,2026-07-03,Buffer_Timeout,3.0,9.0,1.0,1
018,Other_Partner,Weekly_Pass,2026-06-25,Success,18.0,97.0,3.0,0
017,Toffee,WC_Premium,2026-07-03,OTP_Failed,2.0,5.0,1.0,1
013,Bioscope,WC_Premium,2026-06-20,Success,4.0,105.0,5.0,0
015,Bioscope,WC_Premium,2026-07-07,Success,11.0,92.0,5.0,0
017,Bioscope,Daily_Pass,2026-07-07,Buffer_Timeout,0.0,9.0,2.0,1
016,Bioscope,Daily_Pass,2026-06-17,Buffer_Timeout,1.0,13.0,1.0,0
017,Toffee,WC_Premium,2026-07-07,Success,0.0,100.0,4.0,0
019,Toffee,WC_Premium,2026-07-03,Success,4.0,74.0,3.0,0
017,Bioscope,Weekly_Pass,2026-07-03,Success,7.0,114.0,,0
015,Toffee,WC_Premium,2026-07-01,Stuck_at_Number_Screen,1.0,4.0,,1
018,Toffee,WC_Premium,2026-06-17,Success,0.0,96.0,4.0,0
017,Toffee,Weekly_Pass,2026-07-01,Success,3.0,85.0,3.0,0
017,Toffee,Daily_Pass,2026-06-23,OTP_Failed,1.0,0.0,1.0,1
017,Bioscope,Weekly_Pass,2026-07-03,Buffer_Timeout,1.0,10.0,1.0,0
018,Toffee,WC_Premium,2026-06-30,Success,13.0,117.0,4.0,0
017,Toffee,Weekly_Pass,2026-07-08,Stuck_at_Number_Screen,0.0,6.0,1.0,1
019,Toffee,WC_Premium,2026-07-04,OTP_Failed,1.0,10.0,,1
013,Toffee,Weekly_Pass,2026-06-17,Success,0.0,79.0,5.0,0
017,Other_Partner,Daily_Pass,2026-07-02,OTP_Failed,6.0,6.0,2.0,1
018,Toffee,Daily_Pass,2026-06-22,OTP_Failed,1.0,1.0,,0
016,Other_Partner,WC_Premium,2026-06-16,Success,2.0,99.0,,1
017,Bioscope,Weekly_Pass,2026-07-01,Success,12.0,98.0,4.0,0
017,Bioscope,Daily_Pass,2026-06-28,Stuck_at_Number_Screen,1.0,6.0,2.0,1
017,Toffee,WC_Premium,2026-06-16,Success,2.0,95.0,4.0,0
016,Toffee,Weekly_Pass,2026-06-18,Success,14.0,48.0,4.0,0
016,Bioscope,WC_Premium,2026-06-28,Success,7.0,80.0,3.0,0
018,Bioscope,Weekly_Pass,2026-07-02,Success,1.0,73.0,5.0,0
019,Toffee,Daily_Pass,2026-06-12,Success,9.0,101.0,,0
019,Toffee,Weekly_Pass,2026-06-18,Success,13.0,93.0,,0
018,Toffee,WC_Premium,2026-06-24,Success,3.0,50.0,4.0,0
019,Other_Partner,Daily_Pass,2026-06-30,Success,9.0,72.0,5.0,0
017,Toffee,WC_Premium,2026-07-08,Success,1.0,35.0,3.0,0
017,Bioscope,Daily_Pass,2026-06-20,Stuck_at_Number_Screen,2.0,14.0,1.0,1
017,Bioscope,Daily_Pass,2026-07-04,OTP_Failed,3.0,1.0,1.0,1
017,Bioscope,Daily_Pass,2026-06-23,Success,17.0,103.0,5.0,0
018,Bioscope,WC_Premium,2026-06-16,Buffer_Timeout,4.0,4.0,1.0,0
014,Toffee,Weekly_Pass,2026-06-18,OTP_Failed,1.0,0.0,1.0,1
017,Other_Partner,Weekly_Pass,2026-07-06,Success,1.0,79.0,3.0,0
017,Bioscope,WC_Premium,2026-07-10,Success,0.0,102.0,5.0,0
018,Bioscope,Daily_Pass,2026-06-20,Success,0.0,82.0,5.0,0
014,Toffee,Daily_Pass,2026-06-19,Buffer_Timeout,1.0,9.0,2.0,1
017,Bioscope,Daily_Pass,2026-07-08,Success,20.0,70.0,4.0,0
018,Toffee,Weekly_Pass,2026-06-17,OTP_Failed,5.0,5.0,1.0,1
017,Toffee,Weekly_Pass,2026-06-11,Success,5.0,99.0,3.0,0
017,Bioscope,WC_Premium,2026-06-11,Buffer_Timeout,8.0,2.0,1.0,1
015,Bioscope,Weekly_Pass,2026-06-21,Success,3.0,89.0,,0
015,Bioscope,Daily_Pass,2026-06-27,Success,10.0,76.0,5.0,0
017,Toffee,WC_Premium,2026-06-23,OTP_Failed,6.0,6.0,1.0,1
015,Bioscope,Daily_Pass,2026-06-12,Success,5.0,73.0,,0
018,Toffee,WC_Premium,2026-06-21,Success,4.0,84.0,5.0,0
019,Bioscope,Daily_Pass,2026-06-25,Success,5.0,28.0,,0
018,Toffee,Daily_Pass,2026-06-26,Success,1.0,91.0,,0
018,Bioscope,Weekly_Pass,2026-07-09,Success,3.0,90.0,4.0,0
018,Bioscope,Daily_Pass,2026-06-26,OTP_Failed,0.0,6.0,1.0,0
016,Toffee,Daily_Pass,2026-07-07,OTP_Failed,5.0,0.0,1.0,1
017,Toffee,Weekly_Pass,2026-06-25,Buffer_Timeout,1.0,10.0,1.0,0
017,Bioscope,Daily_Pass,2026-07-07,Success,1.0,92.0,,0
017,Bioscope,Daily_Pass,2026-06-13,Success,0.0,87.0,4.0,0
016,Bioscope,Daily_Pass,2026-06-16,Buffer_Timeout,3.0,0.0,,0
017,Bioscope,Weekly_Pass,2026-07-05,Stuck_at_Number_Screen,5.0,8.0,,1
016,Toffee,Daily_Pass,2026-06-25,OTP_Failed,2.0,10.0,1.0,1
015,Toffee,Daily_Pass,2026-06-18,Success,2.0,143.0,4.0,0
017,Toffee,Weekly_Pass,2026-06-23,Buffer_Timeout,1.0,0.0,2.0,0
016,Toffee,WC_Premium,2026-06-29,Success,3.0,121.0,4.0,0
013,Bioscope,Weekly_Pass,2026-06-25,Success,1.0,95.0,4.0,0
019,Toffee,Daily_Pass,2026-07-07,OTP_Failed,7.0,12.0,1.0,1
017,Other_Partner,Daily_Pass,2026-06-12,Success,1.0,99.0,,0
016,Bioscope,Weekly_Pass,2026-06-24,Success,0.0,102.0,,0
019,Bioscope,WC_Premium,2026-06-24,OTP_Failed,3.0,12.0,1.0,1
014,Other_Partner,Weekly_Pass,2026-06-24,OTP_Failed,0.0,10.0,1.0,1
016,Toffee,Daily_Pass,2026-07-03,Stuck_at_Number_Screen,5.0,11.0,1.0,1
018,Bioscope,Daily_Pass,2026-06-19,Success,1.0,87.0,4.0,0
018,Toffee,WC_Premium,2026-07-08,Success,0.0,45.0,5.0,0
019,Toffee,WC_Premium,2026-07-04,Success,3.0,92.0,3.0,0
018,Bioscope,Daily_Pass,2026-06-15,Buffer_Timeout,2.0,2.0,1.0,1
017,Toffee,Daily_Pass,2026-06-12,Success,17.0,107.0,5.0,0
014,Other_Partner,WC_Premium,2026-06-22,Success,10.0,94.0,5.0,0
016,Bioscope,Daily_Pass,2026-07-08,Success,8.0,89.0,5.0,0
016,Bioscope,Weekly_Pass,2026-06-24,Success,13.0,83.0,,0
017,Toffee,WC_Premium,2026-06-23,Stuck_at_Number_Screen,3.0,8.0,1.0,1
016,Bioscope,Daily_Pass,2026-06-26,Success,1.0,88.0,4.0,0
013,Toffee,Daily_Pass,2026-07-01,OTP_Failed,1.0,6.0,,1
016,Bioscope,Daily_Pass,2026-07-02,Success,4.0,90.0,,0
017,Toffee,WC_Premium,2026-07-03,Success,10.0,88.0,5.0,0
016,Bioscope,Weekly_Pass,2026-06-22,Buffer_Timeout,0.0,0.0,1.0,1
015,Toffee,WC_Premium,2026-06-19,OTP_Failed,0.0,4.0,1.0,1
017,Toffee,Weekly_Pass,2026-07-02,OTP_Failed,4.0,1.0,1.0,1
015,Toffee,WC_Premium,2026-07-01,OTP_Failed,2.0,5.0,1.0,1
013,Toffee,WC_Premium,2026-07-03,Success,3.0,93.0,4.0,0
019,Bioscope,Weekly_Pass,2026-06-13,Success,13.0,81.0,3.0,0
019,Toffee,Daily_Pass,2026-07-05,Success,1.0,44.0,4.0,0
018,Toffee,Weekly_Pass,2026-07-01,Stuck_at_Number_Screen,0.0,3.0,1.0,1
016,Bioscope,Weekly_Pass,2026-06-25,Success,8.0,81.0,4.0,0
019,Toffee,Weekly_Pass,2026-06-21,Success,9.0,85.0,5.0,0
013,Toffee,WC_Premium,2026-07-10,Stuck_at_Number_Screen,1.0,0.0,1.0,1
017,Bioscope,Daily_Pass,2026-06-23,Success,3.0,94.0,5.0,0
016,Toffee,Daily_Pass,2026-07-09,Success,1.0,95.0,5.0,0
019,Toffee,Weekly_Pass,2026-07-10,Success,4.0,85.0,4.0,0
019,Toffee,Daily_Pass,2026-07-05,Buffer_Timeout,3.0,9.0,1.0,1
019,Toffee,Weekly_Pass,2026-07-10,Buffer_Timeout,3.0,5.0,1.0,1
013,Bioscope,WC_Premium,2026-06-13,Success,15.0,85.0,4.0,0
019,Toffee,Weekly_Pass,2026-07-04,Success,15.0,88.0,,0
017,Bioscope,WC_Premium,2026-07-03,Success,0.0,110.0,,0
018,Toffee,WC_Premium,2026-06-14,Success,0.0,100.0,3.0,0
017,Toffee,WC_Premium,2026-07-06,OTP_Failed,1.0,1.0,1.0,1
017,Toffee,Weekly_Pass,2026-07-02,Success,9.0,70.0,5.0,0
013,Bioscope,Daily_Pass,2026-06-14,Buffer_Timeout,2.0,4.0,2.0,0
013,Other_Partner,Weekly_Pass,2026-06-13,Success,3.0,108.0,5.0,0
016,Bioscope,Daily_Pass,2026-06-24,Stuck_at_Number_Screen,10.0,9.0,1.0,0
013,Other_Partner,WC_Premium,2026-07-02,Success,28.0,94.0,1.0,0
013,Toffee,Daily_Pass,2026-06-25,Success,2.0,78.0,5.0,0
017,Toffee,Daily_Pass,2026-07-03,OTP_Failed,3.0,8.0,1.0,1
013,Toffee,Weekly_Pass,2026-06-18,OTP_Failed,1.0,0.0,2.0,1
017,Toffee,Weekly_Pass,2026-06-28,OTP_Failed,4.0,3.0,1.0,1
017,Toffee,Daily_Pass,2026-07-04,Success,2.0,103.0,5.0,0
018,Toffee,Daily_Pass,2026-06-27,Success,3.0,59.0,4.0,0
016,Toffee,WC_Premium,2026-06-20,Stuck_at_Number_Screen,1.0,11.0,2.0,1
018,Toffee,Weekly_Pass,2026-06-18,OTP_Failed,3.0,11.0,1.0,0
018,Toffee,Daily_Pass,2026-07-04,OTP_Failed,1.0,5.0,2.0,1
013,Toffee,Weekly_Pass,2026-06-27,Success,16.0,105.0,5.0,1
019,Bioscope,Daily_Pass,2026-06-11,Stuck_at_Number_Screen,1.0,3.0,1.0,1
018,Toffee,Daily_Pass,2026-06-17,Success,1.0,71.0,,0
018,Bioscope,WC_Premium,2026-06-16,Success,3.0,119.0,4.0,0
017,Bioscope,Daily_Pass,2026-06-14,Success,15.0,112.0,5.0,0
017,Toffee,Daily_Pass,2026-06-28,Success,0.0,105.0,3.0,1
013,Toffee,WC_Premium,2026-06-19,Success,9.0,54.0,5.0,0
013,Toffee,WC_Premium,2026-06-12,Success,2.0,88.0,5.0,0
018,Bioscope,Daily_Pass,2026-06-21,Success,12.0,124.0,5.0,0
018,Toffee,Weekly_Pass,2026-07-10,OTP_Failed,1.0,8.0,2.0,1
018,Toffee,WC_Premium,2026-06-30,Buffer_Timeout,2.0,5.0,1.0,0
019,Toffee,Daily_Pass,2026-06-29,Success,0.0,89.0,,0
019,Bioscope,Weekly_Pass,2026-06-28,Success,0.0,89.0,4.0,0
016,Toffee,Weekly_Pass,2026-07-03,Success,7.0,42.0,,0
015,Bioscope,Weekly_Pass,2026-07-01,Success,6.0,97.0,5.0,0
017,Toffee,Weekly_Pass,2026-07-06,Success,27.0,50.0,1.0,0
017,Bioscope,Weekly_Pass,2026-06-19,Success,4.0,100.0,,0
017,Bioscope,Daily_Pass,2026-06-14,Success,4.0,57.0,,0
018,Toffee,WC_Premium,2026-07-09,Stuck_at_Number_Screen,0.0,6.0,1.0,1
019,Other_Partner,Daily_Pass,2026-06-12,Buffer_Timeout,1.0,3.0,1.0,1
017,Bioscope,Weekly_Pass,2026-06-22,Stuck_at_Number_Screen,1.0,0.0,,1
014,Toffee,Weekly_Pass,2026-06-16,Success,2.0,40.0,5.0,0
017,Toffee,WC_Premium,2026-06-11,OTP_Failed,1.0,2.0,,0
014,Bioscope,Weekly_Pass,2026-06-25,Success,12.0,89.0,5.0,0
013,Bioscope,WC_Premium,2026-06-28,Success,8.0,100.0,,0
017,Bioscope,Daily_Pass,2026-07-03,Buffer_Timeout,3.0,9.0,1.0,0
018,Bioscope,Weekly_Pass,2026-07-07,Stuck_at_Number_Screen,0.0,5.0,1.0,1
017,Bioscope,WC_Premium,2026-06-17,OTP_Failed,3.0,0.0,1.0,1
017,Toffee,WC_Premium,2026-06-24,Success,13.0,118.0,4.0,0
017,Bioscope,Weekly_Pass,2026-06-24,Buffer_Timeout,1.0,5.0,,0
019,Toffee,Daily_Pass,2026-07-01,OTP_Failed,1.0,3.0,,0
018,Other_Partner,Daily_Pass,2026-07-02,Success,9.0,90.0,4.0,0
017,Bioscope,Daily_Pass,2026-06-30,Success,14.0,113.0,4.0,0
018,Bioscope,Weekly_Pass,2026-06-12,Success,3.0,120.0,3.0,0
016,Toffee,Daily_Pass,2026-07-10,Success,8.0,83.0,5.0,1
017,Toffee,WC_Premium,2026-06-22,OTP_Failed,3.0,15.0,,0
013,Toffee,WC_Premium,2026-07-09,Success,4.0,111.0,4.0,0
017,Bioscope,Daily_Pass,2026-06-17,Buffer_Timeout,2.0,2.0,1.0,1
017,Bioscope,Weekly_Pass,2026-07-10,Stuck_at_Number_Screen,2.0,7.0,,0
016,Toffee,WC_Premium,2026-06-21,Success,7.0,76.0,4.0,0
017,Bioscope,Daily_Pass,2026-07-10,Success,14.0,99.0,5.0,0
018,Bioscope,Weekly_Pass,2026-06-24,Success,1.0,96.0,5.0,0
016,Toffee,Weekly_Pass,2026-06-24,Success,3.0,83.0,4.0,0
017,Toffee,Daily_Pass,2026-07-06,Success,17.0,123.0,3.0,0
018,Bioscope,Weekly_Pass,2026-06-15,Success,12.0,91.0,5.0,0
017,Bioscope,WC_Premium,2026-07-05,Buffer_Timeout,2.0,15.0,1.0,0
015,Bioscope,Daily_Pass,2026-07-03,Buffer_Timeout,1.0,2.0,1.0,0
018,Bioscope,Weekly_Pass,2026-07-10,Stuck_at_Number_Screen,0.0,7.0,1.0,1
019,Other_Partner,Daily_Pass,2026-06-12,Success,9.0,106.0,5.0,0
018,Toffee,WC_Premium,2026-06-24,Stuck_at_Number_Screen,1.0,1.0,1.0,1
017,Toffee,WC_Premium,2026-06-27,Success,4.0,80.0,5.0,0
018,Toffee,Daily_Pass,2026-06-29,Success,4.0,84.0,,0
015,Toffee,WC_Premium,2026-06-21,OTP_Failed,4.0,6.0,,1
018,Toffee,Daily_Pass,2026-07-10,Buffer_Timeout,0.0,4.0,2.0,0
019,Toffee,Daily_Pass,2026-06-18,Success,16.0,108.0,4.0,0
019,Other_Partner,Weekly_Pass,2026-07-02,Success,1.0,72.0,5.0,0
017,Other_Partner,Daily_Pass,2026-07-10,Success,21.0,87.0,1.0,0
017,Toffee,Weekly_Pass,2026-06-28,Success,3.0,91.0,5.0,0
018,Bioscope,Weekly_Pass,2026-07-03,Success,3.0,68.0,3.0,0
013,Bioscope,Daily_Pass,2026-07-08,Success,11.0,100.0,3.0,0
019,Bioscope,Daily_Pass,2026-07-04,Buffer_Timeout,7.0,7.0,1.0,1
014,Bioscope,Weekly_Pass,2026-06-22,Buffer_Timeout,0.0,7.0,1.0,0
013,Toffee,Daily_Pass,2026-06-22,Buffer_Timeout,2.0,8.0,1.0,1
017,Bioscope,Daily_Pass,2026-06-30,Success,6.0,90.0,4.0,1
019,Bioscope,Daily_Pass,2026-06-24,Success,2.0,103.0,5.0,0
017,Bioscope,WC_Premium,2026-06-26,Success,6.0,96.0,4.0,1
019,Other_Partner,WC_Premium,2026-06-18,Buffer_Timeout,0.0,0.0,1.0,0
013,Other_Partner,Daily_Pass,2026-06-23,Success,18.0,67.0,5.0,0
016,Bioscope,Daily_Pass,2026-06-20,Success,3.0,121.0,,1
017,Bioscope,Weekly_Pass,2026-06-24,Success,26.0,40.0,1.0,0
018,Other_Partner,WC_Premium,2026-06-30,Success,7.0,91.0,5.0,0
018,Toffee,Daily_Pass,2026-06-13,Success,19.0,99.0,3.0,0
018,Toffee,WC_Premium,2026-06-18,OTP_Failed,1.0,7.0,1.0,0
017,Toffee,Weekly_Pass,2026-06-12,Success,30.0,94.0,1.0,0
016,Bioscope,WC_Premium,2026-06-14,Success,1.0,132.0,5.0,0
019,Bioscope,Daily_Pass,2026-07-03,Success,8.0,102.0,4.0,0
017,Toffee,WC_Premium,2026-06-27,OTP_Failed,1.0,3.0,1.0,1
017,Other_Partner,Weekly_Pass,2026-06-12,Success,4.0,120.0,4.0,0
017,Bioscope,WC_Premium,2026-07-08,Buffer_Timeout,0.0,5.0,1.0,0
018,Bioscope,Weekly_Pass,2026-06-15,Success,0.0,100.0,,0
018,Toffee,Weekly_Pass,2026-07-05,Success,0.0,95.0,4.0,0
018,Bioscope,WC_Premium,2026-06-11,Success,4.0,120.0,5.0,1
017,Bioscope,WC_Premium,2026-06-29,Success,9.0,92.0,4.0,0
013,Bioscope,Weekly_Pass,2026-07-02,Stuck_at_Number_Screen,2.0,5.0,1.0,1
018,Bioscope,Weekly_Pass,2026-06-17,Buffer_Timeout,3.0,8.0,,0
018,Bioscope,WC_Premium,2026-07-02,Stuck_at_Number_Screen,0.0,10.0,,1
015,Toffee,WC_Premium,2026-07-08,Success,7.0,120.0,4.0,0
017,Bioscope,Daily_Pass,2026-06-22,Success,0.0,101.0,5.0,0
016,Toffee,Weekly_Pass,2026-07-03,Buffer_Timeout,2.0,10.0,1.0,1
013,Toffee,WC_Premium,2026-07-04,Success,1.0,113.0,5.0,0
013,Toffee,Weekly_Pass,2026-07-06,OTP_Failed,1.0,5.0,2.0,1
016,Toffee,WC_Premium,2026-06-24,Buffer_Timeout,3.0,5.0,,1
016,Toffee,WC_Premium,2026-07-07,OTP_Failed,0.0,2.0,1.0,1
015,Bioscope,WC_Premium,2026-07-02,Success,4.0,74.0,4.0,0
017,Bioscope,WC_Premium,2026-06-27,OTP_Failed,1.0,1.0,2.0,1
017,Toffee,WC_Premium,2026-06-23,Success,2.0,72.0,,0
016,Bioscope,WC_Premium,2026-06-24,Success,5.0,98.0,4.0,0
018,Toffee,WC_Premium,2026-06-14,Success,1.0,51.0,4.0,0
017,Toffee,Daily_Pass,2026-06-27,Success,1.0,113.0,5.0,0
017,Bioscope,Daily_Pass,2026-06-22,OTP_Failed,6.0,4.0,1.0,1
017,Bioscope,Weekly_Pass,2026-07-10,Success,7.0,87.0,5.0,0
019,Bioscope,WC_Premium,2026-07-08,Stuck_at_Number_Screen,1.0,5.0,1.0,1
017,Toffee,Daily_Pass,2026-07-01,Stuck_at_Number_Screen,1.0,8.0,,0
017,Bioscope,Daily_Pass,2026-06-18,Success,7.0,106.0,3.0,0
017,Bioscope,Daily_Pass,2026-07-09,Stuck_at_Number_Screen,0.0,0.0,,0
013,Other_Partner,WC_Premium,2026-07-09,Success,4.0,104.0,,0
017,Toffee,WC_Premium,2026-06-12,OTP_Failed,2.0,4.0,1.0,1
018,Bioscope,WC_Premium,2026-06-26,Buffer_Timeout,2.0,2.0,1.0,0
017,Bioscope,Daily_Pass,2026-07-01,Success,2.0,57.0,,0
019,Other_Partner,Daily_Pass,2026-06-24,Success,2.0,60.0,,0
017,Toffee,Weekly_Pass,2026-07-09,Success,2.0,74.0,4.0,0
018,Bioscope,Daily_Pass,2026-06-16,Stuck_at_Number_Screen,1.0,4.0,2.0,0
019,Toffee,Weekly_Pass,2026-06-23,OTP_Failed,0.0,0.0,1.0,1
016,Bioscope,Daily_Pass,2026-07-09,Stuck_at_Number_Screen,0.0,13.0,1.0,1
018,Toffee,Daily_Pass,2026-06-13,Success,17.0,60.0,3.0,0
017,Toffee,Weekly_Pass,2026-07-10,OTP_Failed,6.0,3.0,1.0,1
017,Bioscope,Daily_Pass,2026-06-24,OTP_Failed,1.0,10.0,1.0,1
016,Toffee,Daily_Pass,2026-06-12,Success,9.0,102.0,4.0,0
015,Toffee,Weekly_Pass,2026-06-30,Success,12.0,66.0,5.0,0
016,Toffee,Daily_Pass,2026-06-20,Success,0.0,113.0,4.0,0
018,Toffee,Weekly_Pass,2026-06-25,Success,2.0,107.0,4.0,1
016,Other_Partner,Daily_Pass,2026-07-06,Success,9.0,85.0,5.0,0
018,Bioscope,Weekly_Pass,2026-06-20,Success,11.0,65.0,5.0,0
017,Bioscope,WC_Premium,2026-06-23,Stuck_at_Number_Screen,5.0,0.0,1.0,1
018,Toffee,Weekly_Pass,2026-07-04,Stuck_at_Number_Screen,1.0,2.0,1.0,1
015,Other_Partner,Weekly_Pass,2026-06-28,Stuck_at_Number_Screen,2.0,1.0,2.0,1
017,Toffee,WC_Premium,2026-06-13,Stuck_at_Number_Screen,3.0,12.0,1.0,1
016,Bioscope,Daily_Pass,2026-07-08,Success,4.0,87.0,3.0,0
017,Toffee,Daily_Pass,2026-06-28,Success,7.0,106.0,4.0,0
018,Bioscope,Daily_Pass,2026-06-22,Buffer_Timeout,2.0,5.0,2.0,0
017,Bioscope,Weekly_Pass,2026-06-11,Stuck_at_Number_Screen,0.0,1.0,,1
018,Toffee,Weekly_Pass,2026-06-26,Success,3.0,99.0,5.0,0
019,Toffee,Daily_Pass,2026-06-27,Success,6.0,71.0,5.0,0
017,Bioscope,WC_Premium,2026-06-20,Success,3.0,122.0,5.0,0
016,Toffee,Daily_Pass,2026-06-13,Success,1.0,73.0,,1
019,Toffee,WC_Premium,2026-06-11,Success,2.0,125.0,4.0,0
014,Toffee,WC_Premium,2026-07-04,Stuck_at_Number_Screen,0.0,13.0,2.0,1
017,Bioscope,WC_Premium,2026-06-11,OTP_Failed,3.0,9.0,2.0,1
013,Bioscope,WC_Premium,2026-06-29,Success,9.0,101.0,5.0,0
017,Toffee,Daily_Pass,2026-07-09,Success,2.0,106.0,3.0,0
015,Toffee,WC_Premium,2026-06-20,Stuck_at_Number_Screen,0.0,4.0,1.0,1
014,Bioscope,Daily_Pass,2026-06-24,Success,8.0,97.0,,0
018,Bioscope,WC_Premium,2026-06-19,OTP_Failed,1.0,8.0,,0
019,Toffee,Daily_Pass,2026-06-13,Success,1.0,86.0,4.0,0
018,Bioscope,Daily_Pass,2026-06-26,Success,6.0,90.0,5.0,0
018,Toffee,WC_Premium,2026-06-19,Success,4.0,102.0,4.0,0
017,Toffee,Daily_Pass,2026-06-22,Stuck_at_Number_Screen,0.0,2.0,2.0,1
019,Other_Partner,Daily_Pass,2026-06-27,Success,6.0,106.0,,0
017,Other_Partner,Weekly_Pass,2026-06-16,Success,2.0,86.0,5.0,0
019,Toffee,WC_Premium,2026-06-17,Success,11.0,97.0,4.0,0
019,Toffee,Weekly_Pass,2026-06-30,OTP_Failed,4.0,3.0,2.0,1
016,Toffee,Weekly_Pass,2026-07-10,OTP_Failed,0.0,12.0,1.0,1
017,Toffee,WC_Premium,2026-06-23,Success,3.0,65.0,5.0,0
017,Toffee,Daily_Pass,2026-06-21,Success,2.0,56.0,3.0,0
017,Toffee,Weekly_Pass,2026-06-23,OTP_Failed,1.0,10.0,1.0,1
013,Other_Partner,WC_Premium,2026-06-14,OTP_Failed,1.0,11.0,1.0,1
017,Bioscope,Weekly_Pass,2026-07-05,Stuck_at_Number_Screen,2.0,8.0,2.0,1
014,Bioscope,Weekly_Pass,2026-07-09,OTP_Failed,3.0,4.0,,1
018,Bioscope,Daily_Pass,2026-06-30,Stuck_at_Number_Screen,0.0,4.0,1.0,1
017,Toffee,Daily_Pass,2026-07-09,Success,5.0,86.0,4.0,0
013,Toffee,Daily_Pass,2026-07-03,OTP_Failed,3.0,10.0,1.0,0
013,Toffee,Daily_Pass,2026-07-02,Stuck_at_Number_Screen,5.0,9.0,1.0,1
018,Bioscope,Daily_Pass,2026-06-14,Success,9.0,70.0,4.0,0
018,Toffee,Weekly_Pass,2026-06-18,Success,6.0,100.0,4.0,1
014,Bioscope,Daily_Pass,2026-06-19,Stuck_at_Number_Screen,1.0,0.0,1.0,1
018,Bioscope,WC_Premium,2026-07-01,Success,2.0,76.0,4.0,0
015,Toffee,WC_Premium,2026-06-25,OTP_Failed,1.0,0.0,1.0,1
019,Toffee,Daily_Pass,2026-06-18,Success,16.0,114.0,5.0,0
017,Bioscope,Weekly_Pass,2026-06-21,Success,12.0,70.0,5.0,0
014,Other_Partner,WC_Premium,2026-06-23,Success,2.0,60.0,,0
017,Bioscope,Weekly_Pass,2026-06-30,Buffer_Timeout,1.0,1.0,1.0,1
019,Toffee,WC_Premium,2026-06-20,Buffer_Timeout,3.0,15.0,1.0,0
013,Bioscope,Daily_Pass,2026-07-05,Success,4.0,81.0,4.0,0
019,Toffee,WC_Premium,2026-07-03,Success,10.0,79.0,5.0,0
019,Other_Partner,Weekly_Pass,2026-07-09,Success,0.0,109.0,5.0,0
019,Bioscope,Daily_Pass,2026-07-04,Success,2.0,90.0,4.0,0
019,Bioscope,WC_Premium,2026-06-22,Success,5.0,104.0,5.0,0
017,Toffee,WC_Premium,2026-06-21,Success,0.0,74.0,4.0,0
017,Bioscope,Daily_Pass,2026-06-27,Stuck_at_Number_Screen,1.0,2.0,1.0,1
013,Toffee,WC_Premium,2026-06-16,OTP_Failed,0.0,11.0,2.0,1
017,Toffee,Daily_Pass,2026-06-11,Success,4.0,117.0,,0
016,Toffee,Weekly_Pass,2026-07-07,OTP_Failed,2.0,11.0,,1
017,Other_Partner,Daily_Pass,2026-07-07,Success,10.0,94.0,4.0,0
015,Bioscope,Daily_Pass,2026-07-03,Success,1.0,92.0,,0
018,Toffee,WC_Premium,2026-06-14,OTP_Failed,1.0,3.0,1.0,1
019,Bioscope,Daily_Pass,2026-06-23,Success,6.0,93.0,5.0,0
017,Toffee,Daily_Pass,2026-07-03,Success,0.0,97.0,4.0,0
019,Toffee,Weekly_Pass,2026-06-27,Success,1.0,106.0,,0
014,Toffee,Daily_Pass,2026-06-25,Buffer_Timeout,1.0,6.0,2.0,0
018,Bioscope,Weekly_Pass,2026-06-20,OTP_Failed,1.0,0.0,,0
018,Bioscope,Daily_Pass,2026-06-13,Success,6.0,85.0,4.0,0
019,Toffee,WC_Premium,2026-06-13,Stuck_at_Number_Screen,3.0,0.0,2.0,1
017,Bioscope,Daily_Pass,2026-07-05,Success,4.0,119.0,5.0,0
018,Toffee,Daily_Pass,2026-07-02,Buffer_Timeout,3.0,0.0,1.0,0
013,Bioscope,Daily_Pass,2026-06-21,OTP_Failed,0.0,11.0,1.0,1
017,Toffee,Weekly_Pass,2026-06-21,OTP_Failed,5.0,6.0,1.0,1
013,Bioscope,Daily_Pass,2026-07-03,Stuck_at_Number_Screen,0.0,7.0,2.0,1
017,Bioscope,Weekly_Pass,2026-06-18,OTP_Failed,1.0,7.0,2.0,1
017,Bioscope,Daily_Pass,2026-06-15,Buffer_Timeout,0.0,3.0,,0
017,Toffee,WC_Premium,2026-07-08,Stuck_at_Number_Screen,1.0,0.0,,0
015,Bioscope,Daily_Pass,2026-06-30,Success,39.0,60.0,1.0,0
018,Toffee,WC_Premium,2026-06-29,Success,6.0,99.0,4.0,0
015,Bioscope,Daily_Pass,2026-07-02,Success,8.0,104.0,3.0,0
013,Toffee,Daily_Pass,2026-07-06,Success,1.0,85.0,,0
017,Toffee,Daily_Pass,2026-06-24,Success,12.0,32.0,4.0,0
018,Bioscope,Daily_Pass,2026-06-26,Success,9.0,88.0,4.0,0
013,Bioscope,Weekly_Pass,2026-06-21,Success,6.0,79.0,,0
017,Toffee,WC_Premium,2026-07-03,OTP_Failed,1.0,0.0,,1
018,Other_Partner,Daily_Pass,2026-06-12,Stuck_at_Number_Screen,2.0,3.0,1.0,1
017,Other_Partner,Weekly_Pass,2026-06-12,Success,2.0,130.0,,0
018,Bioscope,Daily_Pass,2026-06-20,Success,6.0,123.0,3.0,0
016,Toffee,Daily_Pass,2026-06-28,Success,5.0,94.0,4.0,0
017,Bioscope,Daily_Pass,2026-06-25,Buffer_Timeout,3.0,13.0,1.0,0
017,Toffee,WC_Premium,2026-07-04,Success,11.0,85.0,4.0,0
019,Toffee,Daily_Pass,2026-06-27,Buffer_Timeout,3.0,8.0,1.0,1
018,Other_Partner,WC_Premium,2026-06-13,Stuck_at_Number_Screen,2.0,0.0,1.0,1
017,Other_Partner,Daily_Pass,2026-07-10,Stuck_at_Number_Screen,0.0,8.0,,1
015,Other_Partner,Daily_Pass,2026-07-03,Success,3.0,98.0,5.0,0
017,Toffee,Weekly_Pass,2026-06-11,Success,23.0,59.0,1.0,0
016,Toffee,Daily_Pass,2026-06-28,Buffer_Timeout,0.0,9.0,1.0,0
015,Toffee,Daily_Pass,2026-06-15,Success,3.0,86.0,,0
017,Toffee,Daily_Pass,2026-06-30,OTP_Failed,3.0,0.0,1.0,1
017,Toffee,Daily_Pass,2026-06-13,Success,22.0,73.0,,0
017,Toffee,WC_Premium,2026-07-07,Success,3.0,80.0,,1
017,Bioscope,Daily_Pass,2026-07-04,Buffer_Timeout,0.0,1.0,,0
017,Bioscope,WC_Premium,2026-07-05,Success,13.0,110.0,,0
016,Bioscope,Daily_Pass,2026-06-12,Stuck_at_Number_Screen,3.0,4.0,,1
017,Bioscope,WC_Premium,2026-07-06,OTP_Failed,1.0,3.0,2.0,0
018,Toffee,Weekly_Pass,2026-07-02,Success,11.0,81.0,,0
015,Toffee,Daily_Pass,2026-06-19,OTP_Failed,0.0,6.0,2.0,1
019,Bioscope,WC_Premium,2026-07-03,Buffer_Timeout,3.0,6.0,2.0,0
018,Bioscope,Daily_Pass,2026-07-02,Buffer_Timeout,0.0,12.0,,0
017,Bioscope,Weekly_Pass,2026-06-26,Stuck_at_Number_Screen,5.0,11.0,,1
018,Toffee,Weekly_Pass,2026-06-21,Success,2.0,81.0,4.0,0
018,Toffee,Daily_Pass,2026-06-19,Success,4.0,85.0,4.0,0
013,Bioscope,WC_Premium,2026-06-22,Success,22.0,94.0,1.0,0
017,Bioscope,WC_Premium,2026-06-26,Success,2.0,88.0,,0
019,Other_Partner,WC_Premium,2026-06-25,Success,1.0,95.0,4.0,1
013,Bioscope,WC_Premium,2026-06-17,Success,4.0,72.0,3.0,0
017,Bioscope,Weekly_Pass,2026-07-07,Success,0.0,89.0,4.0,0
013,Bioscope,Daily_Pass,2026-06-28,Success,5.0,99.0,5.0,0
013,Bioscope,WC_Premium,2026-06-17,Success,1.0,85.0,4.0,0
019,Bioscope,Daily_Pass,2026-07-02,Success,5.0,98.0,4.0,0
016,Other_Partner,Daily_Pass,2026-07-10,OTP_Failed,2.0,6.0,1.0,1
019,Bioscope,Weekly_Pass,2026-07-09,Success,9.0,87.0,3.0,0
017,Other_Partner,WC_Premium,2026-07-10,Success,5.0,106.0,4.0,0
013,Toffee,Daily_Pass,2026-07-10,Stuck_at_Number_Screen,4.0,5.0,2.0,0
018,Bioscope,WC_Premium,2026-06-23,Success,6.0,101.0,,0
017,Bioscope,Weekly_Pass,2026-07-07,Buffer_Timeout,5.0,0.0,1.0,0
017,Toffee,Daily_Pass,2026-06-29,OTP_Failed,2.0,13.0,,1
019,Bioscope,WC_Premium,2026-07-06,Success,10.0,75.0,4.0,0
017,Toffee,WC_Premium,2026-07-09,Success,3.0,97.0,4.0,0
018,Bioscope,Daily_Pass,2026-06-27,Buffer_Timeout,1.0,0.0,1.0,0
017,Bioscope,Daily_Pass,2026-06-27,Success,5.0,93.0,4.0,0
017,Toffee,Daily_Pass,2026-06-26,Success,3.0,71.0,4.0,1
017,Toffee,WC_Premium,2026-07-05,Buffer_Timeout,0.0,7.0,1.0,0
015,Bioscope,Daily_Pass,2026-07-05,Stuck_at_Number_Screen,1.0,7.0,2.0,1
019,Bioscope,Daily_Pass,2026-07-10,Stuck_at_Number_Screen,6.0,10.0,1.0,1
015,Toffee,WC_Premium,2026-06-23,Stuck_at_Number_Screen,2.0,6.0,1.0,1
018,Bioscope,Weekly_Pass,2026-06-15,Stuck_at_Number_Screen,0.0,6.0,,1
017,Bioscope,Daily_Pass,2026-06-12,Success,3.0,69.0,4.0,0
018,Bioscope,WC_Premium,2026-06-29,Success,6.0,102.0,3.0,0
018,Toffee,WC_Premium,2026-07-09,Stuck_at_Number_Screen,0.0,10.0,,1
019,Other_Partner,WC_Premium,2026-07-09,Success,1.0,80.0,5.0,1
017,Toffee,Daily_Pass,2026-07-07,Success,22.0,78.0,2.0,0
018,Bioscope,WC_Premium,2026-06-22,Success,4.0,109.0,,0
017,Bioscope,WC_Premium,2026-07-02,Success,1.0,77.0,4.0,0
017,Toffee,Daily_Pass,2026-07-04,Success,17.0,106.0,4.0,0
016,Bioscope,Weekly_Pass,2026-07-05,Stuck_at_Number_Screen,3.0,6.0,1.0,1
018,Toffee,Daily_Pass,2026-07-02,Stuck_at_Number_Screen,0.0,7.0,2.0,1
013,Bioscope,WC_Premium,2026-06-15,Success,5.0,86.0,4.0,0
013,Bioscope,WC_Premium,2026-07-09,Stuck_at_Number_Screen,2.0,13.0,1.0,0
018,Bioscope,WC_Premium,2026-07-10,OTP_Failed,1.0,10.0,1.0,1
019,Bioscope,Daily_Pass,2026-06-27,Success,7.0,68.0,4.0,0
019,Bioscope,Weekly_Pass,2026-07-09,Success,2.0,98.0,4.0,0
015,Bioscope,Daily_Pass,2026-07-07,Success,1.0,73.0,5.0,1
019,Bioscope,WC_Premium,2026-07-03,Stuck_at_Number_Screen,1.0,1.0,1.0,1
017,Toffee,Weekly_Pass,2026-07-09,Success,0.0,76.0,5.0,0
016,Bioscope,Daily_Pass,2026-07-06,Success,6.0,96.0,4.0,0
013,Other_Partner,Daily_Pass,2026-07-01,Success,1.0,127.0,,0
017,Toffee,Weekly_Pass,2026-06-26,Buffer_Timeout,1.0,9.0,2.0,1
019,Toffee,Weekly_Pass,2026-06-11,OTP_Failed,1.0,1.0,1.0,1
017,Toffee,WC_Premium,2026-06-21,Success,13.0,46.0,5.0,0
014,Toffee,Daily_Pass,2026-06-15,Buffer_Timeout,3.0,13.0,1.0,0
018,Toffee,Weekly_Pass,2026-06-26,Success,6.0,110.0,5.0,0
018,Toffee,Daily_Pass,2026-06-24,OTP_Failed,2.0,2.0,,1
016,Toffee,Weekly_Pass,2026-06-14,Success,11.0,89.0,5.0,0
019,Bioscope,WC_Premium,2026-06-21,Success,8.0,112.0,4.0,0
018,Toffee,Weekly_Pass,2026-06-21,Stuck_at_Number_Screen,0.0,12.0,,1
018,Bioscope,Daily_Pass,2026-06-24,Stuck_at_Number_Screen,2.0,3.0,1.0,1
017,Bioscope,WC_Premium,2026-06-26,Success,2.0,57.0,5.0,0
018,Other_Partner,Daily_Pass,2026-06-14,Success,25.0,107.0,1.0,0
017,Bioscope,WC_Premium,2026-07-04,Success,6.0,109.0,3.0,0
016,Toffee,Weekly_Pass,2026-06-23,OTP_Failed,0.0,0.0,,1
018,Other_Partner,Daily_Pass,2026-06-28,Success,4.0,93.0,4.0,0
016,Bioscope,Daily_Pass,2026-07-10,OTP_Failed,0.0,15.0,2.0,1
017,Toffee,Daily_Pass,2026-06-19,Stuck_at_Number_Screen,0.0,8.0,1.0,1
017,Toffee,WC_Premium,2026-06-29,Success,2.0,83.0,4.0,0
016,Toffee,WC_Premium,2026-07-02,Stuck_at_Number_Screen,2.0,6.0,2.0,1
017,Toffee,Weekly_Pass,2026-06-28,Success,17.0,86.0,5.0,0
017,Toffee,Daily_Pass,2026-06-19,OTP_Failed,4.0,0.0,2.0,1
017,Other_Partner,WC_Premium,2026-06-27,OTP_Failed,1.0,0.0,1.0,1
015,Bioscope,Weekly_Pass,2026-06-23,Success,12.0,77.0,,0
016,Bioscope,Weekly_Pass,2026-07-04,Success,14.0,97.0,5.0,0
013,Bioscope,Weekly_Pass,2026-07-10,Buffer_Timeout,2.0,2.0,1.0,0
017,Bioscope,Daily_Pass,2026-07-06,Success,5.0,67.0,5.0,0
017,Bioscope,Weekly_Pass,2026-06-24,Success,11.0,99.0,4.0,0
019,Other_Partner,Weekly_Pass,2026-06-21,Success,3.0,127.0,5.0,0
016,Toffee,Weekly_Pass,2026-06-13,Success,1.0,80.0,,0
017,Other_Partner,WC_Premium,2026-07-02,Success,4.0,89.0,4.0,0
017,Bioscope,Daily_Pass,2026-06-23,Success,14.0,73.0,,0
017,Toffee,Weekly_Pass,2026-06-29,Success,23.0,89.0,,0
016,Bioscope,Daily_Pass,2026-07-02,OTP_Failed,3.0,2.0,1.0,0
019,Bioscope,WC_Premium,2026-06-27,Success,2.0,93.0,4.0,0
017,Other_Partner,Daily_Pass,2026-07-03,Success,0.0,81.0,,0
017,Toffee,Daily_Pass,2026-07-02,Success,3.0,123.0,4.0,0
017,Bioscope,WC_Premium,2026-06-17,Success,1.0,122.0,5.0,0
015,Toffee,Daily_Pass,2026-07-01,Success,3.0,80.0,3.0,0
017,Toffee,Weekly_Pass,2026-07-04,OTP_Failed,1.0,6.0,1.0,0
019,Toffee,WC_Premium,2026-06-19,Success,21.0,75.0,2.0,0
018,Bioscope,Weekly_Pass,2026-06-25,Success,1.0,107.0,,0
013,Bioscope,Daily_Pass,2026-07-05,OTP_Failed,1.0,9.0,1.0,1
017,Toffee,Daily_Pass,2026-07-02,Buffer_Timeout,4.0,3.0,1.0,0
017,Bioscope,WC_Premium,2026-07-04,Success,12.0,90.0,4.0,0
018,Toffee,Daily_Pass,2026-06-22,OTP_Failed,3.0,5.0,1.0,1
019,Toffee,WC_Premium,2026-06-17,Success,2.0,76.0,4.0,0
018,Bioscope,WC_Premium,2026-07-08,Stuck_at_Number_Screen,9.0,2.0,1.0,1
018,Toffee,Weekly_Pass,2026-07-10,OTP_Failed,4.0,8.0,1.0,1
017,Bioscope,WC_Premium,2026-07-01,OTP_Failed,1.0,8.0,1.0,1
015,Toffee,Daily_Pass,2026-07-03,Stuck_at_Number_Screen,0.0,13.0,2.0,1
019,Toffee,Weekly_Pass,2026-06-11,Success,9.0,44.0,5.0,0
017,Bioscope,Weekly_Pass,2026-06-15,Success,1.0,71.0,4.0,0
015,Bioscope,Daily_Pass,2026-06-14,Success,3.0,126.0,4.0,0
018,Toffee,Daily_Pass,2026-06-15,OTP_Failed,3.0,8.0,2.0,0
018,Bioscope,Weekly_Pass,2026-07-03,Stuck_at_Number_Screen,0.0,0.0,2.0,1
016,Bioscope,Weekly_Pass,2026-06-20,Success,3.0,85.0,3.0,0
019,Bioscope,Weekly_Pass,2026-07-01,Success,24.0,94.0,1.0,0
016,Toffee,WC_Premium,2026-06-25,OTP_Failed,5.0,0.0,1.0,1
017,Bioscope,Weekly_Pass,2026-06-12,Success,25.0,107.0,1.0,1
017,Bioscope,WC_Premium,2026-07-01,Success,3.0,82.0,4.0,0
014,Toffee,WC_Premium,2026-06-28,Success,8.0,81.0,,0
017,Bioscope,Daily_Pass,2026-06-28,Success,4.0,115.0,4.0,0
013,Other_Partner,Daily_Pass,2026-06-18,Success,25.0,83.0,,0
013,Bioscope,Weekly_Pass,2026-06-28,Success,16.0,108.0,,1
013,Bioscope,WC_Premium,2026-06-28,Success,25.0,94.0,,0
018,Bioscope,Daily_Pass,2026-06-25,Buffer_Timeout,3.0,9.0,,0
014,Bioscope,Weekly_Pass,2026-07-07,Success,6.0,88.0,4.0,0
017,Bioscope,Daily_Pass,2026-06-21,OTP_Failed,4.0,6.0,,0
017,Bioscope,Daily_Pass,2026-07-10,OTP_Failed,7.0,12.0,1.0,1
017,Bioscope,Weekly_Pass,2026-06-25,Buffer_Timeout,3.0,7.0,2.0,0
019,Toffee,Daily_Pass,2026-07-09,OTP_Failed,1.0,1.0,1.0,1
018,Toffee,Weekly_Pass,2026-06-22,OTP_Failed,2.0,3.0,,1
017,Bioscope,WC_Premium,2026-06-11,Stuck_at_Number_Screen,0.0,9.0,1.0,1
019,Toffee,WC_Premium,2026-06-13,Success,0.0,83.0,5.0,0
019,Bioscope,Daily_Pass,2026-06-20,Success,2.0,64.0,4.0,0
019,Other_Partner,WC_Premium,2026-07-07,Success,2.0,94.0,5.0,0
014,Bioscope,WC_Premium,2026-06-20,Success,23.0,77.0,1.0,0
017,Other_Partner,Daily_Pass,2026-06-22,Success,1.0,92.0,4.0,0
019,Bioscope,Weekly_Pass,2026-07-03,Success,9.0,82.0,5.0,0
018,Toffee,WC_Premium,2026-07-07,Success,14.0,98.0,,0
019,Bioscope,Daily_Pass,2026-06-11,Stuck_at_Number_Screen,0.0,14.0,,0
016,Toffee,WC_Premium,2026-06-11,Buffer_Timeout,1.0,15.0,,0
019,Toffee,Weekly_Pass,2026-06-17,Success,5.0,84.0,,0
016,Toffee,Daily_Pass,2026-06-29,Success,8.0,92.0,,0
017,Toffee,Weekly_Pass,2026-07-02,Buffer_Timeout,0.0,6.0,2.0,1
018,Toffee,Daily_Pass,2026-07-03,OTP_Failed,1.0,2.0,1.0,1
015,Toffee,Daily_Pass,2026-06-21,Stuck_at_Number_Screen,1.0,0.0,2.0,1
014,Bioscope,Weekly_Pass,2026-06-27,Success,15.0,117.0,5.0,0
017,Bioscope,Weekly_Pass,2026-06-14,Stuck_at_Number_Screen,4.0,10.0,1.0,1
017,Toffee,Weekly_Pass,2026-07-09,Stuck_at_Number_Screen,0.0,0.0,2.0,1
017,Toffee,Daily_Pass,2026-06-13,Success,2.0,115.0,5.0,0
016,Bioscope,WC_Premium,2026-06-21,Success,14.0,94.0,4.0,0
019,Bioscope,Weekly_Pass,2026-06-26,Success,7.0,95.0,,0
017,Other_Partner,WC_Premium,2026-06-19,Success,3.0,115.0,4.0,0
018,Toffee,WC_Premium,2026-07-04,Buffer_Timeout,2.0,4.0,1.0,1
019,Bioscope,Daily_Pass,2026-06-17,Success,52.0,62.0,1.0,0
016,Bioscope,Daily_Pass,2026-06-19,Stuck_at_Number_Screen,3.0,4.0,2.0,1
018,Bioscope,WC_Premium,2026-06-25,Stuck_at_Number_Screen,0.0,11.0,2.0,1
018,Toffee,WC_Premium,2026-06-19,Success,54.0,58.0,1.0,1
018,Toffee,Daily_Pass,2026-06-11,OTP_Failed,1.0,0.0,1.0,0
017,Toffee,WC_Premium,2026-06-21,Success,16.0,68.0,5.0,0
018,Toffee,Daily_Pass,2026-06-25,Success,5.0,110.0,5.0,0
016,Bioscope,Daily_Pass,2026-07-06,Buffer_Timeout,1.0,11.0,2.0,0
019,Bioscope,Weekly_Pass,2026-06-17,Success,11.0,75.0,5.0,0
018,Bioscope,Daily_Pass,2026-07-03,Success,16.0,110.0,5.0,0
019,Bioscope,WC_Premium,2026-06-19,Stuck_at_Number_Screen,4.0,10.0,,1
017,Bioscope,WC_Premium,2026-06-16,OTP_Failed,0.0,7.0,,1
018,Toffee,Weekly_Pass,2026-06-22,OTP_Failed,5.0,6.0,1.0,0
017,Other_Partner,Daily_Pass,2026-06-22,Stuck_at_Number_Screen,3.0,3.0,,0
017,Bioscope,Daily_Pass,2026-07-02,Success,4.0,80.0,4.0,0
016,Toffee,Daily_Pass,2026-06-24,OTP_Failed,1.0,0.0,2.0,1
015,Toffee,Weekly_Pass,2026-06-25,Stuck_at_Number_Screen,0.0,3.0,1.0,1
017,Bioscope,Daily_Pass,2026-06-13,Success,10.0,96.0,5.0,0
013,Bioscope,Weekly_Pass,2026-06-11,Success,11.0,63.0,5.0,0
019,Toffee,Weekly_Pass,2026-06-23,Success,3.0,103.0,,0
017,Bioscope,WC_Premium,2026-07-02,Success,1.0,86.0,5.0,0
018,Bioscope,WC_Premium,2026-06-11,Success,28.0,91.0,2.0,0
016,Bioscope,Weekly_Pass,2026-06-21,OTP_Failed,1.0,8.0,2.0,1
018,Toffee,Weekly_Pass,2026-07-10,Buffer_Timeout,4.0,3.0,2.0,0
017,Toffee,Daily_Pass,2026-06-26,OTP_Failed,0.0,6.0,2.0,1
013,Other_Partner,Daily_Pass,2026-07-01,Stuck_at_Number_Screen,6.0,0.0,2.0,1
019,Bioscope,WC_Premium,2026-06-13,Success,15.0,100.0,3.0,1
018,Toffee,Weekly_Pass,2026-06-26,Success,18.0,101.0,4.0,0
017,Toffee,Daily_Pass,2026-07-06,Buffer_Timeout,4.0,8.0,1.0,0
019,Toffee,Weekly_Pass,2026-07-08,Stuck_at_Number_Screen,2.0,0.0,,1
017,Toffee,WC_Premium,2026-07-10,Success,1.0,76.0,4.0,0
016,Bioscope,Daily_Pass,2026-07-07,OTP_Failed,2.0,8.0,1.0,1
017,Other_Partner,Daily_Pass,2026-06-19,Success,8.0,76.0,5.0,0
015,Toffee,WC_Premium,2026-06-27,Success,5.0,93.0,3.0,0
013,Toffee,Weekly_Pass,2026-06-26,Stuck_at_Number_Screen,1.0,7.0,1.0,1
017,Bioscope,Weekly_Pass,2026-06-26,Stuck_at_Number_Screen,0.0,0.0,2.0,1
017,Toffee,Daily_Pass,2026-07-07,Success,2.0,72.0,4.0,0
017,Other_Partner,WC_Premium,2026-06-22,Success,8.0,100.0,4.0,0
019,Bioscope,WC_Premium,2026-06-13,Success,19.0,105.0,3.0,0
015,Other_Partner,Weekly_Pass,2026-06-29,OTP_Failed,0.0,8.0,2.0,1
013,Toffee,Daily_Pass,2026-06-11,Success,18.0,58.0,4.0,0
013,Toffee,Weekly_Pass,2026-06-27,Buffer_Timeout,1.0,0.0,,0
016,Toffee,Daily_Pass,2026-06-19,Stuck_at_Number_Screen,4.0,4.0,1.0,1
019,Toffee,Daily_Pass,2026-06-25,Success,3.0,63.0,,0
018,Toffee,Daily_Pass,2026-06-24,OTP_Failed,1.0,2.0,1.0,1
013,Other_Partner,Daily_Pass,2026-06-22,Success,5.0,134.0,4.0,0
013,Bioscope,WC_Premium,2026-06-11,Success,5.0,115.0,5.0,0
016,Bioscope,Daily_Pass,2026-06-25,Success,5.0,74.0,5.0,0
017,Toffee,Weekly_Pass,2026-07-09,Buffer_Timeout,2.0,0.0,,0
018,Bioscope,Daily_Pass,2026-06-23,Success,9.0,97.0,5.0,0
013,Bioscope,Weekly_Pass,2026-06-13,Stuck_at_Number_Screen,1.0,2.0,,0
019,Toffee,Daily_Pass,2026-06-13,Success,0.0,103.0,4.0,0
017,Other_Partner,Weekly_Pass,2026-07-06,Success,13.0,89.0,5.0,0
018,Toffee,WC_Premium,2026-07-04,OTP_Failed,2.0,15.0,1.0,1
018,Toffee,WC_Premium,2026-07-01,Stuck_at_Number_Screen,1.0,6.0,1.0,1
018,Toffee,Weekly_Pass,2026-06-30,Success,5.0,98.0,,0
017,Bioscope,Daily_Pass,2026-07-03,Success,6.0,123.0,5.0,0
018,Bioscope,Daily_Pass,2026-06-17,Success,9.0,59.0,4.0,0
018,Toffee,WC_Premium,2026-06-13,Success,1.0,112.0,5.0,0
018,Toffee,Daily_Pass,2026-06-13,OTP_Failed,1.0,11.0,1.0,1
018,Toffee,Weekly_Pass,2026-06-14,Success,1.0,94.0,4.0,0
016,Toffee,WC_Premium,2026-06-23,OTP_Failed,0.0,6.0,2.0,1
019,Toffee,WC_Premium,2026-06-28,OTP_Failed,0.0,3.0,,1
017,Toffee,WC_Premium,2026-06-22,Success,2.0,62.0,3.0,1
019,Toffee,WC_Premium,2026-06-28,Success,5.0,83.0,4.0,0
018,Bioscope,Weekly_Pass,2026-06-20,Success,6.0,72.0,4.0,0
017,Bioscope,WC_Premium,2026-06-24,Success,3.0,76.0,4.0,0
017,Bioscope,Daily_Pass,2026-06-26,Stuck_at_Number_Screen,2.0,6.0,1.0,1
017,Toffee,WC_Premium,2026-07-03,Success,2.0,79.0,,0
019,Toffee,Daily_Pass,2026-06-29,OTP_Failed,6.0,8.0,1.0,1
016,Toffee,Weekly_Pass,2026-07-01,Success,6.0,92.0,,0
019,Toffee,Daily_Pass,2026-06-12,Success,0.0,88.0,5.0,0
018,Toffee,Daily_Pass,2026-06-22,Success,4.0,72.0,5.0,0
013,Bioscope,Weekly_Pass,2026-07-09,Stuck_at_Number_Screen,2.0,5.0,,0
017,Other_Partner,Daily_Pass,2026-06-27,Success,1.0,108.0,4.0,0
017,Toffee,Weekly_Pass,2026-06-26,OTP_Failed,2.0,0.0,1.0,1
013,Toffee,Weekly_Pass,2026-07-05,Success,11.0,72.0,4.0,0
017,Other_Partner,Weekly_Pass,2026-07-10,Success,3.0,93.0,,0
017,Toffee,Daily_Pass,2026-06-30,Success,5.0,57.0,,0
018,Bioscope,Weekly_Pass,2026-07-05,Success,0.0,91.0,5.0,0
016,Other_Partner,WC_Premium,2026-06-15,OTP_Failed,4.0,0.0,,0
015,Other_Partner,Daily_Pass,2026-06-15,Success,7.0,101.0,,0
014,Toffee,Weekly_Pass,2026-06-26,Success,2.0,93.0,5.0,0
018,Toffee,Weekly_Pass,2026-06-29,OTP_Failed,1.0,15.0,2.0,1
013,Toffee,WC_Premium,2026-07-01,Success,6.0,86.0,3.0,0
018,Bioscope,Weekly_Pass,2026-07-06,Success,19.0,99.0,4.0,0
019,Other_Partner,Daily_Pass,2026-07-02,Stuck_at_Number_Screen,1.0,2.0,1.0,1
017,Bioscope,WC_Premium,2026-07-07,Success,4.0,85.0,,0
013,Bioscope,WC_Premium,2026-06-28,Buffer_Timeout,2.0,0.0,1.0,0
019,Bioscope,WC_Premium,2026-06-15,Success,1.0,73.0,4.0,0
013,Bioscope,Weekly_Pass,2026-07-07,Success,0.0,93.0,5.0,0
018,Bioscope,WC_Premium,2026-06-17,Buffer_Timeout,4.0,6.0,1.0,0
018,Bioscope,Weekly_Pass,2026-06-22,Stuck_at_Number_Screen,2.0,7.0,1.0,1
017,Bioscope,WC_Premium,2026-06-25,Success,6.0,100.0,,0
013,Toffee,WC_Premium,2026-07-04,OTP_Failed,1.0,0.0,1.0,0
017,Bioscope,WC_Premium,2026-06-25,Success,8.0,119.0,,0
017,Toffee,Weekly_Pass,2026-06-30,Success,1.0,65.0,5.0,0
017,Toffee,WC_Premium,2026-07-08,OTP_Failed,2.0,7.0,2.0,1
019,Bioscope,Daily_Pass,2026-06-16,Success,11.0,112.0,3.0,0
017,Bioscope,Daily_Pass,2026-06-29,Success,13.0,71.0,4.0,0
018,Other_Partner,Weekly_Pass,2026-07-01,Success,3.0,72.0,4.0,0
017,Toffee,Weekly_Pass,2026-07-09,Success,6.0,80.0,4.0,1
014,Bioscope,Daily_Pass,2026-07-10,Success,2.0,109.0,4.0,0
017,Toffee,Weekly_Pass,2026-07-02,Success,18.0,75.0,5.0,0
013,Other_Partner,Daily_Pass,2026-07-07,Success,4.0,100.0,4.0,0
019,Toffee,Weekly_Pass,2026-06-13,Success,30.0,81.0,1.0,1
019,Bioscope,WC_Premium,2026-07-05,Success,13.0,89.0,4.0,0
017,Bioscope,WC_Premium,2026-06-11,Buffer_Timeout,5.0,9.0,1.0,1
019,Toffee,Daily_Pass,2026-07-10,OTP_Failed,2.0,4.0,2.0,1
018,Other_Partner,WC_Premium,2026-06-24,Success,3.0,88.0,5.0,0
018,Bioscope,Weekly_Pass,2026-06-29,Buffer_Timeout,1.0,0.0,,0
017,Toffee,WC_Premium,2026-06-18,Stuck_at_Number_Screen,4.0,4.0,1.0,1
017,Toffee,Weekly_Pass,2026-06-14,Success,22.0,99.0,,0
016,Toffee,WC_Premium,2026-06-15,OTP_Failed,2.0,6.0,1.0,1
018,Toffee,WC_Premium,2026-06-30,OTP_Failed,3.0,12.0,,0
013,Bioscope,Weekly_Pass,2026-06-12,Success,12.0,42.0,4.0,0
016,Other_Partner,Daily_Pass,2026-06-26,Success,2.0,103.0,,0
019,Toffee,Weekly_Pass,2026-06-17,OTP_Failed,2.0,7.0,2.0,1
017,Toffee,Weekly_Pass,2026-06-12,Success,6.0,103.0,5.0,0
018,Bioscope,Weekly_Pass,2026-07-03,Stuck_at_Number_Screen,3.0,8.0,1.0,1
017,Toffee,Daily_Pass,2026-07-06,Success,0.0,64.0,4.0,0
019,Toffee,Weekly_Pass,2026-07-08,Buffer_Timeout,2.0,10.0,1.0,0
016,Toffee,Weekly_Pass,2026-06-17,Stuck_at_Number_Screen,2.0,3.0,1.0,1
015,Bioscope,WC_Premium,2026-06-24,Stuck_at_Number_Screen,3.0,8.0,1.0,1
017,Bioscope,WC_Premium,2026-07-02,Success,4.0,64.0,,0
017,Bioscope,Daily_Pass,2026-06-19,Stuck_at_Number_Screen,0.0,15.0,2.0,1
017,Toffee,Daily_Pass,2026-06-28,Success,4.0,91.0,,0
017,Bioscope,Daily_Pass,2026-07-07,OTP_Failed,1.0,0.0,1.0,1
017,Bioscope,Daily_Pass,2026-07-04,Success,8.0,95.0,3.0,0
014,Bioscope,Daily_Pass,2026-06-18,Stuck_at_Number_Screen,3.0,9.0,,1
017,Toffee,WC_Premium,2026-07-01,Success,7.0,117.0,,0
017,Bioscope,WC_Premium,2026-06-16,OTP_Failed,3.0,7.0,2.0,1
019,Bioscope,Daily_Pass,2026-06-19,Stuck_at_Number_Screen,2.0,7.0,,1
013,Toffee,Weekly_Pass,2026-06-28,OTP_Failed,4.0,8.0,1.0,1
019,Toffee,WC_Premium,2026-07-10,Success,14.0,79.0,5.0,0
017,Other_Partner,WC_Premium,2026-07-03,Success,21.0,86.0,2.0,0
018,Bioscope,WC_Premium,2026-07-01,Success,2.0,110.0,5.0,0
017,Other_Partner,Daily_Pass,2026-07-09,Success,1.0,92.0,,0
017,Bioscope,Daily_Pass,2026-06-18,Success,11.0,104.0,5.0,0
014,Bioscope,Daily_Pass,2026-06-19,Success,2.0,70.0,,0
017,Toffee,Weekly_Pass,2026-06-14,OTP_Failed,0.0,1.0,1.0,1
018,Toffee,WC_Premium,2026-06-23,Success,31.0,88.0,1.0,0
013,Other_Partner,Daily_Pass,2026-06-24,Buffer_Timeout,1.0,13.0,1.0,0
017,Toffee,WC_Premium,2026-07-03,Success,15.0,107.0,5.0,0
019,Toffee,Weekly_Pass,2026-06-11,OTP_Failed,1.0,3.0,1.0,1
017,Bioscope,WC_Premium,2026-07-06,Success,7.0,101.0,4.0,1
016,Bioscope,Daily_Pass,2026-06-11,Buffer_Timeout,0.0,2.0,,0
015,Toffee,Daily_Pass,2026-07-08,Success,36.0,97.0,1.0,1
018,Toffee,Daily_Pass,2026-06-12,Success,20.0,115.0,5.0,0
014,Toffee,Daily_Pass,2026-06-14,Success,8.0,101.0,5.0,0
017,Toffee,WC_Premium,2026-06-23,Success,1.0,70.0,4.0,0
013,Bioscope,Daily_Pass,2026-07-10,Success,4.0,93.0,,0
017,Toffee,WC_Premium,2026-06-26,OTP_Failed,2.0,1.0,1.0,1
016,Bioscope,Daily_Pass,2026-06-19,Success,4.0,97.0,5.0,0
015,Bioscope,Daily_Pass,2026-06-25,Stuck_at_Number_Screen,4.0,0.0,1.0,1
017,Bioscope,WC_Premium,2026-06-17,Stuck_at_Number_Screen,1.0,9.0,2.0,1
016,Toffee,WC_Premium,2026-07-03,Buffer_Timeout,2.0,3.0,,0
017,Bioscope,Weekly_Pass,2026-07-07,Success,15.0,108.0,4.0,0
018,Toffee,WC_Premium,2026-07-02,Success,13.0,78.0,4.0,0
018,Toffee,Weekly_Pass,2026-06-25,Success,8.0,62.0,,0
015,Bioscope,Weekly_Pass,2026-06-14,Success,26.0,110.0,,0
018,Toffee,WC_Premium,2026-06-26,Success,3.0,98.0,4.0,0
017,Bioscope,Daily_Pass,2026-06-19,Success,15.0,93.0,4.0,0
017,Toffee,Daily_Pass,2026-07-07,Success,10.0,107.0,4.0,0
017,Toffee,Weekly_Pass,2026-06-21,OTP_Failed,1.0,8.0,1.0,0
017,Other_Partner,Daily_Pass,2026-06-26,Success,4.0,99.0,5.0,0
017,Bioscope,Daily_Pass,2026-07-02,Success,24.0,94.0,1.0,0
019,Bioscope,Daily_Pass,2026-06-11,Success,2.0,114.0,4.0,0
018,Bioscope,WC_Premium,2026-07-02,Success,9.0,90.0,,0
018,Toffee,Weekly_Pass,2026-07-06,OTP_Failed,1.0,0.0,1.0,1
017,Bioscope,Weekly_Pass,2026-06-13,Stuck_at_Number_Screen,0.0,7.0,,0
019,Toffee,WC_Premium,2026-06-11,Buffer_Timeout,1.0,0.0,1.0,0
016,Bioscope,Weekly_Pass,2026-06-11,Stuck_at_Number_Screen,7.0,14.0,1.0,1
017,Bioscope,WC_Premium,2026-06-12,Success,6.0,92.0,5.0,0
016,Other_Partner,WC_Premium,2026-07-02,Success,2.0,117.0,4.0,0
018,Bioscope,WC_Premium,2026-07-05,Buffer_Timeout,5.0,7.0,1.0,0
017,Toffee,Weekly_Pass,2026-06-22,OTP_Failed,0.0,6.0,1.0,1
018,Bioscope,Weekly_Pass,2026-07-08,Stuck_at_Number_Screen,0.0,6.0,2.0,1
018,Toffee,Weekly_Pass,2026-06-12,OTP_Failed,4.0,0.0,1.0,1
017,Toffee,Weekly_Pass,2026-06-15,Success,0.0,96.0,4.0,0
014,Toffee,Daily_Pass,2026-06-18,Stuck_at_Number_Screen,0.0,1.0,,0
019,Bioscope,Weekly_Pass,2026-06-27,Success,2.0,78.0,4.0,0
016,Toffee,Daily_Pass,2026-06-14,Success,1.0,90.0,,0
018,Toffee,Daily_Pass,2026-06-22,Success,4.0,112.0,4.0,1
013,Other_Partner,Weekly_Pass,2026-06-11,Success,0.0,87.0,,0
016,Bioscope,WC_Premium,2026-06-16,Success,9.0,68.0,,0
018,Toffee,Daily_Pass,2026-07-10,Success,18.0,93.0,4.0,0
017,Toffee,Daily_Pass,2026-07-05,OTP_Failed,2.0,5.0,1.0,1
018,Bioscope,Weekly_Pass,2026-06-18,Success,0.0,102.0,,0
019,Bioscope,Weekly_Pass,2026-07-02,Success,13.0,118.0,4.0,0
018,Toffee,Daily_Pass,2026-06-13,OTP_Failed,3.0,4.0,1.0,0
017,Bioscope,Daily_Pass,2026-06-28,Stuck_at_Number_Screen,3.0,1.0,2.0,1
019,Bioscope,Weekly_Pass,2026-06-18,Success,1.0,104.0,4.0,0
017,Bioscope,WC_Premium,2026-06-21,OTP_Failed,3.0,2.0,1.0,1
017,Other_Partner,Daily_Pass,2026-06-12,Success,17.0,96.0,5.0,0
017,Bioscope,Daily_Pass,2026-07-07,Success,6.0,95.0,4.0,0
017,Bioscope,Weekly_Pass,2026-07-10,Success,1.0,79.0,4.0,0
019,Toffee,Daily_Pass,2026-06-28,Success,1.0,112.0,3.0,0
018,Bioscope,Daily_Pass,2026-06-19,OTP_Failed,3.0,8.0,1.0,0
017,Bioscope,Weekly_Pass,2026-06-16,Success,13.0,94.0,3.0,0
019,Toffee,WC_Premium,2026-06-12,Success,1.0,73.0,,0
019,Bioscope,Daily_Pass,2026-06-22,Success,7.0,54.0,4.0,0
019,Toffee,Weekly_Pass,2026-07-01,Stuck_at_Number_Screen,1.0,14.0,,1
017,Toffee,Daily_Pass,2026-07-08,Success,16.0,73.0,,0
018,Toffee,WC_Premium,2026-07-06,Buffer_Timeout,0.0,1.0,1.0,0
015,Bioscope,Daily_Pass,2026-06-20,Buffer_Timeout,1.0,3.0,,0
019,Other_Partner,Weekly_Pass,2026-06-26,OTP_Failed,0.0,3.0,1.0,1
017,Toffee,WC_Premium,2026-06-25,Stuck_at_Number_Screen,3.0,5.0,,1
017,Bioscope,WC_Premium,2026-07-03,Success,8.0,72.0,,0
018,Toffee,Weekly_Pass,2026-06-20,Success,8.0,51.0,,0
014,Other_Partner,Daily_Pass,2026-07-01,Buffer_Timeout,5.0,14.0,1.0,0
018,Bioscope,Weekly_Pass,2026-07-09,Success,7.0,79.0,5.0,0
018,Bioscope,Daily_Pass,2026-06-21,Success,6.0,93.0,4.0,0
017,Bioscope,Weekly_Pass,2026-06-26,Success,9.0,134.0,5.0,0
016,Toffee,WC_Premium,2026-07-06,OTP_Failed,0.0,0.0,,1
019,Bioscope,WC_Premium,2026-06-21,Success,6.0,117.0,4.0,0
013,Other_Partner,Weekly_Pass,2026-06-30,Success,1.0,88.0,,0
019,Toffee,WC_Premium,2026-07-01,Stuck_at_Number_Screen,2.0,3.0,1.0,1
015,Bioscope,WC_Premium,2026-07-05,Success,7.0,110.0,5.0,0
017,Other_Partner,WC_Premium,2026-06-26,Success,2.0,109.0,3.0,0
018,Toffee,WC_Premium,2026-07-01,Success,15.0,115.0,,0
017,Bioscope,Weekly_Pass,2026-06-21,Success,1.0,84.0,5.0,0
019,Other_Partner,Weekly_Pass,2026-06-11,Success,8.0,112.0,5.0,0
018,Bioscope,Daily_Pass,2026-07-02,Success,3.0,116.0,,0
018,Toffee,Daily_Pass,2026-07-05,OTP_Failed,1.0,1.0,,1
019,Toffee,Weekly_Pass,2026-06-11,OTP_Failed,0.0,7.0,2.0,1
013,Toffee,Daily_Pass,2026-06-15,Success,9.0,109.0,3.0,0
014,Bioscope,Weekly_Pass,2026-07-04,Buffer_Timeout,7.0,1.0,1.0,0
018,Bioscope,Weekly_Pass,2026-06-12,Success,4.0,105.0,4.0,0
017,Bioscope,Weekly_Pass,2026-06-25,Success,8.0,87.0,5.0,0
016,Toffee,Daily_Pass,2026-06-11,Stuck_at_Number_Screen,1.0,6.0,1.0,1
019,Toffee,Daily_Pass,2026-06-30,Success,0.0,98.0,5.0,0
017,Bioscope,Daily_Pass,2026-06-14,Stuck_at_Number_Screen,4.0,3.0,1.0,1
019,Bioscope,Daily_Pass,2026-06-27,Success,10.0,94.0,4.0,0
014,Other_Partner,WC_Premium,2026-07-08,Success,3.0,71.0,,0
017,Bioscope,Daily_Pass,2026-06-18,OTP_Failed,1.0,7.0,1.0,1
015,Bioscope,Daily_Pass,2026-06-14,Success,3.0,112.0,5.0,0
017,Bioscope,Daily_Pass,2026-06-14,Success,4.0,96.0,3.0,0
017,Bioscope,Weekly_Pass,2026-06-29,Success,3.0,74.0,5.0,0
017,Toffee,Weekly_Pass,2026-07-04,Success,3.0,84.0,4.0,1
019,Other_Partner,Daily_Pass,2026-07-04,Stuck_at_Number_Screen,10.0,7.0,1.0,1
016,Bioscope,WC_Premium,2026-06-13,Stuck_at_Number_Screen,1.0,14.0,2.0,1
017,Toffee,WC_Premium,2026-06-24,OTP_Failed,1.0,0.0,1.0,1
013,Toffee,Daily_Pass,2026-06-22,Success,3.0,101.0,,0
018,Toffee,Weekly_Pass,2026-07-03,Success,2.0,92.0,5.0,0
017,Bioscope,Weekly_Pass,2026-06-12,Stuck_at_Number_Screen,2.0,4.0,1.0,1
019,Toffee,Daily_Pass,2026-06-14,Success,1.0,89.0,5.0,0
019,Toffee,WC_Premium,2026-06-13,Success,22.0,62.0,1.0,1
018,Bioscope,Daily_Pass,2026-06-26,Stuck_at_Number_Screen,1.0,5.0,1.0,1
015,Toffee,Weekly_Pass,2026-06-11,Success,3.0,114.0,5.0,0
013,Bioscope,Weekly_Pass,2026-06-25,OTP_Failed,1.0,3.0,1.0,1
015,Toffee,Weekly_Pass,2026-06-18,Success,4.0,129.0,,0
016,Bioscope,WC_Premium,2026-06-30,Stuck_at_Number_Screen,1.0,0.0,,0
018,Toffee,Daily_Pass,2026-06-23,Success,9.0,73.0,4.0,0
017,Toffee,Daily_Pass,2026-06-21,Stuck_at_Number_Screen,3.0,14.0,1.0,1
019,Toffee,Weekly_Pass,2026-06-29,Success,0.0,86.0,5.0,0
013,Bioscope,Daily_Pass,2026-06-21,Buffer_Timeout,3.0,13.0,1.0,0
017,Bioscope,Daily_Pass,2026-07-05,Success,6.0,95.0,,0
017,Toffee,Weekly_Pass,2026-06-15,OTP_Failed,2.0,8.0,1.0,1
018,Bioscope,Daily_Pass,2026-07-09,Stuck_at_Number_Screen,2.0,5.0,2.0,1
018,Toffee,Daily_Pass,2026-07-01,Success,11.0,100.0,4.0,0
016,Other_Partner,Daily_Pass,2026-06-13,Success,5.0,106.0,5.0,0
019,Other_Partner,Daily_Pass,2026-06-22,Buffer_Timeout,2.0,11.0,1.0,1
017,Bioscope,Weekly_Pass,2026-06-30,Success,1.0,104.0,,0
016,Bioscope,Daily_Pass,2026-06-24,Stuck_at_Number_Screen,1.0,7.0,2.0,1
017,Bioscope,WC_Premium,2026-06-23,Success,4.0,123.0,3.0,0
019,Bioscope,Daily_Pass,2026-06-13,OTP_Failed,1.0,0.0,1.0,1
019,Bioscope,Weekly_Pass,2026-06-22,Success,6.0,54.0,3.0,0
018,Other_Partner,WC_Premium,2026-06-25,OTP_Failed,0.0,1.0,2.0,1
016,Bioscope,Daily_Pass,2026-06-12,Success,11.0,119.0,5.0,0
017,Bioscope,WC_Premium,2026-06-30,Success,12.0,78.0,4.0,0
018,Bioscope,WC_Premium,2026-06-17,Success,14.0,46.0,4.0,0
019,Bioscope,Daily_Pass,2026-06-30,OTP_Failed,0.0,2.0,1.0,1
018,Bioscope,WC_Premium,2026-06-28,Success,3.0,101.0,,0
013,Toffee,Daily_Pass,2026-06-14,Success,2.0,97.0,4.0,0
018,Toffee,Daily_Pass,2026-06-19,OTP_Failed,4.0,0.0,,1
019,Toffee,WC_Premium,2026-07-10,Success,2.0,91.0,4.0,0
017,Bioscope,Daily_Pass,2026-06-21,Buffer_Timeout,0.0,8.0,2.0,1
017,Toffee,Weekly_Pass,2026-06-27,OTP_Failed,4.0,3.0,1.0,1
016,Other_Partner,WC_Premium,2026-06-17,Success,5.0,68.0,5.0,0
019,Bioscope,WC_Premium,2026-06-25,Success,4.0,74.0,5.0,0
017,Bioscope,Weekly_Pass,2026-07-05,OTP_Failed,2.0,2.0,1.0,1
017,Toffee,WC_Premium,2026-06-13,Success,14.0,68.0,5.0,0
017,Bioscope,Weekly_Pass,2026-06-24,Stuck_at_Number_Screen,0.0,8.0,2.0,1
017,Bioscope,Daily_Pass,2026-06-19,Success,4.0,104.0,5.0,0
018,Bioscope,Weekly_Pass,2026-06-22,Success,13.0,107.0,,0
016,Toffee,Weekly_Pass,2026-06-23,Success,18.0,103.0,4.0,0
016,Bioscope,Weekly_Pass,2026-07-09,Buffer_Timeout,0.0,10.0,,0
018,Bioscope,Weekly_Pass,2026-06-19,Stuck_at_Number_Screen,0.0,5.0,1.0,1
013,Bioscope,Weekly_Pass,2026-07-01,Success,1.0,70.0,,0
019,Other_Partner,Weekly_Pass,2026-06-24,Buffer_Timeout,0.0,6.0,1.0,0
018,Bioscope,WC_Premium,2026-07-05,Success,7.0,78.0,,0
015,Other_Partner,Weekly_Pass,2026-06-13,OTP_Failed,8.0,8.0,,1
018,Bioscope,Daily_Pass,2026-07-10,OTP_Failed,1.0,3.0,1.0,1
017,Other_Partner,WC_Premium,2026-06-17,Stuck_at_Number_Screen,3.0,10.0,2.0,1
016,Bioscope,Daily_Pass,2026-07-02,Success,3.0,65.0,3.0,0
017,Toffee,WC_Premium,2026-06-12,Success,9.0,94.0,4.0,0
016,Toffee,Daily_Pass,2026-06-19,OTP_Failed,2.0,7.0,2.0,0
017,Toffee,Daily_Pass,2026-07-06,Success,3.0,74.0,3.0,0
017,Toffee,Daily_Pass,2026-06-14,Success,11.0,103.0,5.0,0
019,Toffee,Daily_Pass,2026-06-18,OTP_Failed,3.0,4.0,1.0,1
017,Toffee,Weekly_Pass,2026-06-29,OTP_Failed,2.0,0.0,1.0,1
019,Bioscope,Daily_Pass,2026-07-01,Success,12.0,92.0,3.0,0
017,Toffee,WC_Premium,2026-06-24,Success,32.0,38.0,,0
018,Toffee,Weekly_Pass,2026-06-11,Success,1.0,69.0,4.0,0
016,Bioscope,Daily_Pass,2026-06-19,Stuck_at_Number_Screen,2.0,10.0,1.0,1
018,Bioscope,WC_Premium,2026-06-30,Stuck_at_Number_Screen,2.0,2.0,1.0,1
017,Other_Partner,Weekly_Pass,2026-06-29,Stuck_at_Number_Screen,2.0,4.0,1.0,1
017,Bioscope,WC_Premium,2026-06-20,Stuck_at_Number_Screen,1.0,2.0,1.0,1
017,Toffee,Weekly_Pass,2026-07-07,OTP_Failed,1.0,2.0,1.0,1
017,Toffee,Daily_Pass,2026-06-26,Success,2.0,82.0,5.0,0
016,Toffee,Weekly_Pass,2026-07-08,Success,11.0,76.0,5.0,0
014,Toffee,Daily_Pass,2026-06-20,OTP_Failed,1.0,0.0,2.0,0
019,Toffee,Weekly_Pass,2026-06-12,Success,34.0,117.0,,1
019,Other_Partner,WC_Premium,2026-06-11,Buffer_Timeout,2.0,4.0,1.0,1
019,Toffee,Daily_Pass,2026-06-18,Stuck_at_Number_Screen,1.0,15.0,1.0,1
016,Toffee,Weekly_Pass,2026-06-19,Success,1.0,70.0,5.0,0
017,Toffee,Daily_Pass,2026-06-17,Success,8.0,98.0,,0
014,Bioscope,Daily_Pass,2026-07-07,Success,3.0,89.0,4.0,0
016,Toffee,Weekly_Pass,2026-06-20,OTP_Failed,1.0,4.0,,1
018,Toffee,Weekly_Pass,2026-07-05,OTP_Failed,2.0,8.0,1.0,1
017,Toffee,Weekly_Pass,2026-06-28,Success,5.0,56.0,,0
013,Toffee,Daily_Pass,2026-06-25,Stuck_at_Number_Screen,1.0,8.0,1.0,1
018,Toffee,WC_Premium,2026-06-20,OTP_Failed,3.0,2.0,1.0,1
019,Bioscope,Daily_Pass,2026-06-26,Success,1.0,97.0,4.0,0
018,Toffee,Daily_Pass,2026-07-01,Success,37.0,69.0,2.0,1
013,Bioscope,WC_Premium,2026-06-25,Success,7.0,65.0,5.0,1
015,Bioscope,WC_Premium,2026-07-05,Success,33.0,96.0,1.0,1
017,Bioscope,Weekly_Pass,2026-07-03,Success,2.0,120.0,4.0,0
013,Toffee,WC_Premium,2026-07-04,Success,8.0,116.0,3.0,0
017,Toffee,Daily_Pass,2026-06-25,Buffer_Timeout,5.0,7.0,2.0,1
016,Toffee,Daily_Pass,2026-06-26,Success,2.0,114.0,,0
014,Bioscope,WC_Premium,2026-06-27,Success,2.0,97.0,4.0,0
017,Bioscope,WC_Premium,2026-06-19,Success,4.0,113.0,5.0,0
019,Toffee,Daily_Pass,2026-06-16,OTP_Failed,2.0,4.0,,0
017,Bioscope,Daily_Pass,2026-06-25,Stuck_at_Number_Screen,0.0,11.0,1.0,1
014,Bioscope,Daily_Pass,2026-06-26,Stuck_at_Number_Screen,2.0,3.0,2.0,1
019,Bioscope,Daily_Pass,2026-06-23,OTP_Failed,2.0,0.0,2.0,0
019,Toffee,WC_Premium,2026-07-08,OTP_Failed,0.0,12.0,1.0,1
017,Bioscope,Weekly_Pass,2026-07-09,Success,13.0,81.0,3.0,0
015,Toffee,Weekly_Pass,2026-07-02,OTP_Failed,1.0,10.0,2.0,1
016,Bioscope,Weekly_Pass,2026-06-22,Success,13.0,81.0,4.0,0
017,Toffee,WC_Premium,2026-07-04,OTP_Failed,2.0,0.0,1.0,1
019,Toffee,Daily_Pass,2026-06-29,Success,4.0,103.0,3.0,0
017,Bioscope,Weekly_Pass,2026-06-11,Buffer_Timeout,1.0,4.0,1.0,0
019,Bioscope,WC_Premium,2026-06-22,Success,5.0,76.0,5.0,0
017,Toffee,Daily_Pass,2026-06-20,Success,16.0,85.0,4.0,0
016,Toffee,WC_Premium,2026-07-02,OTP_Failed,1.0,0.0,,1
018,Bioscope,Weekly_Pass,2026-07-04,Stuck_at_Number_Screen,0.0,0.0,2.0,1
017,Other_Partner,Daily_Pass,2026-06-14,Success,7.0,97.0,5.0,0
017,Bioscope,Daily_Pass,2026-06-16,Success,2.0,61.0,5.0,0
017,Other_Partner,Weekly_Pass,2026-06-14,Success,11.0,117.0,4.0,0
018,Toffee,Weekly_Pass,2026-06-20,Success,3.0,51.0,,0
017,Bioscope,Weekly_Pass,2026-06-13,Success,6.0,109.0,5.0,0
018,Bioscope,Daily_Pass,2026-07-02,Success,16.0,71.0,4.0,0
017,Bioscope,Weekly_Pass,2026-06-27,Buffer_Timeout,0.0,8.0,2.0,0
017,Toffee,Daily_Pass,2026-07-01,OTP_Failed,2.0,1.0,1.0,1
016,Bioscope,Daily_Pass,2026-06-16,Success,8.0,79.0,4.0,0
017,Bioscope,Daily_Pass,2026-06-24,Success,6.0,84.0,4.0,0
014,Bioscope,Weekly_Pass,2026-06-16,Success,4.0,141.0,4.0,0
019,Bioscope,Daily_Pass,2026-06-24,Success,9.0,82.0,4.0,0
016,Bioscope,Daily_Pass,2026-06-13,Stuck_at_Number_Screen,2.0,7.0,,0
018,Bioscope,Daily_Pass,2026-07-09,Success,5.0,76.0,4.0,0
019,Toffee,Daily_Pass,2026-06-15,Stuck_at_Number_Screen,1.0,3.0,,1
017,Toffee,Daily_Pass,2026-06-29,Success,2.0,77.0,,0
017,Bioscope,Weekly_Pass,2026-07-08,Success,19.0,62.0,,0
017,Other_Partner,WC_Premium,2026-07-07,Buffer_Timeout,3.0,6.0,,0
019,Toffee,Weekly_Pass,2026-06-15,Success,7.0,90.0,4.0,0
017,Bioscope,Weekly_Pass,2026-06-13,Success,1.0,79.0,,0
018,Toffee,Daily_Pass,2026-06-28,Success,0.0,89.0,5.0,0
015,Toffee,WC_Premium,2026-07-10,Success,0.0,77.0,,0
019,Bioscope,Daily_Pass,2026-06-25,Success,5.0,84.0,5.0,0
018,Bioscope,Weekly_Pass,2026-06-18,Buffer_Timeout,2.0,13.0,1.0,0
017,Toffee,WC_Premium,2026-06-30,Buffer_Timeout,3.0,1.0,,0
019,Bioscope,Weekly_Pass,2026-06-18,Stuck_at_Number_Screen,0.0,5.0,1.0,1
018,Bioscope,Daily_Pass,2026-06-22,Success,1.0,113.0,,0
017,Other_Partner,Daily_Pass,2026-07-04,Buffer_Timeout,2.0,5.0,,0
017,Toffee,Daily_Pass,2026-06-23,OTP_Failed,5.0,0.0,2.0,1
014,Bioscope,Weekly_Pass,2026-07-02,Success,8.0,105.0,3.0,1
016,Toffee,Weekly_Pass,2026-07-02,Success,3.0,56.0,5.0,0
019,Toffee,WC_Premium,2026-06-30,OTP_Failed,2.0,14.0,,1
019,Bioscope,Daily_Pass,2026-07-02,Stuck_at_Number_Screen,0.0,10.0,2.0,1
018,Bioscope,WC_Premium,2026-06-23,Success,6.0,83.0,,0
018,Toffee,WC_Premium,2026-06-16,Success,7.0,88.0,5.0,0
013,Other_Partner,Daily_Pass,2026-06-20,Buffer_Timeout,1.0,5.0,1.0,1
017,Bioscope,Daily_Pass,2026-07-01,Success,7.0,92.0,3.0,0
013,Bioscope,Weekly_Pass,2026-07-06,Success,20.0,99.0,4.0,0
019,Bioscope,Weekly_Pass,2026-06-16,Buffer_Timeout,2.0,7.0,1.0,0
018,Toffee,Daily_Pass,2026-07-06,Success,1.0,61.0,5.0,0
019,Bioscope,Daily_Pass,2026-07-08,Buffer_Timeout,4.0,6.0,,0
013,Toffee,WC_Premium,2026-06-22,OTP_Failed,8.0,7.0,1.0,1
018,Bioscope,Daily_Pass,2026-07-01,Success,7.0,118.0,,0
018,Toffee,Daily_Pass,2026-07-09,Success,30.0,88.0,1.0,0
018,Toffee,WC_Premium,2026-06-18,Success,5.0,85.0,4.0,0
016,Bioscope,Weekly_Pass,2026-06-14,Success,1.0,86.0,4.0,0
017,Toffee,Weekly_Pass,2026-07-04,OTP_Failed,1.0,4.0,2.0,1
018,Toffee,Weekly_Pass,2026-06-25,Success,2.0,87.0,5.0,0
017,Toffee,Weekly_Pass,2026-07-04,OTP_Failed,1.0,1.0,1.0,1
013,Bioscope,Weekly_Pass,2026-06-23,OTP_Failed,0.0,5.0,1.0,1
018,Bioscope,WC_Premium,2026-06-13,Success,17.0,84.0,4.0,1
016,Toffee,Daily_Pass,2026-07-01,Buffer_Timeout,3.0,2.0,2.0,1
015,Toffee,Daily_Pass,2026-07-07,OTP_Failed,1.0,5.0,1.0,1
018,Toffee,Daily_Pass,2026-06-17,Buffer_Timeout,7.0,8.0,2.0,0
016,Bioscope,Weekly_Pass,2026-06-23,Success,10.0,82.0,5.0,0
018,Bioscope,Weekly_Pass,2026-06-25,Stuck_at_Number_Screen,0.0,7.0,,0
018,Toffee,Daily_Pass,2026-07-07,OTP_Failed,0.0,5.0,,0
017,Toffee,Daily_Pass,2026-07-06,Buffer_Timeout,4.0,0.0,2.0,0
017,Toffee,Daily_Pass,2026-07-04,Success,7.0,74.0,,0
013,Toffee,Daily_Pass,2026-07-03,Success,10.0,113.0,3.0,0
018,Toffee,WC_Premium,2026-06-17,Success,18.0,78.0,5.0,0
017,Bioscope,Weekly_Pass,2026-06-11,Success,23.0,119.0,1.0,0
017,Toffee,Daily_Pass,2026-07-01,Success,4.0,102.0,5.0,0
017,Bioscope,Daily_Pass,2026-06-24,Success,9.0,97.0,4.0,1
015,Bioscope,Daily_Pass,2026-06-23,Buffer_Timeout,2.0,9.0,1.0,1
017,Toffee,WC_Premium,2026-06-20,Success,5.0,74.0,,1
018,Bioscope,Weekly_Pass,2026-06-22,Success,12.0,100.0,4.0,0
017,Bioscope,WC_Premium,2026-06-22,Buffer_Timeout,4.0,14.0,1.0,0
018,Toffee,WC_Premium,2026-06-30,Success,30.0,77.0,2.0,0
017,Bioscope,Weekly_Pass,2026-06-20,Buffer_Timeout,2.0,10.0,,0
017,Toffee,WC_Premium,2026-07-02,Success,35.0,85.0,1.0,1
018,Bioscope,WC_Premium,2026-06-25,Success,7.0,88.0,5.0,0
017,Bioscope,Daily_Pass,2026-07-05,Success,4.0,89.0,5.0,0
017,Bioscope,Weekly_Pass,2026-06-22,Buffer_Timeout,6.0,0.0,,0
017,Bioscope,Weekly_Pass,2026-06-30,Buffer_Timeout,3.0,0.0,2.0,0
017,Bioscope,Weekly_Pass,2026-06-25,Stuck_at_Number_Screen,1.0,0.0,1.0,1
017,Bioscope,Daily_Pass,2026-07-09,Success,19.0,102.0,5.0,1
017,Bioscope,Daily_Pass,2026-07-06,Buffer_Timeout,0.0,2.0,2.0,0
019,Toffee,Daily_Pass,2026-06-17,Buffer_Timeout,1.0,4.0,,0
018,Bioscope,Daily_Pass,2026-06-28,Success,0.0,112.0,4.0,0
018,Toffee,WC_Premium,2026-06-13,OTP_Failed,0.0,2.0,1.0,0
017,Toffee,Weekly_Pass,2026-07-09,Buffer_Timeout,0.0,0.0,1.0,0
014,Bioscope,Weekly_Pass,2026-06-26,Success,12.0,108.0,5.0,0
013,Toffee,Weekly_Pass,2026-06-18,Success,1.0,112.0,3.0,0
017,Toffee,Weekly_Pass,2026-06-29,Stuck_at_Number_Screen,1.0,5.0,1.0,1
018,Bioscope,WC_Premium,2026-07-07,Success,12.0,78.0,5.0,0
017,Toffee,Daily_Pass,2026-06-19,Buffer_Timeout,0.0,9.0,1.0,0
017,Toffee,WC_Premium,2026-06-30,OTP_Failed,1.0,5.0,1.0,1
018,Bioscope,Daily_Pass,2026-07-06,Success,7.0,70.0,5.0,0
019,Bioscope,WC_Premium,2026-06-29,Success,0.0,85.0,,0
018,Bioscope,WC_Premium,2026-06-26,Stuck_at_Number_Screen,0.0,0.0,1.0,1
016,Bioscope,WC_Premium,2026-07-10,Success,10.0,87.0,4.0,0
015,Bioscope,Daily_Pass,2026-07-09,Success,4.0,105.0,5.0,0
017,Bioscope,Daily_Pass,2026-06-12,Success,37.0,107.0,,0
017,Toffee,Daily_Pass,2026-07-08,OTP_Failed,11.0,0.0,2.0,1
013,Bioscope,Weekly_Pass,2026-06-12,Buffer_Timeout,8.0,1.0,1.0,0
013,Bioscope,Weekly_Pass,2026-06-27,OTP_Failed,1.0,0.0,2.0,1
013,Toffee,Daily_Pass,2026-06-14,OTP_Failed,1.0,7.0,1.0,1
014,Toffee,WC_Premium,2026-07-03,Success,15.0,77.0,5.0,0
016,Toffee,Daily_Pass,2026-06-30,OTP_Failed,2.0,7.0,1.0,1
018,Bioscope,WC_Premium,2026-06-12,Success,6.0,67.0,4.0,0
017,Toffee,Daily_Pass,2026-07-10,OTP_Failed,0.0,5.0,,0
019,Bioscope,Daily_Pass,2026-06-23,Buffer_Timeout,4.0,4.0,1.0,0
015,Bioscope,Weekly_Pass,2026-07-07,OTP_Failed,1.0,6.0,1.0,1
019,Bioscope,Weekly_Pass,2026-06-16,Buffer_Timeout,2.0,1.0,1.0,0
017,Toffee,Daily_Pass,2026-07-07,Stuck_at_Number_Screen,1.0,0.0,,1
018,Bioscope,WC_Premium,2026-07-10,Success,15.0,60.0,4.0,0
017,Toffee,Weekly_Pass,2026-06-21,Success,7.0,67.0,,0
017,Bioscope,WC_Premium,2026-07-04,Buffer_Timeout,4.0,7.0,1.0,0
017,Bioscope,WC_Premium,2026-06-12,Buffer_Timeout,3.0,2.0,1.0,0
018,Toffee,Weekly_Pass,2026-06-23,Success,36.0,76.0,1.0,1
016,Other_Partner,WC_Premium,2026-06-28,OTP_Failed,0.0,9.0,,1
017,Toffee,WC_Premium,2026-06-16,Success,0.0,89.0,,0
013,Other_Partner,WC_Premium,2026-06-29,Success,4.0,55.0,5.0,0
018,Toffee,WC_Premium,2026-06-13,Stuck_at_Number_Screen,3.0,12.0,1.0,1
013,Toffee,WC_Premium,2026-06-18,Buffer_Timeout,0.0,0.0,2.0,1
017,Toffee,Weekly_Pass,2026-06-24,Success,32.0,138.0,1.0,1
013,Toffee,Daily_Pass,2026-06-29,Success,5.0,129.0,5.0,0
019,Bioscope,WC_Premium,2026-07-09,Stuck_at_Number_Screen,3.0,8.0,1.0,1
017,Bioscope,WC_Premium,2026-06-16,Success,6.0,70.0,4.0,0
017,Bioscope,Daily_Pass,2026-06-27,Success,4.0,93.0,3.0,0
013,Toffee,Daily_Pass,2026-06-29,Success,0.0,129.0,,0
014,Toffee,Weekly_Pass,2026-07-07,Success,4.0,88.0,,0
016,Bioscope,Weekly_Pass,2026-06-15,OTP_Failed,4.0,0.0,,0
016,Toffee,Daily_Pass,2026-07-06,Success,7.0,95.0,4.0,0
013,Bioscope,Daily_Pass,2026-06-24,Success,8.0,78.0,4.0,0
018,Bioscope,WC_Premium,2026-07-08,Buffer_Timeout,3.0,5.0,1.0,0
017,Toffee,Daily_Pass,2026-06-14,Buffer_Timeout,2.0,0.0,1.0,0
018,Bioscope,Weekly_Pass,2026-07-04,Success,16.0,71.0,4.0,0
014,Bioscope,WC_Premium,2026-07-01,Success,6.0,87.0,4.0,0
018,Bioscope,WC_Premium,2026-06-11,Success,2.0,87.0,,0
019,Toffee,Daily_Pass,2026-07-10,Success,3.0,109.0,4.0,0
016,Toffee,Daily_Pass,2026-06-20,Success,12.0,127.0,,0
017,Toffee,Weekly_Pass,2026-06-21,Success,2.0,64.0,5.0,0
014,Toffee,WC_Premium,2026-07-06,Buffer_Timeout,5.0,2.0,,0
017,Toffee,Daily_Pass,2026-06-26,Buffer_Timeout,0.0,2.0,1.0,1
018,Bioscope,Daily_Pass,2026-06-27,Stuck_at_Number_Screen,2.0,4.0,1.0,1
017,Bioscope,WC_Premium,2026-07-10,OTP_Failed,4.0,0.0,1.0,1
017,Bioscope,WC_Premium,2026-06-13,Stuck_at_Number_Screen,1.0,1.0,1.0,1
013,Toffee,Weekly_Pass,2026-06-15,Success,4.0,56.0,4.0,0
017,Other_Partner,Daily_Pass,2026-07-09,Success,13.0,95.0,5.0,0
018,Toffee,Daily_Pass,2026-06-29,OTP_Failed,3.0,6.0,2.0,1
018,Bioscope,Daily_Pass,2026-06-21,Stuck_at_Number_Screen,2.0,8.0,2.0,1
017,Other_Partner,Daily_Pass,2026-07-01,Success,10.0,121.0,5.0,0
017,Bioscope,Weekly_Pass,2026-06-11,Success,3.0,95.0,,0
018,Other_Partner,Weekly_Pass,2026-06-27,Buffer_Timeout,0.0,9.0,2.0,0
017,Bioscope,Daily_Pass,2026-06-17,Success,3.0,124.0,4.0,0
016,Toffee,WC_Premium,2026-06-25,Success,1.0,79.0,5.0,0
016,Toffee,Weekly_Pass,2026-06-15,Success,16.0,79.0,,0
019,Toffee,Weekly_Pass,2026-06-12,Success,14.0,81.0,5.0,0
016,Toffee,WC_Premium,2026-06-19,Success,24.0,108.0,2.0,1
013,Bioscope,Weekly_Pass,2026-06-19,Success,2.0,134.0,4.0,0
016,Toffee,WC_Premium,2026-07-05,OTP_Failed,1.0,3.0,1.0,1
017,Bioscope,Daily_Pass,2026-06-30,Success,4.0,89.0,,0
017,Toffee,Daily_Pass,2026-06-30,OTP_Failed,4.0,4.0,1.0,1
019,Toffee,Weekly_Pass,2026-06-21,Success,12.0,99.0,,0
013,Other_Partner,Weekly_Pass,2026-07-05,Success,0.0,115.0,5.0,0
019,Toffee,Daily_Pass,2026-06-22,Stuck_at_Number_Screen,2.0,14.0,1.0,1
019,Bioscope,Weekly_Pass,2026-06-11,Stuck_at_Number_Screen,3.0,4.0,,1
019,Bioscope,Daily_Pass,2026-07-04,OTP_Failed,2.0,1.0,1.0,1
014,Toffee,Weekly_Pass,2026-06-27,Success,5.0,93.0,,0
013,Bioscope,Weekly_Pass,2026-06-26,Success,0.0,86.0,,0
017,Toffee,Weekly_Pass,2026-07-03,Stuck_at_Number_Screen,3.0,8.0,,0
018,Bioscope,Weekly_Pass,2026-06-24,Success,2.0,77.0,5.0,0
013,Bioscope,WC_Premium,2026-06-16,Stuck_at_Number_Screen,1.0,1.0,1.0,1
018,Toffee,Daily_Pass,2026-06-21,OTP_Failed,13.0,6.0,2.0,1
016,Bioscope,WC_Premium,2026-06-18,Stuck_at_Number_Screen,4.0,2.0,1.0,1
016,Toffee,Daily_Pass,2026-07-01,OTP_Failed,5.0,14.0,1.0,1
013,Bioscope,Weekly_Pass,2026-07-09,Success,20.0,98.0,5.0,0
017,Bioscope,Weekly_Pass,2026-07-04,Success,18.0,80.0,3.0,0
013,Bioscope,WC_Premium,2026-06-16,OTP_Failed,3.0,7.0,1.0,1
017,Bioscope,WC_Premium,2026-06-24,Stuck_at_Number_Screen,1.0,14.0,1.0,1
019,Toffee,WC_Premium,2026-06-19,Success,6.0,67.0,4.0,0
017,Other_Partner,Daily_Pass,2026-06-13,Success,5.0,73.0,3.0,0
017,Toffee,WC_Premium,2026-06-14,Success,7.0,56.0,,0
017,Bioscope,Daily_Pass,2026-07-03,Success,9.0,93.0,5.0,0
018,Toffee,Daily_Pass,2026-06-12,Success,11.0,98.0,4.0,0
018,Other_Partner,Daily_Pass,2026-06-16,Buffer_Timeout,0.0,11.0,1.0,0
017,Bioscope,Weekly_Pass,2026-06-18,Success,15.0,88.0,5.0,0
017,Bioscope,WC_Premium,2026-06-13,Buffer_Timeout,2.0,4.0,2.0,0
013,Toffee,Daily_Pass,2026-06-26,Stuck_at_Number_Screen,0.0,13.0,,1
017,Bioscope,Daily_Pass,2026-06-27,Success,0.0,85.0,5.0,0
016,Bioscope,Weekly_Pass,2026-07-01,Success,3.0,68.0,,0
018,Bioscope,WC_Premium,2026-06-30,Buffer_Timeout,7.0,1.0,1.0,0
013,Toffee,Weekly_Pass,2026-06-13,Success,9.0,129.0,5.0,0
017,Toffee,Weekly_Pass,2026-06-16,Success,4.0,120.0,5.0,0
015,Toffee,Weekly_Pass,2026-07-01,Buffer_Timeout,4.0,1.0,2.0,0
018,Toffee,WC_Premium,2026-06-13,Success,1.0,103.0,5.0,0
016,Toffee,WC_Premium,2026-06-12,Success,0.0,76.0,,0
017,Toffee,Weekly_Pass,2026-06-29,Success,19.0,133.0,5.0,0
018,Toffee,Weekly_Pass,2026-06-24,Stuck_at_Number_Screen,6.0,2.0,1.0,1
017,Toffee,WC_Premium,2026-06-26,Success,1.0,69.0,5.0,0
018,Toffee,WC_Premium,2026-07-06,Success,1.0,81.0,4.0,0
015,Other_Partner,Daily_Pass,2026-06-14,Success,17.0,143.0,3.0,0
013,Bioscope,Weekly_Pass,2026-06-19,Stuck_at_Number_Screen,1.0,6.0,2.0,1
017,Toffee,WC_Premium,2026-06-16,OTP_Failed,1.0,0.0,1.0,1
017,Bioscope,Weekly_Pass,2026-06-25,Success,36.0,101.0,2.0,1
013,Bioscope,Weekly_Pass,2026-07-02,OTP_Failed,4.0,0.0,1.0,1
017,Other_Partner,Weekly_Pass,2026-06-11,Success,15.0,112.0,4.0,1
017,Toffee,Daily_Pass,2026-06-20,OTP_Failed,1.0,9.0,2.0,0
019,Toffee,Daily_Pass,2026-06-30,Buffer_Timeout,2.0,10.0,1.0,0
018,Other_Partner,WC_Premium,2026-06-21,Success,1.0,93.0,4.0,0
017,Toffee,Weekly_Pass,2026-06-29,Buffer_Timeout,4.0,7.0,,0
014,Toffee,WC_Premium,2026-06-14,OTP_Failed,0.0,7.0,,1
017,Toffee,WC_Premium,2026-06-12,Success,13.0,92.0,4.0,0
015,Toffee,Weekly_Pass,2026-07-06,OTP_Failed,2.0,7.0,,0
017,Other_Partner,WC_Premium,2026-07-05,Success,1.0,65.0,5.0,0
019,Toffee,Daily_Pass,2026-06-16,Success,6.0,70.0,5.0,0
018,Other_Partner,Weekly_Pass,2026-06-27,Success,8.0,94.0,4.0,0
019,Other_Partner,Weekly_Pass,2026-06-14,Stuck_at_Number_Screen,1.0,0.0,1.0,1
015,Bioscope,Weekly_Pass,2026-06-21,Success,17.0,85.0,4.0,0
017,Toffee,Daily_Pass,2026-06-15,Stuck_at_Number_Screen,1.0,0.0,1.0,1
015,Toffee,Daily_Pass,2026-06-28,Buffer_Timeout,2.0,11.0,1.0,0
013,Toffee,Daily_Pass,2026-06-17,Success,1.0,61.0,3.0,0
013,Toffee,Weekly_Pass,2026-06-14,Stuck_at_Number_Screen,1.0,5.0,,1
017,Bioscope,WC_Premium,2026-07-01,Success,3.0,58.0,5.0,0
018,Toffee,WC_Premium,2026-06-18,Success,3.0,55.0,4.0,0
017,Other_Partner,Daily_Pass,2026-06-17,Buffer_Timeout,3.0,3.0,,0
018,Bioscope,Daily_Pass,2026-06-22,Success,24.0,112.0,2.0,0
018,Bioscope,Daily_Pass,2026-06-29,OTP_Failed,5.0,5.0,1.0,1
019,Bioscope,Daily_Pass,2026-06-15,Success,6.0,86.0,5.0,0
019,Toffee,WC_Premium,2026-06-18,Success,15.0,57.0,,0
013,Toffee,WC_Premium,2026-06-20,OTP_Failed,2.0,0.0,2.0,1
017,Toffee,Daily_Pass,2026-06-14,Success,0.0,98.0,4.0,1
017,Toffee,Daily_Pass,2026-06-17,Success,8.0,95.0,5.0,0
017,Bioscope,Daily_Pass,2026-07-08,Buffer_Timeout,0.0,11.0,,0
017,Toffee,Daily_Pass,2026-06-19,Buffer_Timeout,2.0,12.0,2.0,0
017,Toffee,WC_Premium,2026-06-21,Success,15.0,140.0,5.0,0
017,Other_Partner,Weekly_Pass,2026-07-08,Success,18.0,96.0,5.0,0
015,Toffee,WC_Premium,2026-06-28,Success,4.0,121.0,5.0,0
018,Bioscope,Weekly_Pass,2026-06-15,Buffer_Timeout,1.0,15.0,1.0,0
017,Toffee,Daily_Pass,2026-06-11,Success,4.0,88.0,5.0,0
018,Toffee,Daily_Pass,2026-07-02,Success,2.0,96.0,4.0,1
017,Bioscope,Daily_Pass,2026-07-09,Buffer_Timeout,0.0,1.0,1.0,0
013,Other_Partner,WC_Premium,2026-07-03,Success,1.0,101.0,4.0,0
018,Toffee,WC_Premium,2026-07-02,Success,30.0,71.0,1.0,0
018,Toffee,WC_Premium,2026-07-02,Success,7.0,78.0,,0
013,Toffee,Daily_Pass,2026-07-02,Stuck_at_Number_Screen,0.0,12.0,1.0,1
015,Toffee,WC_Premium,2026-06-25,Success,1.0,80.0,4.0,0
019,Toffee,Daily_Pass,2026-06-23,Success,11.0,105.0,5.0,0
018,Bioscope,Daily_Pass,2026-07-04,Buffer_Timeout,4.0,9.0,1.0,0
018,Toffee,Weekly_Pass,2026-07-05,Stuck_at_Number_Screen,3.0,0.0,1.0,1
018,Toffee,Weekly_Pass,2026-06-30,Success,4.0,107.0,,0
017,Bioscope,WC_Premium,2026-07-10,Success,6.0,82.0,4.0,0
013,Toffee,Weekly_Pass,2026-06-29,Success,7.0,77.0,5.0,0
017,Toffee,Daily_Pass,2026-06-17,Success,7.0,94.0,5.0,0
018,Other_Partner,Daily_Pass,2026-07-04,Success,2.0,83.0,5.0,0
018,Toffee,Daily_Pass,2026-06-13,Success,5.0,107.0,3.0,0
017,Bioscope,Daily_Pass,2026-06-16,OTP_Failed,0.0,8.0,,1
015,Toffee,Daily_Pass,2026-06-26,Success,3.0,127.0,4.0,1
014,Toffee,WC_Premium,2026-06-23,Success,17.0,91.0,,0
016,Toffee,Daily_Pass,2026-06-17,Success,0.0,88.0,5.0,0
018,Toffee,WC_Premium,2026-07-09,Buffer_Timeout,1.0,15.0,2.0,0
019,Toffee,Weekly_Pass,2026-07-03,Success,6.0,110.0,4.0,0
017,Toffee,Daily_Pass,2026-06-21,OTP_Failed,5.0,4.0,2.0,1
019,Bioscope,Weekly_Pass,2026-06-12,Success,6.0,127.0,,0
017,Bioscope,WC_Premium,2026-07-10,OTP_Failed,1.0,7.0,1.0,0
019,Toffee,Weekly_Pass,2026-07-04,Success,11.0,80.0,4.0,0
017,Bioscope,Daily_Pass,2026-07-06,Success,4.0,76.0,5.0,0
019,Bioscope,WC_Premium,2026-06-23,OTP_Failed,2.0,5.0,2.0,1
014,Bioscope,Daily_Pass,2026-07-02,Success,7.0,95.0,5.0,0
017,Toffee,WC_Premium,2026-07-02,Success,3.0,91.0,5.0,0
018,Bioscope,Daily_Pass,2026-06-29,Success,5.0,95.0,4.0,0
015,Toffee,WC_Premium,2026-06-16,Success,16.0,108.0,,0
018,Toffee,Weekly_Pass,2026-06-19,OTP_Failed,1.0,2.0,1.0,1
019,Bioscope,Weekly_Pass,2026-06-16,Success,0.0,62.0,5.0,0
018,Bioscope,Daily_Pass,2026-06-14,Success,3.0,71.0,5.0,1
013,Other_Partner,Daily_Pass,2026-06-19,Success,4.0,102.0,3.0,0
017,Other_Partner,WC_Premium,2026-06-16,Success,3.0,78.0,,0
017,Toffee,WC_Premium,2026-07-02,Success,3.0,94.0,,0
019,Other_Partner,Weekly_Pass,2026-06-25,Success,13.0,77.0,4.0,0
013,Toffee,Daily_Pass,2026-07-10,Success,0.0,80.0,,0
018,Toffee,Daily_Pass,2026-06-24,Stuck_at_Number_Screen,0.0,6.0,1.0,1
018,Bioscope,Weekly_Pass,2026-06-26,Success,3.0,103.0,,0
018,Toffee,Daily_Pass,2026-06-24,Stuck_at_Number_Screen,2.0,6.0,,1
019,Bioscope,Daily_Pass,2026-06-24,Stuck_at_Number_Screen,2.0,8.0,1.0,1
015,Toffee,Weekly_Pass,2026-07-04,Success,1.0,65.0,3.0,0
013,Other_Partner,Weekly_Pass,2026-06-28,Success,9.0,87.0,3.0,0
019,Toffee,Daily_Pass,2026-06-12,Success,6.0,83.0,4.0,0
019,Toffee,Daily_Pass,2026-07-06,OTP_Failed,10.0,8.0,1.0,1
018,Other_Partner,Weekly_Pass,2026-07-01,Success,4.0,77.0,4.0,0
015,Toffee,Daily_Pass,2026-07-09,OTP_Failed,0.0,0.0,,1
017,Bioscope,WC_Premium,2026-06-24,Success,1.0,61.0,3.0,0
017,Bioscope,Daily_Pass,2026-06-19,Success,10.0,91.0,5.0,0
019,Bioscope,Daily_Pass,2026-06-27,Stuck_at_Number_Screen,5.0,7.0,1.0,1
013,Bioscope,WC_Premium,2026-06-25,Success,16.0,96.0,,0
019,Toffee,Weekly_Pass,2026-06-11,Buffer_Timeout,0.0,3.0,1.0,0
019,Bioscope,Daily_Pass,2026-06-12,Success,3.0,82.0,5.0,0
017,Toffee,Weekly_Pass,2026-06-26,Success,10.0,97.0,4.0,0
019,Toffee,Daily_Pass,2026-06-30,Stuck_at_Number_Screen,0.0,1.0,2.0,1
013,Toffee,Weekly_Pass,2026-06-17,OTP_Failed,1.0,4.0,1.0,1
018,Bioscope,Daily_Pass,2026-06-22,Stuck_at_Number_Screen,1.0,5.0,1.0,1
018,Bioscope,WC_Premium,2026-06-26,Success,6.0,124.0,5.0,0
014,Other_Partner,Weekly_Pass,2026-06-13,Stuck_at_Number_Screen,3.0,0.0,,0
017,Bioscope,Weekly_Pass,2026-06-29,Buffer_Timeout,1.0,2.0,2.0,1
018,Bioscope,WC_Premium,2026-06-24,Success,6.0,86.0,5.0,0
016,Other_Partner,Weekly_Pass,2026-07-02,Success,0.0,118.0,4.0,0
016,Toffee,Weekly_Pass,2026-07-06,OTP_Failed,9.0,6.0,1.0,1
016,Bioscope,Daily_Pass,2026-06-13,Buffer_Timeout,1.0,10.0,2.0,1
017,Bioscope,Daily_Pass,2026-07-03,OTP_Failed,1.0,0.0,1.0,1
017,Toffee,WC_Premium,2026-06-17,Buffer_Timeout,1.0,11.0,1.0,0
013,Bioscope,WC_Premium,2026-06-14,Success,4.0,70.0,4.0,0
019,Toffee,Daily_Pass,2026-06-23,Buffer_Timeout,2.0,7.0,2.0,0
017,Bioscope,WC_Premium,2026-07-06,Success,1.0,91.0,3.0,0
017,Bioscope,Weekly_Pass,2026-06-15,Success,11.0,74.0,4.0,0
015,Other_Partner,Weekly_Pass,2026-06-21,Success,5.0,55.0,4.0,0
017,Bioscope,Daily_Pass,2026-07-01,OTP_Failed,0.0,10.0,,1
015,Bioscope,Daily_Pass,2026-06-27,Success,12.0,99.0,3.0,0
016,Bioscope,Weekly_Pass,2026-07-06,Buffer_Timeout,6.0,9.0,1.0,1
019,Toffee,Daily_Pass,2026-07-06,Buffer_Timeout,1.0,8.0,1.0,0
017,Toffee,Weekly_Pass,2026-07-10,OTP_Failed,1.0,0.0,1.0,1
017,Other_Partner,WC_Premium,2026-06-29,Success,3.0,80.0,4.0,0
016,Other_Partner,WC_Premium,2026-07-08,Success,12.0,99.0,5.0,0
019,Bioscope,Weekly_Pass,2026-07-09,Success,10.0,65.0,,0
016,Toffee,Weekly_Pass,2026-07-09,OTP_Failed,0.0,5.0,,1
017,Bioscope,Daily_Pass,2026-06-24,Success,35.0,78.0,1.0,1
019,Other_Partner,WC_Premium,2026-07-09,Success,3.0,111.0,5.0,1
019,Toffee,WC_Premium,2026-07-01,Success,9.0,101.0,5.0,0
016,Bioscope,Weekly_Pass,2026-07-07,Stuck_at_Number_Screen,5.0,4.0,,1
019,Bioscope,Daily_Pass,2026-06-15,Success,8.0,86.0,,0
019,Bioscope,Daily_Pass,2026-07-10,OTP_Failed,0.0,6.0,1.0,1
018,Other_Partner,Daily_Pass,2026-07-02,Success,4.0,117.0,5.0,0
017,Toffee,Weekly_Pass,2026-06-27,Success,2.0,77.0,3.0,0
018,Bioscope,Daily_Pass,2026-07-10,Buffer_Timeout,0.0,1.0,,0
017,Bioscope,Weekly_Pass,2026-06-16,Success,14.0,85.0,4.0,0
013,Toffee,Weekly_Pass,2026-06-15,Buffer_Timeout,1.0,6.0,2.0,1
013,Bioscope,Daily_Pass,2026-06-19,Success,10.0,51.0,4.0,0
017,Bioscope,WC_Premium,2026-07-09,Success,11.0,45.0,4.0,0
017,Toffee,Daily_Pass,2026-06-14,Success,0.0,115.0,,0
017,Toffee,WC_Premium,2026-07-02,Buffer_Timeout,1.0,8.0,2.0,0
019,Toffee,Daily_Pass,2026-06-25,Buffer_Timeout,2.0,0.0,2.0,0
014,Bioscope,Daily_Pass,2026-07-03,Success,5.0,93.0,4.0,0
017,Other_Partner,Daily_Pass,2026-06-23,Success,5.0,69.0,4.0,0
015,Toffee,WC_Premium,2026-06-28,OTP_Failed,3.0,5.0,1.0,1
018,Toffee,Weekly_Pass,2026-06-16,Stuck_at_Number_Screen,7.0,3.0,,1
017,Toffee,Weekly_Pass,2026-07-01,OTP_Failed,4.0,0.0,1.0,1
017,Bioscope,Daily_Pass,2026-06-18,Buffer_Timeout,1.0,0.0,1.0,0
018,Other_Partner,Weekly_Pass,2026-06-22,Success,9.0,101.0,4.0,0
019,Bioscope,Daily_Pass,2026-07-09,OTP_Failed,3.0,6.0,,1
016,Bioscope,WC_Premium,2026-06-26,Stuck_at_Number_Screen,2.0,15.0,1.0,1
017,Bioscope,WC_Premium,2026-06-24,Success,2.0,75.0,4.0,0
017,Toffee,WC_Premium,2026-07-02,OTP_Failed,1.0,13.0,1.0,1
013,Bioscope,WC_Premium,2026-06-14,Buffer_Timeout,0.0,12.0,1.0,0
017,Bioscope,Daily_Pass,2026-06-25,Buffer_Timeout,3.0,2.0,1.0,0
017,Bioscope,Daily_Pass,2026-06-27,Success,4.0,90.0,5.0,0
017,Bioscope,Daily_Pass,2026-06-13,Success,1.0,123.0,4.0,0
019,Bioscope,Daily_Pass,2026-06-13,Success,14.0,78.0,4.0,0
014,Bioscope,WC_Premium,2026-06-19,Success,6.0,83.0,,0
013,Other_Partner,Daily_Pass,2026-06-16,Buffer_Timeout,3.0,13.0,1.0,1
014,Other_Partner,WC_Premium,2026-06-17,Success,2.0,93.0,,0
017,Bioscope,WC_Premium,2026-06-23,Stuck_at_Number_Screen,1.0,5.0,1.0,1
018,Toffee,Daily_Pass,2026-07-03,Success,4.0,91.0,5.0,0
017,Toffee,Daily_Pass,2026-06-28,OTP_Failed,3.0,5.0,1.0,1
018,Bioscope,Daily_Pass,2026-06-12,Success,4.0,69.0,,0
015,Toffee,Daily_Pass,2026-06-22,Success,18.0,89.0,,0
018,Toffee,Weekly_Pass,2026-06-15,Success,10.0,112.0,5.0,0
013,Toffee,Weekly_Pass,2026-06-24,OTP_Failed,0.0,2.0,2.0,1
018,Bioscope,Weekly_Pass,2026-06-22,Stuck_at_Number_Screen,4.0,11.0,1.0,1
017,Bioscope,WC_Premium,2026-06-23,Success,4.0,96.0,3.0,0
019,Toffee,Daily_Pass,2026-07-09,Success,0.0,76.0,4.0,0
018,Toffee,Daily_Pass,2026-06-23,OTP_Failed,2.0,2.0,1.0,1
013,Bioscope,WC_Premium,2026-06-28,Stuck_at_Number_Screen,1.0,13.0,2.0,1
018,Toffee,Daily_Pass,2026-06-30,Success,12.0,91.0,5.0,0
018,Toffee,Daily_Pass,2026-06-27,Success,1.0,85.0,4.0,0
017,Bioscope,WC_Premium,2026-07-05,Success,3.0,108.0,,0
016,Bioscope,WC_Premium,2026-06-21,Success,6.0,39.0,5.0,0
017,Toffee,WC_Premium,2026-06-18,Success,20.0,110.0,3.0,0
016,Bioscope,Daily_Pass,2026-06-28,Success,16.0,110.0,5.0,0
019,Toffee,Weekly_Pass,2026-06-19,Buffer_Timeout,1.0,5.0,2.0,1
019,Bioscope,Daily_Pass,2026-07-03,Success,2.0,94.0,3.0,0
018,Toffee,WC_Premium,2026-06-19,OTP_Failed,3.0,2.0,1.0,1
018,Toffee,Daily_Pass,2026-06-14,OTP_Failed,2.0,3.0,1.0,1
017,Bioscope,Daily_Pass,2026-06-21,Buffer_Timeout,2.0,8.0,1.0,0
019,Bioscope,WC_Premium,2026-06-25,Stuck_at_Number_Screen,0.0,3.0,,0
017,Toffee,WC_Premium,2026-06-14,Stuck_at_Number_Screen,3.0,6.0,1.0,1
018,Toffee,Weekly_Pass,2026-06-12,OTP_Failed,0.0,4.0,1.0,0
017,Bioscope,Daily_Pass,2026-06-22,Stuck_at_Number_Screen,4.0,9.0,1.0,1
017,Bioscope,Weekly_Pass,2026-07-01,Success,3.0,64.0,5.0,0
018,Toffee,WC_Premium,2026-06-26,Success,12.0,110.0,5.0,0
017,Bioscope,Weekly_Pass,2026-07-10,Buffer_Timeout,4.0,5.0,1.0,0
016,Toffee,Daily_Pass,2026-06-22,OTP_Failed,0.0,10.0,1.0,1
017,Bioscope,Daily_Pass,2026-06-28,Success,8.0,68.0,,0
017,Toffee,WC_Premium,2026-07-03,Stuck_at_Number_Screen,0.0,10.0,,1
018,Toffee,Weekly_Pass,2026-06-21,Success,9.0,69.0,3.0,0
017,Toffee,WC_Premium,2026-06-14,Success,9.0,105.0,4.0,0
017,Toffee,Daily_Pass,2026-07-05,OTP_Failed,1.0,7.0,2.0,0
016,Toffee,Weekly_Pass,2026-06-17,OTP_Failed,2.0,1.0,1.0,1
017,Toffee,WC_Premium,2026-06-28,Success,10.0,109.0,5.0,0
019,Toffee,Daily_Pass,2026-06-18,Success,3.0,76.0,5.0,0
017,Toffee,Weekly_Pass,2026-07-05,Buffer_Timeout,0.0,4.0,1.0,1
017,Bioscope,Daily_Pass,2026-07-02,Buffer_Timeout,1.0,1.0,2.0,0
016,Toffee,Daily_Pass,2026-06-14,Success,12.0,83.0,3.0,0
017,Bioscope,WC_Premium,2026-06-16,Success,0.0,92.0,5.0,0
017,Toffee,WC_Premium,2026-06-13,Success,17.0,75.0,4.0,1
013,Toffee,Weekly_Pass,2026-06-24,Stuck_at_Number_Screen,3.0,5.0,1.0,1
017,Bioscope,Daily_Pass,2026-07-07,Buffer_Timeout,2.0,9.0,2.0,0
019,Other_Partner,Daily_Pass,2026-06-14,Success,11.0,66.0,,0
017,Toffee,WC_Premium,2026-07-06,Stuck_at_Number_Screen,1.0,1.0,1.0,1
019,Toffee,Daily_Pass,2026-06-17,OTP_Failed,2.0,6.0,1.0,1
019,Bioscope,WC_Premium,2026-06-15,Success,16.0,62.0,,0
013,Other_Partner,Daily_Pass,2026-07-03,Success,9.0,108.0,3.0,0
014,Other_Partner,WC_Premium,2026-06-22,Success,4.0,122.0,3.0,0
013,Toffee,WC_Premium,2026-06-18,Success,1.0,89.0,4.0,0
015,Toffee,Daily_Pass,2026-06-18,OTP_Failed,2.0,3.0,1.0,1
017,Bioscope,WC_Premium,2026-07-08,Success,3.0,90.0,5.0,0
016,Bioscope,Daily_Pass,2026-07-07,Success,2.0,85.0,,0
018,Bioscope,Daily_Pass,2026-06-30,Success,9.0,113.0,4.0,0
013,Bioscope,Weekly_Pass,2026-06-14,OTP_Failed,0.0,4.0,1.0,1
018,Bioscope,Weekly_Pass,2026-06-21,Buffer_Timeout,1.0,9.0,,0
016,Toffee,Daily_Pass,2026-06-29,Stuck_at_Number_Screen,1.0,5.0,1.0,1
017,Toffee,Weekly_Pass,2026-06-12,OTP_Failed,4.0,0.0,2.0,1
017,Bioscope,Daily_Pass,2026-06-27,Stuck_at_Number_Screen,0.0,10.0,1.0,1
016,Toffee,Daily_Pass,2026-06-30,Success,21.0,109.0,1.0,0
016,Toffee,Weekly_Pass,2026-07-01,Success,1.0,74.0,,0
015,Toffee,Weekly_Pass,2026-07-01,Success,0.0,85.0,4.0,0
019,Toffee,Weekly_Pass,2026-06-14,Success,1.0,104.0,4.0,0
015,Toffee,Weekly_Pass,2026-06-30,OTP_Failed,7.0,4.0,1.0,1
016,Bioscope,WC_Premium,2026-07-10,Success,4.0,109.0,5.0,0
017,Toffee,Weekly_Pass,2026-06-26,OTP_Failed,13.0,3.0,2.0,1
017,Bioscope,Daily_Pass,2026-06-21,Success,8.0,74.0,4.0,0
019,Toffee,Weekly_Pass,2026-06-12,Success,4.0,113.0,4.0,0
018,Toffee,Weekly_Pass,2026-06-25,Buffer_Timeout,0.0,0.0,1.0,0
017,Other_Partner,Weekly_Pass,2026-06-18,Success,2.0,107.0,5.0,0
013,Bioscope,Weekly_Pass,2026-06-12,Success,6.0,72.0,5.0,1
015,Toffee,Daily_Pass,2026-07-07,Success,0.0,99.0,,0
018,Bioscope,Daily_Pass,2026-07-01,Success,4.0,126.0,4.0,0
013,Toffee,Weekly_Pass,2026-07-05,OTP_Failed,2.0,0.0,2.0,1
018,Other_Partner,Daily_Pass,2026-07-09,Success,6.0,75.0,4.0,0
017,Toffee,Weekly_Pass,2026-06-15,Success,1.0,102.0,3.0,0
013,Toffee,Weekly_Pass,2026-06-11,Stuck_at_Number_Screen,1.0,1.0,2.0,1
013,Bioscope,Weekly_Pass,2026-07-05,Stuck_at_Number_Screen,1.0,9.0,1.0,1
017,Bioscope,Weekly_Pass,2026-06-20,Success,12.0,111.0,5.0,0
019,Toffee,Daily_Pass,2026-07-05,Success,18.0,74.0,,0
013,Bioscope,WC_Premium,2026-06-26,Stuck_at_Number_Screen,0.0,12.0,1.0,1
019,Toffee,WC_Premium,2026-06-21,OTP_Failed,4.0,12.0,2.0,1
019,Other_Partner,Weekly_Pass,2026-06-11,Success,3.0,70.0,,0
017,Toffee,Daily_Pass,2026-06-23,Success,4.0,85.0,3.0,0
016,Other_Partner,Daily_Pass,2026-06-29,Success,3.0,91.0,4.0,0
018,Toffee,Weekly_Pass,2026-06-19,Success,4.0,88.0,3.0,1
019,Toffee,Daily_Pass,2026-06-28,Success,1.0,76.0,5.0,0
017,Other_Partner,Daily_Pass,2026-06-28,Buffer_Timeout,0.0,1.0,2.0,0
016,Other_Partner,Daily_Pass,2026-06-17,OTP_Failed,0.0,5.0,1.0,1
018,Bioscope,Weekly_Pass,2026-07-09,Stuck_at_Number_Screen,4.0,10.0,,1
017,Toffee,Weekly_Pass,2026-07-03,Success,4.0,84.0,,0
017,Bioscope,Weekly_Pass,2026-06-14,Success,5.0,105.0,5.0,0
016,Bioscope,WC_Premium,2026-07-01,Success,4.0,106.0,5.0,0
016,Bioscope,Daily_Pass,2026-06-19,Success,3.0,79.0,4.0,0
017,Bioscope,Weekly_Pass,2026-06-23,Success,13.0,73.0,5.0,0
018,Toffee,Daily_Pass,2026-07-07,Success,1.0,62.0,4.0,0
013,Bioscope,Weekly_Pass,2026-06-16,Success,5.0,95.0,5.0,0
016,Bioscope,Weekly_Pass,2026-06-23,Buffer_Timeout,3.0,10.0,1.0,1
017,Toffee,Daily_Pass,2026-06-28,OTP_Failed,3.0,8.0,1.0,1
019,Bioscope,Daily_Pass,2026-07-07,Success,5.0,112.0,,0
017,Bioscope,WC_Premium,2026-07-03,Stuck_at_Number_Screen,0.0,4.0,2.0,1
013,Bioscope,Daily_Pass,2026-06-24,Stuck_at_Number_Screen,1.0,0.0,1.0,0
017,Toffee,Weekly_Pass,2026-07-06,Success,9.0,69.0,4.0,0
017,Bioscope,WC_Premium,2026-06-24,Success,3.0,67.0,4.0,0
018,Toffee,Weekly_Pass,2026-07-01,Stuck_at_Number_Screen,2.0,8.0,1.0,1
017,Bioscope,WC_Premium,2026-07-05,Success,2.0,95.0,4.0,0
019,Bioscope,WC_Premium,2026-06-23,Stuck_at_Number_Screen,4.0,2.0,1.0,1
017,Bioscope,Daily_Pass,2026-06-21,Success,9.0,63.0,4.0,0
013,Toffee,Daily_Pass,2026-06-26,Success,6.0,80.0,5.0,0
017,Bioscope,WC_Premium,2026-06-28,Success,5.0,98.0,4.0,0
017,Other_Partner,WC_Premium,2026-06-26,Success,1.0,82.0,3.0,0
017,Toffee,Daily_Pass,2026-06-17,Buffer_Timeout,7.0,3.0,2.0,0
013,Bioscope,Daily_Pass,2026-07-01,Success,5.0,96.0,4.0,0
018,Bioscope,Daily_Pass,2026-06-27,Success,2.0,83.0,4.0,0
013,Bioscope,WC_Premium,2026-06-11,Success,11.0,124.0,3.0,0
018,Toffee,Weekly_Pass,2026-07-08,Stuck_at_Number_Screen,1.0,10.0,1.0,1
018,Toffee,WC_Premium,2026-07-10,OTP_Failed,1.0,0.0,1.0,1
017,Other_Partner,WC_Premium,2026-07-10,Success,8.0,117.0,5.0,0
018,Toffee,WC_Premium,2026-06-11,Buffer_Timeout,0.0,4.0,,0
015,Toffee,Weekly_Pass,2026-06-15,OTP_Failed,2.0,8.0,2.0,1
018,Bioscope,Daily_Pass,2026-06-11,Success,3.0,122.0,4.0,0
016,Toffee,Daily_Pass,2026-07-05,OTP_Failed,0.0,0.0,,1
017,Bioscope,Weekly_Pass,2026-06-21,Success,15.0,108.0,5.0,0
019,Bioscope,Daily_Pass,2026-07-05,Stuck_at_Number_Screen,0.0,11.0,1.0,1
019,Bioscope,Daily_Pass,2026-06-18,Success,9.0,114.0,4.0,0
018,Bioscope,Weekly_Pass,2026-07-01,Buffer_Timeout,1.0,9.0,,0
015,Toffee,Weekly_Pass,2026-07-05,Stuck_at_Number_Screen,0.0,0.0,1.0,1
017,Toffee,WC_Premium,2026-06-28,OTP_Failed,2.0,3.0,1.0,1
017,Bioscope,Daily_Pass,2026-06-22,Success,1.0,95.0,,0
019,Toffee,Daily_Pass,2026-06-22,Buffer_Timeout,4.0,0.0,1.0,1
019,Other_Partner,Weekly_Pass,2026-06-13,Success,4.0,91.0,5.0,0
017,Bioscope,WC_Premium,2026-07-09,Buffer_Timeout,1.0,11.0,2.0,0
017,Toffee,WC_Premium,2026-06-24,Success,4.0,87.0,,0
017,Bioscope,Daily_Pass,2026-06-23,Buffer_Timeout,2.0,11.0,,0
017,Toffee,Daily_Pass,2026-06-29,Stuck_at_Number_Screen,2.0,4.0,2.0,1
019,Toffee,WC_Premium,2026-06-30,Buffer_Timeout,4.0,6.0,,0
018,Bioscope,Daily_Pass,2026-06-12,Success,21.0,93.0,,0
017,Bioscope,Daily_Pass,2026-06-22,Success,2.0,67.0,3.0,0
013,Bioscope,Daily_Pass,2026-06-22,Success,16.0,77.0,5.0,0
017,Toffee,Weekly_Pass,2026-06-20,Success,1.0,99.0,4.0,0
017,Toffee,Weekly_Pass,2026-06-14,Success,3.0,111.0,3.0,0
018,Toffee,Daily_Pass,2026-06-27,Buffer_Timeout,2.0,1.0,1.0,0
015,Toffee,Weekly_Pass,2026-06-17,OTP_Failed,2.0,9.0,,1
019,Toffee,Daily_Pass,2026-06-15,Success,2.0,94.0,4.0,0
017,Bioscope,Weekly_Pass,2026-06-14,Buffer_Timeout,5.0,5.0,,0
019,Other_Partner,Weekly_Pass,2026-06-28,OTP_Failed,4.0,1.0,,0
019,Toffee,Weekly_Pass,2026-06-23,Buffer_Timeout,3.0,5.0,1.0,0
019,Toffee,Daily_Pass,2026-06-23,Buffer_Timeout,2.0,7.0,,0
018,Bioscope,Weekly_Pass,2026-07-08,Stuck_at_Number_Screen,5.0,10.0,1.0,1
013,Bioscope,Weekly_Pass,2026-06-18,Success,1.0,65.0,4.0,0
017,Other_Partner,Weekly_Pass,2026-06-22,Buffer_Timeout,1.0,6.0,2.0,0
017,Toffee,Weekly_Pass,2026-06-25,Success,15.0,100.0,3.0,0
017,Toffee,Weekly_Pass,2026-07-08,OTP_Failed,3.0,8.0,1.0,1
017,Bioscope,Daily_Pass,2026-06-26,Stuck_at_Number_Screen,1.0,6.0,2.0,1
018,Bioscope,Daily_Pass,2026-06-29,Success,10.0,85.0,4.0,0
016,Toffee,Daily_Pass,2026-06-15,OTP_Failed,0.0,0.0,1.0,1
018,Bioscope,Weekly_Pass,2026-06-13,Success,19.0,41.0,,0
017,Toffee,Weekly_Pass,2026-07-08,Success,2.0,114.0,4.0,0
015,Toffee,WC_Premium,2026-06-20,Success,4.0,53.0,5.0,0
014,Bioscope,WC_Premium,2026-07-03,Buffer_Timeout,0.0,3.0,1.0,0
019,Toffee,WC_Premium,2026-06-14,Success,2.0,98.0,,0
015,Bioscope,Daily_Pass,2026-06-22,Buffer_Timeout,0.0,9.0,2.0,0
018,Toffee,Daily_Pass,2026-07-10,OTP_Failed,2.0,15.0,1.0,1
015,Toffee,WC_Premium,2026-07-05,OTP_Failed,1.0,9.0,,0
017,Toffee,Daily_Pass,2026-06-11,Stuck_at_Number_Screen,2.0,14.0,1.0,1
013,Toffee,Weekly_Pass,2026-07-09,Success,0.0,101.0,,0
017,Toffee,Daily_Pass,2026-06-15,Success,7.0,81.0,4.0,0
017,Bioscope,WC_Premium,2026-06-15,Success,6.0,105.0,5.0,0
017,Bioscope,Weekly_Pass,2026-06-25,Success,13.0,83.0,4.0,0
018,Toffee,Daily_Pass,2026-07-07,OTP_Failed,4.0,4.0,2.0,1
019,Toffee,Weekly_Pass,2026-07-09,Success,10.0,101.0,4.0,0
018,Other_Partner,Daily_Pass,2026-07-10,Success,5.0,87.0,5.0,0
017,Toffee,WC_Premium,2026-06-17,Success,18.0,117.0,3.0,0
019,Toffee,Daily_Pass,2026-06-27,Stuck_at_Number_Screen,3.0,9.0,1.0,1
018,Toffee,Weekly_Pass,2026-07-09,OTP_Failed,3.0,4.0,1.0,1
013,Bioscope,Daily_Pass,2026-07-04,Buffer_Timeout,2.0,6.0,2.0,0
016,Toffee,WC_Premium,2026-07-03,Success,1.0,74.0,5.0,0
017,Bioscope,WC_Premium,2026-06-18,Buffer_Timeout,2.0,1.0,2.0,0
017,Toffee,WC_Premium,2026-07-10,Success,4.0,111.0,5.0,0
014,Toffee,WC_Premium,2026-06-26,OTP_Failed,1.0,5.0,1.0,1
017,Toffee,Daily_Pass,2026-07-08,Success,1.0,73.0,4.0,0
018,Bioscope,WC_Premium,2026-06-11,Success,1.0,100.0,5.0,0
019,Bioscope,Weekly_Pass,2026-06-21,Buffer_Timeout,0.0,0.0,1.0,1
016,Toffee,WC_Premium,2026-07-10,Success,22.0,71.0,2.0,0
017,Toffee,Weekly_Pass,2026-06-29,Success,5.0,84.0,5.0,0
017,Bioscope,Daily_Pass,2026-06-16,Stuck_at_Number_Screen,3.0,6.0,1.0,1
017,Bioscope,Weekly_Pass,2026-07-03,Success,19.0,82.0,,0
018,Toffee,Daily_Pass,2026-07-09,Success,6.0,85.0,4.0,0
013,Bioscope,Weekly_Pass,2026-07-07,Success,4.0,92.0,5.0,0
017,Toffee,Weekly_Pass,2026-06-29,Success,10.0,101.0,4.0,0
015,Toffee,Daily_Pass,2026-06-19,OTP_Failed,0.0,12.0,2.0,0
018,Toffee,WC_Premium,2026-06-15,Stuck_at_Number_Screen,8.0,0.0,,1
017,Bioscope,WC_Premium,2026-07-03,Success,0.0,55.0,5.0,0
018,Toffee,WC_Premium,2026-06-24,OTP_Failed,2.0,4.0,2.0,1
016,Bioscope,WC_Premium,2026-07-03,Stuck_at_Number_Screen,2.0,2.0,1.0,1
017,Bioscope,Weekly_Pass,2026-07-01,Stuck_at_Number_Screen,1.0,11.0,2.0,1
017,Bioscope,Weekly_Pass,2026-06-30,Success,8.0,102.0,5.0,0
019,Toffee,Daily_Pass,2026-06-23,Success,7.0,118.0,5.0,0
018,Toffee,WC_Premium,2026-06-23,OTP_Failed,1.0,11.0,1.0,0
018,Other_Partner,WC_Premium,2026-07-05,Stuck_at_Number_Screen,2.0,2.0,1.0,1
013,Bioscope,WC_Premium,2026-06-30,Stuck_at_Number_Screen,0.0,14.0,2.0,1
017,Bioscope,WC_Premium,2026-07-08,Success,6.0,94.0,4.0,0
017,Toffee,Weekly_Pass,2026-06-25,Buffer_Timeout,2.0,5.0,1.0,1
013,Toffee,Weekly_Pass,2026-06-23,Success,1.0,57.0,4.0,0
017,Bioscope,WC_Premium,2026-06-17,Stuck_at_Number_Screen,4.0,7.0,1.0,1
017,Toffee,Weekly_Pass,2026-06-12,Stuck_at_Number_Screen,0.0,5.0,1.0,1
019,Bioscope,Weekly_Pass,2026-07-04,Buffer_Timeout,2.0,9.0,,0
015,Toffee,Daily_Pass,2026-06-30,Buffer_Timeout,5.0,0.0,2.0,1
019,Toffee,Weekly_Pass,2026-07-01,Success,2.0,82.0,4.0,0
019,Toffee,WC_Premium,2026-07-01,Success,14.0,79.0,,0
017,Toffee,Weekly_Pass,2026-06-27,Success,10.0,124.0,4.0,0
015,Toffee,Weekly_Pass,2026-07-10,Stuck_at_Number_Screen,1.0,4.0,2.0,1
017,Bioscope,Daily_Pass,2026-06-14,Stuck_at_Number_Screen,3.0,0.0,1.0,1
015,Toffee,Weekly_Pass,2026-07-03,Success,3.0,50.0,5.0,0
015,Toffee,WC_Premium,2026-06-14,Success,1.0,101.0,4.0,0
016,Bioscope,Daily_Pass,2026-06-28,Success,8.0,104.0,4.0,0
015,Toffee,Daily_Pass,2026-06-15,Success,4.0,71.0,5.0,0
018,Toffee,Daily_Pass,2026-06-17,Success,13.0,89.0,5.0,0
017,Bioscope,WC_Premium,2026-06-14,Stuck_at_Number_Screen,3.0,11.0,1.0,1
013,Other_Partner,Weekly_Pass,2026-06-25,Success,9.0,93.0,4.0,0
018,Toffee,WC_Premium,2026-07-02,OTP_Failed,3.0,6.0,2.0,1
017,Toffee,Weekly_Pass,2026-06-21,Success,3.0,78.0,4.0,0
018,Bioscope,Weekly_Pass,2026-06-14,Buffer_Timeout,0.0,7.0,2.0,0
015,Toffee,WC_Premium,2026-07-09,OTP_Failed,6.0,8.0,1.0,1
017,Bioscope,Daily_Pass,2026-06-29,Success,9.0,77.0,3.0,0
019,Other_Partner,Daily_Pass,2026-06-26,Success,15.0,83.0,5.0,0
014,Other_Partner,Weekly_Pass,2026-06-20,Success,3.0,104.0,4.0,0
014,Toffee,Daily_Pass,2026-06-21,Buffer_Timeout,8.0,6.0,2.0,1
015,Toffee,Daily_Pass,2026-06-27,OTP_Failed,4.0,6.0,1.0,1
018,Other_Partner,Daily_Pass,2026-06-21,OTP_Failed,4.0,1.0,1.0,0
015,Toffee,Daily_Pass,2026-06-21,Success,7.0,85.0,,0
019,Toffee,Daily_Pass,2026-07-04,Success,0.0,84.0,4.0,0
017,Bioscope,WC_Premium,2026-07-07,Success,0.0,110.0,,0
018,Toffee,Daily_Pass,2026-06-16,Success,11.0,75.0,4.0,0
016,Toffee,Daily_Pass,2026-06-26,OTP_Failed,1.0,7.0,,1
017,Bioscope,Daily_Pass,2026-06-23,Success,2.0,117.0,5.0,0
018,Toffee,Weekly_Pass,2026-07-06,Success,4.0,96.0,5.0,0
016,Toffee,Weekly_Pass,2026-06-29,Success,3.0,98.0,,0
017,Toffee,WC_Premium,2026-06-11,Buffer_Timeout,2.0,6.0,2.0,0
018,Bioscope,WC_Premium,2026-06-30,Buffer_Timeout,4.0,6.0,1.0,0
019,Toffee,Daily_Pass,2026-06-24,Success,22.0,99.0,1.0,0
018,Toffee,Daily_Pass,2026-06-21,Success,2.0,72.0,5.0,0
017,Bioscope,Daily_Pass,2026-07-08,Success,2.0,92.0,4.0,0
017,Bioscope,WC_Premium,2026-06-30,Success,1.0,79.0,4.0,0
013,Toffee,Weekly_Pass,2026-07-08,Buffer_Timeout,0.0,4.0,1.0,1
014,Bioscope,Daily_Pass,2026-06-18,Stuck_at_Number_Screen,3.0,11.0,1.0,1
017,Toffee,Daily_Pass,2026-06-16,Buffer_Timeout,5.0,3.0,1.0,1
018,Bioscope,Weekly_Pass,2026-06-29,Buffer_Timeout,2.0,1.0,,0
017,Toffee,Daily_Pass,2026-07-01,OTP_Failed,3.0,9.0,1.0,0
017,Toffee,WC_Premium,2026-06-21,OTP_Failed,0.0,12.0,2.0,0
019,Bioscope,Weekly_Pass,2026-06-16,Buffer_Timeout,2.0,6.0,1.0,1
016,Toffee,Weekly_Pass,2026-06-21,OTP_Failed,0.0,12.0,2.0,1
017,Toffee,Weekly_Pass,2026-06-15,Success,2.0,88.0,4.0,0
013,Toffee,Daily_Pass,2026-06-12,OTP_Failed,0.0,8.0,1.0,1
017,Bioscope,Weekly_Pass,2026-06-26,Success,11.0,92.0,5.0,0
018,Toffee,WC_Premium,2026-06-16,Buffer_Timeout,1.0,4.0,1.0,1
016,Toffee,Daily_Pass,2026-06-24,Success,7.0,87.0,4.0,0
017,Toffee,Weekly_Pass,2026-06-24,Success,5.0,99.0,5.0,0
017,Toffee,WC_Premium,2026-07-10,Success,3.0,112.0,5.0,0
013,Toffee,Daily_Pass,2026-06-23,Buffer_Timeout,0.0,10.0,1.0,0
014,Toffee,Weekly_Pass,2026-06-18,Buffer_Timeout,0.0,1.0,,0
015,Toffee,Daily_Pass,2026-07-04,OTP_Failed,1.0,6.0,,1
017,Toffee,WC_Premium,2026-07-10,Success,0.0,71.0,4.0,1
019,Bioscope,Daily_Pass,2026-06-21,Success,0.0,91.0,4.0,0
013,Bioscope,Weekly_Pass,2026-06-24,Success,18.0,116.0,4.0,0
013,Bioscope,Daily_Pass,2026-07-02,Buffer_Timeout,1.0,13.0,1.0,1
019,Toffee,Daily_Pass,2026-06-13,Stuck_at_Number_Screen,0.0,6.0,,1
014,Other_Partner,WC_Premium,2026-07-09,Buffer_Timeout,1.0,0.0,2.0,1
015,Toffee,Weekly_Pass,2026-06-26,OTP_Failed,2.0,4.0,,0
018,Other_Partner,WC_Premium,2026-06-24,Stuck_at_Number_Screen,2.0,4.0,1.0,1
013,Toffee,Weekly_Pass,2026-06-18,Success,10.0,74.0,5.0,1
019,Toffee,Weekly_Pass,2026-06-27,Success,39.0,107.0,1.0,1
017,Toffee,WC_Premium,2026-06-17,Buffer_Timeout,6.0,6.0,2.0,1
018,Toffee,Daily_Pass,2026-07-04,Success,0.0,105.0,3.0,0
013,Bioscope,Daily_Pass,2026-06-15,Stuck_at_Number_Screen,2.0,10.0,1.0,1
016,Bioscope,Daily_Pass,2026-06-30,OTP_Failed,1.0,0.0,1.0,1
017,Other_Partner,Daily_Pass,2026-06-15,Success,6.0,125.0,4.0,0
017,Bioscope,Daily_Pass,2026-06-27,Success,4.0,85.0,4.0,0
014,Toffee,WC_Premium,2026-06-16,Success,8.0,98.0,3.0,1
017,Toffee,WC_Premium,2026-07-08,OTP_Failed,2.0,7.0,2.0,1
018,Other_Partner,WC_Premium,2026-06-25,Success,3.0,82.0,4.0,0
017,Bioscope,WC_Premium,2026-07-07,Success,12.0,71.0,,0
017,Bioscope,Weekly_Pass,2026-07-06,OTP_Failed,0.0,10.0,2.0,1
017,Toffee,Daily_Pass,2026-07-01,Success,14.0,58.0,,0
017,Bioscope,Weekly_Pass,2026-06-23,Success,11.0,80.0,5.0,0
019,Other_Partner,WC_Premium,2026-07-01,Success,13.0,99.0,3.0,0
017,Toffee,Weekly_Pass,2026-07-01,Success,5.0,110.0,,0
015,Toffee,Weekly_Pass,2026-06-19,OTP_Failed,4.0,7.0,,0
018,Toffee,Daily_Pass,2026-06-25,Buffer_Timeout,3.0,9.0,1.0,0
013,Bioscope,Weekly_Pass,2026-06-22,Success,13.0,70.0,5.0,0
018,Toffee,Daily_Pass,2026-06-19,Buffer_Timeout,0.0,0.0,1.0,0
018,Toffee,Daily_Pass,2026-07-04,Success,13.0,78.0,4.0,0
019,Toffee,WC_Premium,2026-06-20,OTP_Failed,1.0,4.0,1.0,1
017,Bioscope,Daily_Pass,2026-06-26,Buffer_Timeout,0.0,8.0,1.0,0
013,Toffee,WC_Premium,2026-07-10,OTP_Failed,3.0,0.0,,0
019,Toffee,Daily_Pass,2026-07-05,Success,3.0,85.0,4.0,0
014,Other_Partner,WC_Premium,2026-07-01,Success,11.0,90.0,,0
019,Other_Partner,Weekly_Pass,2026-06-12,OTP_Failed,0.0,6.0,,1
013,Toffee,WC_Premium,2026-06-12,Success,3.0,96.0,5.0,0
019,Bioscope,Daily_Pass,2026-06-20,Success,63.0,75.0,2.0,1
018,Bioscope,Weekly_Pass,2026-06-18,Success,1.0,82.0,5.0,0
018,Toffee,WC_Premium,2026-06-26,Success,1.0,105.0,4.0,0
017,Toffee,Daily_Pass,2026-06-13,OTP_Failed,1.0,3.0,2.0,1
018,Toffee,Daily_Pass,2026-06-27,OTP_Failed,2.0,3.0,1.0,1
017,Toffee,Daily_Pass,2026-06-28,OTP_Failed,1.0,6.0,,0
017,Toffee,Daily_Pass,2026-06-22,Success,3.0,78.0,,0
019,Bioscope,Daily_Pass,2026-07-02,Success,6.0,125.0,,0
017,Toffee,Weekly_Pass,2026-07-03,Success,11.0,96.0,5.0,0
017,Bioscope,Daily_Pass,2026-06-20,Stuck_at_Number_Screen,2.0,3.0,1.0,1
017,Toffee,Weekly_Pass,2026-06-22,OTP_Failed,2.0,9.0,1.0,1
014,Bioscope,WC_Premium,2026-06-16,Buffer_Timeout,1.0,4.0,1.0,0
018,Toffee,Weekly_Pass,2026-06-27,Success,1.0,100.0,5.0,0
013,Bioscope,Daily_Pass,2026-06-22,Buffer_Timeout,0.0,11.0,1.0,0
019,Bioscope,Weekly_Pass,2026-06-24,OTP_Failed,2.0,4.0,,0
019,Bioscope,Daily_Pass,2026-06-11,Stuck_at_Number_Screen,0.0,6.0,1.0,1
017,Toffee,Daily_Pass,2026-06-26,Success,1.0,60.0,5.0,0
016,Bioscope,Daily_Pass,2026-06-26,Success,12.0,96.0,4.0,0
019,Other_Partner,WC_Premium,2026-06-16,OTP_Failed,0.0,8.0,,1
016,Bioscope,WC_Premium,2026-07-03,Stuck_at_Number_Screen,1.0,9.0,2.0,1
017,Toffee,Daily_Pass,2026-06-26,Success,11.0,118.0,5.0,0
019,Bioscope,Weekly_Pass,2026-06-27,Success,8.0,70.0,3.0,0
018,Toffee,Daily_Pass,2026-07-09,OTP_Failed,2.0,3.0,1.0,1
017,Bioscope,WC_Premium,2026-06-18,Buffer_Timeout,0.0,12.0,1.0,0
013,Bioscope,WC_Premium,2026-06-15,Success,8.0,55.0,5.0,1
017,Toffee,Daily_Pass,2026-06-13,Success,4.0,53.0,4.0,0
017,Toffee,Daily_Pass,2026-06-16,Stuck_at_Number_Screen,0.0,1.0,1.0,1
019,Toffee,Weekly_Pass,2026-07-01,OTP_Failed,2.0,1.0,1.0,1
017,Other_Partner,Weekly_Pass,2026-07-08,Success,6.0,114.0,5.0,1
013,Toffee,Daily_Pass,2026-07-06,Success,4.0,127.0,4.0,0
018,Toffee,Weekly_Pass,2026-07-02,OTP_Failed,0.0,0.0,2.0,1
017,Other_Partner,Daily_Pass,2026-06-27,Success,9.0,63.0,4.0,0
015,Toffee,Weekly_Pass,2026-07-02,Success,7.0,95.0,,1
017,Toffee,Daily_Pass,2026-06-25,OTP_Failed,1.0,5.0,1.0,1
017,Bioscope,WC_Premium,2026-06-23,Success,10.0,96.0,4.0,0
017,Toffee,Weekly_Pass,2026-06-27,Success,1.0,91.0,4.0,0
017,Toffee,Weekly_Pass,2026-06-22,Success,16.0,64.0,5.0,0
017,Toffee,WC_Premium,2026-07-01,OTP_Failed,2.0,0.0,,1
016,Bioscope,Weekly_Pass,2026-06-25,Success,19.0,80.0,5.0,0
015,Other_Partner,Daily_Pass,2026-07-01,Success,0.0,99.0,,0
017,Toffee,Daily_Pass,2026-06-16,Success,4.0,94.0,,0
016,Toffee,Daily_Pass,2026-06-20,Success,1.0,98.0,5.0,0
016,Toffee,Daily_Pass,2026-07-06,OTP_Failed,1.0,5.0,1.0,1
019,Bioscope,WC_Premium,2026-06-18,Buffer_Timeout,1.0,12.0,1.0,0
013,Toffee,Daily_Pass,2026-06-24,OTP_Failed,3.0,15.0,2.0,1
017,Bioscope,Daily_Pass,2026-07-03,Success,12.0,96.0,3.0,0
017,Toffee,WC_Premium,2026-06-17,Success,11.0,105.0,5.0,0
016,Other_Partner,Weekly_Pass,2026-07-04,Success,9.0,108.0,5.0,0
019,Bioscope,Weekly_Pass,2026-06-25,Success,6.0,93.0,,0
017,Bioscope,Daily_Pass,2026-07-03,Success,10.0,111.0,5.0,0
013,Toffee,Daily_Pass,2026-06-15,Success,22.0,100.0,2.0,0
014,Bioscope,Weekly_Pass,2026-06-19,Buffer_Timeout,1.0,2.0,1.0,1
019,Toffee,WC_Premium,2026-06-30,Stuck_at_Number_Screen,3.0,3.0,1.0,0
015,Toffee,Daily_Pass,2026-06-30,OTP_Failed,2.0,5.0,1.0,1
019,Toffee,Weekly_Pass,2026-06-20,Success,13.0,73.0,,0
013,Bioscope,WC_Premium,2026-07-05,Stuck_at_Number_Screen,1.0,7.0,1.0,1
018,Bioscope,Weekly_Pass,2026-07-03,Success,8.0,107.0,4.0,0
016,Bioscope,Weekly_Pass,2026-06-27,Success,0.0,124.0,4.0,0
017,Bioscope,WC_Premium,2026-07-07,Success,5.0,106.0,3.0,0
018,Toffee,WC_Premium,2026-06-29,Success,4.0,103.0,4.0,0
016,Bioscope,Weekly_Pass,2026-06-21,Success,11.0,101.0,4.0,0
017,Bioscope,WC_Premium,2026-06-24,Success,10.0,86.0,5.0,0
019,Bioscope,Weekly_Pass,2026-07-08,Success,8.0,86.0,4.0,0
018,Toffee,WC_Premium,2026-07-08,Stuck_at_Number_Screen,2.0,8.0,,1
015,Other_Partner,WC_Premium,2026-07-09,Success,1.0,75.0,,0
017,Bioscope,Weekly_Pass,2026-07-02,Success,6.0,86.0,5.0,0
017,Bioscope,Weekly_Pass,2026-06-16,Success,16.0,111.0,4.0,0
018,Toffee,Weekly_Pass,2026-06-26,Success,5.0,77.0,5.0,0
017,Bioscope,WC_Premium,2026-06-23,OTP_Failed,0.0,3.0,,1
016,Bioscope,WC_Premium,2026-07-08,Success,13.0,83.0,5.0,0
019,Toffee,Daily_Pass,2026-06-26,OTP_Failed,2.0,13.0,2.0,1
017,Toffee,WC_Premium,2026-06-27,OTP_Failed,1.0,0.0,1.0,1
018,Toffee,WC_Premium,2026-06-24,Stuck_at_Number_Screen,4.0,3.0,1.0,1
018,Bioscope,WC_Premium,2026-07-05,Success,13.0,74.0,,0
013,Toffee,WC_Premium,2026-06-25,Success,8.0,75.0,4.0,0
014,Toffee,Daily_Pass,2026-06-20,Buffer_Timeout,2.0,11.0,1.0,0
019,Bioscope,Weekly_Pass,2026-07-07,Stuck_at_Number_Screen,5.0,3.0,1.0,1
016,Bioscope,WC_Premium,2026-06-17,Buffer_Timeout,0.0,6.0,1.0,0
016,Toffee,WC_Premium,2026-06-20,Buffer_Timeout,4.0,6.0,1.0,1
018,Toffee,Daily_Pass,2026-06-16,OTP_Failed,3.0,3.0,,0
014,Bioscope,Weekly_Pass,2026-06-24,Success,1.0,100.0,4.0,0
016,Bioscope,WC_Premium,2026-06-30,Stuck_at_Number_Screen,1.0,3.0,2.0,0
016,Toffee,WC_Premium,2026-06-27,OTP_Failed,2.0,1.0,1.0,1
019,Other_Partner,Weekly_Pass,2026-06-19,Success,7.0,89.0,4.0,0
017,Toffee,Daily_Pass,2026-07-01,OTP_Failed,1.0,12.0,1.0,1
019,Other_Partner,WC_Premium,2026-06-26,Success,6.0,81.0,5.0,0
017,Toffee,WC_Premium,2026-07-05,Success,6.0,87.0,,0
017,Toffee,WC_Premium,2026-06-17,Success,10.0,82.0,3.0,0
017,Toffee,WC_Premium,2026-06-14,Success,18.0,91.0,,0
015,Toffee,Weekly_Pass,2026-06-21,Stuck_at_Number_Screen,1.0,5.0,,1
019,Bioscope,WC_Premium,2026-06-12,Buffer_Timeout,1.0,2.0,1.0,1
016,Bioscope,WC_Premium,2026-06-18,Success,13.0,101.0,5.0,0
016,Bioscope,Weekly_Pass,2026-06-24,Success,6.0,84.0,3.0,0
018,Toffee,WC_Premium,2026-07-05,Success,15.0,88.0,,0
014,Toffee,WC_Premium,2026-06-27,Success,4.0,78.0,5.0,0
018,Toffee,WC_Premium,2026-07-03,Success,1.0,106.0,,0
013,Toffee,Weekly_Pass,2026-06-22,Success,6.0,95.0,4.0,0
017,Bioscope,Weekly_Pass,2026-06-30,Success,3.0,74.0,3.0,0
019,Toffee,Daily_Pass,2026-07-08,Success,10.0,46.0,4.0,0
016,Bioscope,Daily_Pass,2026-07-04,OTP_Failed,4.0,0.0,1.0,1
013,Bioscope,Weekly_Pass,2026-06-23,Buffer_Timeout,4.0,4.0,1.0,0
017,Toffee,Weekly_Pass,2026-06-11,Success,2.0,72.0,,1
019,Bioscope,Daily_Pass,2026-06-12,Success,3.0,87.0,4.0,0
017,Toffee,WC_Premium,2026-07-06,Buffer_Timeout,0.0,0.0,,0
016,Toffee,Weekly_Pass,2026-06-20,Buffer_Timeout,2.0,7.0,1.0,0
015,Bioscope,Weekly_Pass,2026-07-03,Success,3.0,92.0,5.0,0
013,Toffee,Weekly_Pass,2026-07-09,Success,7.0,75.0,4.0,0
017,Toffee,Daily_Pass,2026-07-07,Success,5.0,99.0,4.0,0
016,Bioscope,WC_Premium,2026-06-16,Success,1.0,117.0,3.0,0
019,Toffee,Daily_Pass,2026-06-23,Success,6.0,75.0,5.0,0
018,Bioscope,Weekly_Pass,2026-07-10,Success,2.0,83.0,4.0,0
015,Toffee,Weekly_Pass,2026-06-27,OTP_Failed,2.0,7.0,1.0,0
017,Toffee,Weekly_Pass,2026-07-02,Success,4.0,75.0,4.0,0
018,Bioscope,Weekly_Pass,2026-06-17,Stuck_at_Number_Screen,3.0,10.0,,1
016,Bioscope,Daily_Pass,2026-06-17,Success,1.0,109.0,5.0,0
019,Toffee,Daily_Pass,2026-07-09,OTP_Failed,1.0,0.0,1.0,1
017,Toffee,Weekly_Pass,2026-06-18,OTP_Failed,0.0,3.0,2.0,0
019,Bioscope,WC_Premium,2026-06-24,OTP_Failed,1.0,15.0,1.0,1
018,Toffee,Weekly_Pass,2026-07-02,Success,0.0,79.0,5.0,0
013,Bioscope,Daily_Pass,2026-07-08,Success,0.0,84.0,4.0,0
017,Bioscope,Daily_Pass,2026-06-12,Success,0.0,74.0,4.0,0
019,Bioscope,Weekly_Pass,2026-06-17,Success,5.0,93.0,5.0,0
017,Bioscope,Weekly_Pass,2026-06-27,Success,4.0,79.0,5.0,0
017,Bioscope,Daily_Pass,2026-06-11,Success,1.0,94.0,5.0,0
017,Bioscope,Weekly_Pass,2026-07-02,Success,3.0,81.0,5.0,0
019,Bioscope,Daily_Pass,2026-06-24,Success,7.0,46.0,5.0,0
016,Bioscope,Weekly_Pass,2026-07-02,OTP_Failed,1.0,0.0,1.0,1
019,Toffee,Daily_Pass,2026-06-11,Success,5.0,108.0,4.0,0
017,Toffee,WC_Premium,2026-06-18,Success,1.0,117.0,,0
018,Bioscope,Daily_Pass,2026-06-19,OTP_Failed,4.0,2.0,1.0,1
018,Bioscope,Weekly_Pass,2026-06-18,Stuck_at_Number_Screen,4.0,11.0,1.0,1
019,Toffee,WC_Premium,2026-07-07,Success,17.0,72.0,4.0,0
014,Toffee,Daily_Pass,2026-07-09,Success,7.0,57.0,4.0,0
017,Other_Partner,Weekly_Pass,2026-06-27,Success,2.0,84.0,4.0,0
016,Bioscope,Daily_Pass,2026-07-07,Buffer_Timeout,3.0,8.0,1.0,0
017,Toffee,Daily_Pass,2026-06-23,Success,5.0,109.0,4.0,1
018,Bioscope,Weekly_Pass,2026-06-18,OTP_Failed,2.0,0.0,1.0,1
017,Other_Partner,WC_Premium,2026-07-01,Buffer_Timeout,1.0,6.0,1.0,0
017,Bioscope,Weekly_Pass,2026-06-16,Success,12.0,114.0,,0
013,Bioscope,Weekly_Pass,2026-06-29,Success,6.0,91.0,,0
018,Toffee,Weekly_Pass,2026-06-22,OTP_Failed,1.0,1.0,,0
017,Bioscope,Weekly_Pass,2026-07-10,Success,1.0,49.0,3.0,0
016,Bioscope,Weekly_Pass,2026-07-03,Success,28.0,117.0,1.0,0
013,Bioscope,Daily_Pass,2026-06-25,Success,5.0,111.0,,0
017,Toffee,Daily_Pass,2026-07-08,Success,6.0,76.0,5.0,0
019,Toffee,Weekly_Pass,2026-06-19,Success,15.0,132.0,4.0,0
017,Toffee,WC_Premium,2026-06-24,OTP_Failed,3.0,5.0,1.0,1
013,Toffee,Daily_Pass,2026-07-07,Buffer_Timeout,5.0,9.0,1.0,0
016,Bioscope,Weekly_Pass,2026-06-13,Success,43.0,89.0,1.0,1
017,Other_Partner,Daily_Pass,2026-06-22,Success,3.0,54.0,5.0,0
017,Bioscope,Daily_Pass,2026-06-21,Stuck_at_Number_Screen,0.0,13.0,1.0,1
013,Bioscope,Weekly_Pass,2026-06-13,Success,13.0,113.0,4.0,0
014,Toffee,WC_Premium,2026-06-18,OTP_Failed,2.0,5.0,1.0,1
018,Bioscope,Weekly_Pass,2026-06-11,OTP_Failed,1.0,0.0,1.0,1
016,Bioscope,Daily_Pass,2026-06-27,Buffer_Timeout,1.0,8.0,2.0,1
018,Bioscope,WC_Premium,2026-07-07,Success,5.0,51.0,4.0,0
017,Bioscope,Daily_Pass,2026-06-28,Success,12.0,74.0,5.0,0
013,Bioscope,WC_Premium,2026-06-20,Success,0.0,87.0,4.0,0
019,Bioscope,Weekly_Pass,2026-07-07,Success,2.0,122.0,,0
017,Toffee,Weekly_Pass,2026-06-22,Buffer_Timeout,0.0,9.0,,0
017,Bioscope,WC_Premium,2026-06-27,Buffer_Timeout,1.0,1.0,1.0,0
017,Other_Partner,WC_Premium,2026-07-02,Stuck_at_Number_Screen,2.0,10.0,,1
013,Toffee,Daily_Pass,2026-06-20,Success,0.0,56.0,,0
015,Bioscope,Daily_Pass,2026-06-24,Stuck_at_Number_Screen,3.0,3.0,1.0,1
017,Bioscope,Daily_Pass,2026-06-19,Success,1.0,86.0,4.0,0
018,Bioscope,Daily_Pass,2026-06-18,Buffer_Timeout,0.0,6.0,1.0,0
017,Bioscope,WC_Premium,2026-06-29,Success,1.0,57.0,5.0,0
015,Bioscope,Daily_Pass,2026-06-27,Success,5.0,76.0,,0
017,Toffee,Weekly_Pass,2026-06-25,Stuck_at_Number_Screen,4.0,9.0,1.0,1
013,Toffee,WC_Premium,2026-06-16,OTP_Failed,1.0,14.0,1.0,1
016,Bioscope,WC_Premium,2026-06-17,Stuck_at_Number_Screen,3.0,3.0,1.0,1
016,Bioscope,Weekly_Pass,2026-06-28,Success,2.0,71.0,3.0,0
013,Bioscope,WC_Premium,2026-07-07,Buffer_Timeout,9.0,2.0,1.0,0
017,Toffee,Daily_Pass,2026-06-26,OTP_Failed,7.0,3.0,1.0,1
013,Toffee,WC_Premium,2026-06-21,OTP_Failed,3.0,0.0,1.0,1
017,Other_Partner,Daily_Pass,2026-07-07,Success,7.0,103.0,5.0,1
017,Toffee,WC_Premium,2026-06-19,OTP_Failed,1.0,8.0,1.0,1
018,Bioscope,Daily_Pass,2026-06-30,Success,20.0,98.0,3.0,0
017,Bioscope,Daily_Pass,2026-06-20,Success,9.0,92.0,5.0,0
017,Bioscope,Weekly_Pass,2026-06-23,Success,4.0,109.0,4.0,0
016,Toffee,WC_Premium,2026-06-17,OTP_Failed,1.0,8.0,2.0,0
015,Bioscope,WC_Premium,2026-06-12,Success,3.0,130.0,3.0,0
018,Bioscope,Daily_Pass,2026-06-28,Success,2.0,97.0,5.0,0
017,Toffee,Daily_Pass,2026-07-09,OTP_Failed,1.0,6.0,1.0,0
017,Toffee,Daily_Pass,2026-06-16,Success,41.0,85.0,2.0,1
015,Toffee,Weekly_Pass,2026-06-12,Success,9.0,94.0,5.0,0
017,Toffee,Weekly_Pass,2026-06-25,Stuck_at_Number_Screen,4.0,0.0,1.0,1
017,Bioscope,Weekly_Pass,2026-06-21,Success,9.0,82.0,5.0,0
018,Bioscope,Weekly_Pass,2026-06-13,Success,1.0,84.0,4.0,0
018,Other_Partner,Weekly_Pass,2026-06-19,Success,11.0,74.0,4.0,0
018,Bioscope,WC_Premium,2026-06-23,Success,6.0,61.0,4.0,0
017,Bioscope,Daily_Pass,2026-06-21,Success,0.0,81.0,,1
017,Toffee,Weekly_Pass,2026-07-03,Buffer_Timeout,5.0,1.0,1.0,1
015,Bioscope,Weekly_Pass,2026-06-23,OTP_Failed,1.0,2.0,1.0,0
017,Bioscope,Daily_Pass,2026-06-21,Success,9.0,92.0,5.0,0
016,Other_Partner,Weekly_Pass,2026-06-20,Success,3.0,143.0,4.0,0
016,Bioscope,Daily_Pass,2026-06-15,Success,2.0,88.0,4.0,0
018,Other_Partner,Daily_Pass,2026-07-04,Success,5.0,62.0,4.0,0
017,Bioscope,Weekly_Pass,2026-07-07,Buffer_Timeout,4.0,5.0,1.0,0
017,Bioscope,Daily_Pass,2026-06-14,Success,0.0,84.0,4.0,0
018,Toffee,Daily_Pass,2026-06-17,OTP_Failed,1.0,2.0,2.0,1
019,Bioscope,Weekly_Pass,2026-06-17,Stuck_at_Number_Screen,0.0,0.0,1.0,1
014,Bioscope,Weekly_Pass,2026-07-09,Stuck_at_Number_Screen,3.0,10.0,,0
017,Toffee,Daily_Pass,2026-06-23,Success,17.0,87.0,5.0,0
017,Toffee,Daily_Pass,2026-06-24,Success,7.0,92.0,4.0,0
014,Bioscope,Weekly_Pass,2026-07-08,Success,6.0,83.0,4.0,0
016,Toffee,WC_Premium,2026-07-09,Stuck_at_Number_Screen,7.0,12.0,2.0,1
019,Toffee,WC_Premium,2026-06-19,Success,14.0,90.0,4.0,0
017,Bioscope,Daily_Pass,2026-07-03,Success,9.0,89.0,4.0,0
018,Other_Partner,Daily_Pass,2026-06-20,OTP_Failed,1.0,10.0,2.0,1
016,Bioscope,Daily_Pass,2026-06-24,Success,19.0,106.0,5.0,0
016,Toffee,Weekly_Pass,2026-06-12,Success,9.0,84.0,,0
013,Toffee,Weekly_Pass,2026-06-13,Success,5.0,81.0,,0
017,Toffee,Weekly_Pass,2026-06-19,Success,14.0,111.0,5.0,0
018,Toffee,WC_Premium,2026-07-08,Buffer_Timeout,1.0,3.0,1.0,1
017,Toffee,Weekly_Pass,2026-06-30,Success,4.0,88.0,4.0,0
018,Other_Partner,WC_Premium,2026-06-20,Success,22.0,81.0,,0
015,Bioscope,Daily_Pass,2026-06-14,Buffer_Timeout,4.0,0.0,,0
013,Toffee,Daily_Pass,2026-07-10,Success,1.0,125.0,4.0,0
019,Toffee,Daily_Pass,2026-07-06,Success,11.0,81.0,,0
017,Bioscope,Daily_Pass,2026-07-10,Success,8.0,126.0,5.0,0
016,Bioscope,WC_Premium,2026-06-19,Buffer_Timeout,1.0,4.0,1.0,0
015,Toffee,Daily_Pass,2026-07-02,Stuck_at_Number_Screen,3.0,6.0,1.0,1
017,Other_Partner,Weekly_Pass,2026-06-19,Success,1.0,114.0,4.0,1
017,Toffee,Daily_Pass,2026-06-19,Success,16.0,60.0,4.0,0
013,Toffee,Daily_Pass,2026-06-26,Buffer_Timeout,6.0,9.0,,0
017,Toffee,Daily_Pass,2026-06-13,Success,1.0,91.0,3.0,0
016,Bioscope,Daily_Pass,2026-07-02,Success,16.0,88.0,4.0,0
014,Toffee,Weekly_Pass,2026-06-24,OTP_Failed,1.0,4.0,1.0,1
013,Toffee,WC_Premium,2026-07-02,OTP_Failed,3.0,4.0,2.0,1
017,Toffee,Weekly_Pass,2026-06-30,Buffer_Timeout,2.0,9.0,1.0,1
013,Bioscope,Weekly_Pass,2026-07-07,Stuck_at_Number_Screen,1.0,0.0,1.0,1
016,Toffee,Daily_Pass,2026-06-23,Buffer_Timeout,4.0,0.0,1.0,1
017,Toffee,WC_Premium,2026-07-08,Stuck_at_Number_Screen,0.0,6.0,1.0,1
018,Toffee,Daily_Pass,2026-07-09,Success,8.0,91.0,,0
018,Toffee,WC_Premium,2026-06-27,Success,2.0,111.0,4.0,0
018,Bioscope,Weekly_Pass,2026-06-29,Buffer_Timeout,1.0,5.0,1.0,1
017,Toffee,Daily_Pass,2026-06-17,Success,4.0,59.0,4.0,0
016,Toffee,Weekly_Pass,2026-07-07,OTP_Failed,1.0,0.0,,1
017,Bioscope,WC_Premium,2026-06-17,Stuck_at_Number_Screen,7.0,3.0,1.0,1
017,Toffee,Daily_Pass,2026-06-17,Success,0.0,114.0,,0
019,Toffee,Daily_Pass,2026-07-06,Success,0.0,96.0,4.0,0
016,Toffee,Daily_Pass,2026-07-05,Success,8.0,116.0,5.0,0
017,Other_Partner,Weekly_Pass,2026-07-06,Success,8.0,92.0,3.0,0
017,Bioscope,Daily_Pass,2026-06-26,Stuck_at_Number_Screen,1.0,0.0,,1
017,Bioscope,WC_Premium,2026-06-11,Success,1.0,91.0,4.0,0
017,Bioscope,WC_Premium,2026-06-28,Buffer_Timeout,1.0,13.0,1.0,0
017,Other_Partner,WC_Premium,2026-06-24,Success,3.0,77.0,,0
017,Bioscope,Daily_Pass,2026-06-13,Stuck_at_Number_Screen,1.0,3.0,1.0,1
018,Bioscope,Weekly_Pass,2026-06-21,Success,6.0,150.0,,0
016,Toffee,Daily_Pass,2026-06-12,Success,39.0,89.0,2.0,0
018,Toffee,Weekly_Pass,2026-06-28,Success,12.0,77.0,5.0,0
016,Bioscope,WC_Premium,2026-07-08,Success,3.0,110.0,4.0,0
017,Other_Partner,Weekly_Pass,2026-06-26,Success,2.0,66.0,5.0,0
015,Toffee,WC_Premium,2026-06-29,Buffer_Timeout,4.0,2.0,2.0,0
019,Bioscope,WC_Premium,2026-06-24,Success,4.0,103.0,3.0,0
019,Toffee,Daily_Pass,2026-07-10,Success,8.0,74.0,4.0,0
019,Toffee,Weekly_Pass,2026-07-03,OTP_Failed,0.0,9.0,2.0,1
014,Toffee,Daily_Pass,2026-07-09,Stuck_at_Number_Screen,1.0,3.0,,0
018,Bioscope,Daily_Pass,2026-06-15,Success,4.0,108.0,5.0,0
017,Toffee,Daily_Pass,2026-07-05,Success,4.0,113.0,4.0,0
018,Bioscope,WC_Premium,2026-07-08,Success,3.0,86.0,5.0,0
016,Bioscope,Weekly_Pass,2026-07-04,Success,1.0,98.0,4.0,0
016,Bioscope,Weekly_Pass,2026-06-12,Success,1.0,74.0,,0
018,Toffee,WC_Premium,2026-07-01,Success,2.0,113.0,5.0,0
017,Bioscope,WC_Premium,2026-06-27,Success,25.0,112.0,2.0,0
013,Toffee,WC_Premium,2026-06-29,Success,11.0,103.0,4.0,0
014,Toffee,Daily_Pass,2026-06-21,Success,4.0,111.0,5.0,0
018,Bioscope,Weekly_Pass,2026-07-01,Success,0.0,112.0,5.0,0
018,Toffee,Weekly_Pass,2026-07-05,Success,13.0,87.0,,0
017,Toffee,Weekly_Pass,2026-07-07,Success,3.0,57.0,3.0,0
013,Toffee,Daily_Pass,2026-06-19,Success,7.0,43.0,,0
019,Bioscope,Daily_Pass,2026-06-26,Success,7.0,72.0,,0
016,Toffee,WC_Premium,2026-06-29,Stuck_at_Number_Screen,1.0,7.0,2.0,1
019,Bioscope,Daily_Pass,2026-06-21,Success,4.0,95.0,4.0,0
018,Bioscope,Weekly_Pass,2026-06-24,Stuck_at_Number_Screen,2.0,12.0,1.0,1
018,Bioscope,Daily_Pass,2026-06-21,Success,3.0,105.0,,0
017,Bioscope,Daily_Pass,2026-06-25,Success,0.0,90.0,4.0,0
016,Toffee,Daily_Pass,2026-07-02,OTP_Failed,5.0,10.0,1.0,1
013,Toffee,Weekly_Pass,2026-06-20,Success,1.0,123.0,3.0,0
013,Toffee,WC_Premium,2026-06-20,Success,5.0,66.0,,0
018,Toffee,Daily_Pass,2026-07-02,Success,13.0,92.0,5.0,0
014,Bioscope,Daily_Pass,2026-07-10,Success,6.0,94.0,,0
017,Toffee,Weekly_Pass,2026-07-05,Success,8.0,94.0,5.0,0
019,Toffee,Daily_Pass,2026-07-02,OTP_Failed,4.0,15.0,1.0,0
017,Bioscope,WC_Premium,2026-06-13,Success,2.0,125.0,5.0,1
013,Bioscope,Daily_Pass,2026-06-17,Buffer_Timeout,3.0,15.0,1.0,0
017,Bioscope,Weekly_Pass,2026-07-10,Success,11.0,67.0,5.0,0
017,Bioscope,Weekly_Pass,2026-06-11,Success,19.0,84.0,,0
018,Bioscope,WC_Premium,2026-06-23,Buffer_Timeout,1.0,3.0,2.0,0
017,Bioscope,Weekly_Pass,2026-06-29,Success,8.0,119.0,4.0,0
018,Toffee,Daily_Pass,2026-06-13,Buffer_Timeout,1.0,9.0,1.0,0
014,Other_Partner,Daily_Pass,2026-06-25,Success,9.0,114.0,5.0,0
017,Bioscope,WC_Premium,2026-06-27,Success,0.0,85.0,,0
019,Toffee,WC_Premium,2026-06-11,Success,4.0,77.0,5.0,0
013,Toffee,Daily_Pass,2026-06-23,Success,7.0,72.0,5.0,0
016,Bioscope,WC_Premium,2026-07-09,Success,5.0,112.0,4.0,1
017,Other_Partner,Weekly_Pass,2026-07-04,Success,6.0,81.0,3.0,0
017,Toffee,Weekly_Pass,2026-06-18,Success,10.0,55.0,3.0,0
017,Toffee,Daily_Pass,2026-07-05,Success,2.0,76.0,4.0,0
017,Bioscope,WC_Premium,2026-07-06,Success,1.0,96.0,5.0,0
017,Other_Partner,Daily_Pass,2026-06-16,Buffer_Timeout,0.0,15.0,1.0,0
016,Toffee,WC_Premium,2026-06-22,Success,4.0,100.0,5.0,0
019,Toffee,Daily_Pass,2026-06-18,OTP_Failed,3.0,2.0,1.0,1
019,Bioscope,WC_Premium,2026-07-09,Success,15.0,80.0,4.0,0
016,Toffee,Daily_Pass,2026-06-30,Success,22.0,90.0,2.0,0
017,Bioscope,Daily_Pass,2026-06-23,Success,8.0,122.0,4.0,0
017,Toffee,Daily_Pass,2026-06-23,Stuck_at_Number_Screen,2.0,10.0,,1
017,Toffee,Daily_Pass,2026-06-23,Stuck_at_Number_Screen,3.0,10.0,1.0,1
017,Toffee,Weekly_Pass,2026-07-01,Success,7.0,65.0,5.0,0
018,Toffee,Daily_Pass,2026-06-18,Success,6.0,60.0,,0
018,Toffee,WC_Premium,2026-06-28,Success,1.0,90.0,4.0,0
013,Toffee,Weekly_Pass,2026-07-06,OTP_Failed,5.0,11.0,,1
013,Bioscope,Weekly_Pass,2026-06-30,Success,4.0,117.0,3.0,0
019,Toffee,Daily_Pass,2026-06-11,Stuck_at_Number_Screen,1.0,0.0,1.0,0
019,Other_Partner,Weekly_Pass,2026-06-18,Success,6.0,55.0,,0
017,Toffee,Daily_Pass,2026-06-26,Stuck_at_Number_Screen,1.0,2.0,,1
014,Bioscope,WC_Premium,2026-06-22,Success,6.0,104.0,3.0,1
015,Toffee,Daily_Pass,2026-06-12,OTP_Failed,0.0,8.0,,0
017,Toffee,WC_Premium,2026-06-26,Success,7.0,73.0,4.0,0
013,Bioscope,Daily_Pass,2026-06-28,Success,14.0,76.0,5.0,0
018,Bioscope,WC_Premium,2026-06-21,Success,4.0,54.0,,0
014,Bioscope,Daily_Pass,2026-06-21,OTP_Failed,1.0,3.0,1.0,1
019,Bioscope,Daily_Pass,2026-06-15,Success,4.0,82.0,5.0,0
017,Bioscope,Weekly_Pass,2026-06-21,Stuck_at_Number_Screen,2.0,0.0,,0
013,Toffee,WC_Premium,2026-06-27,OTP_Failed,2.0,6.0,1.0,1
018,Bioscope,Weekly_Pass,2026-06-22,OTP_Failed,3.0,8.0,1.0,1
018,Bioscope,Daily_Pass,2026-07-02,Success,8.0,130.0,,0
017,Other_Partner,Weekly_Pass,2026-07-10,Buffer_Timeout,1.0,6.0,1.0,0
019,Bioscope,WC_Premium,2026-06-22,Success,2.0,99.0,4.0,0
016,Toffee,Daily_Pass,2026-06-18,Stuck_at_Number_Screen,3.0,2.0,,1
019,Toffee,Daily_Pass,2026-07-03,Success,4.0,78.0,3.0,0
019,Bioscope,WC_Premium,2026-06-20,Stuck_at_Number_Screen,2.0,3.0,1.0,1
016,Bioscope,WC_Premium,2026-06-16,Success,8.0,87.0,4.0,0
013,Bioscope,WC_Premium,2026-07-08,OTP_Failed,0.0,5.0,2.0,1
018,Bioscope,WC_Premium,2026-06-11,Success,1.0,111.0,5.0,0
017,Toffee,Daily_Pass,2026-07-07,OTP_Failed,3.0,2.0,1.0,1
016,Toffee,Weekly_Pass,2026-06-21,Success,1.0,82.0,,0
017,Toffee,Weekly_Pass,2026-06-19,OTP_Failed,1.0,7.0,1.0,1
016,Bioscope,WC_Premium,2026-07-03,Success,28.0,71.0,,0
017,Bioscope,WC_Premium,2026-06-13,Stuck_at_Number_Screen,1.0,7.0,1.0,1
017,Toffee,WC_Premium,2026-06-24,Success,0.0,102.0,4.0,0
017,Bioscope,Daily_Pass,2026-06-23,Success,1.0,67.0,4.0,0
017,Toffee,Daily_Pass,2026-06-30,Stuck_at_Number_Screen,0.0,0.0,,1
016,Toffee,Daily_Pass,2026-06-13,Stuck_at_Number_Screen,2.0,0.0,,1
016,Bioscope,Weekly_Pass,2026-06-30,OTP_Failed,2.0,9.0,2.0,0
018,Toffee,Daily_Pass,2026-06-27,Buffer_Timeout,0.0,5.0,1.0,0
017,Bioscope,WC_Premium,2026-06-29,Success,8.0,91.0,5.0,0
017,Bioscope,Daily_Pass,2026-06-25,Success,8.0,108.0,4.0,0
017,Bioscope,Daily_Pass,2026-06-15,Success,1.0,98.0,5.0,0
017,Toffee,Weekly_Pass,2026-07-01,Success,19.0,105.0,,0
019,Toffee,WC_Premium,2026-06-19,Success,18.0,63.0,,0
017,Bioscope,Daily_Pass,2026-07-01,OTP_Failed,1.0,10.0,1.0,1
013,Bioscope,WC_Premium,2026-06-27,Success,5.0,81.0,5.0,0
017,Bioscope,Weekly_Pass,2026-06-24,Success,7.0,117.0,,0
017,Toffee,Daily_Pass,2026-06-15,OTP_Failed,1.0,0.0,,1
018,Toffee,Daily_Pass,2026-06-21,Success,7.0,78.0,4.0,0
018,Bioscope,WC_Premium,2026-06-17,Success,4.0,117.0,4.0,0
017,Bioscope,Daily_Pass,2026-06-22,Success,5.0,111.0,4.0,0
017,Toffee,WC_Premium,2026-06-14,Buffer_Timeout,1.0,8.0,,0
013,Toffee,Weekly_Pass,2026-07-03,Success,5.0,110.0,5.0,0
017,Bioscope,Daily_Pass,2026-07-06,Buffer_Timeout,0.0,0.0,2.0,0
017,Toffee,Daily_Pass,2026-06-26,Success,9.0,80.0,4.0,0
015,Toffee,Daily_Pass,2026-07-08,Success,3.0,98.0,3.0,0
018,Toffee,Weekly_Pass,2026-07-09,Success,1.0,112.0,4.0,0
018,Toffee,Weekly_Pass,2026-06-12,OTP_Failed,3.0,6.0,,1
013,Bioscope,WC_Premium,2026-06-26,Buffer_Timeout,0.0,8.0,,0
013,Toffee,Daily_Pass,2026-06-12,Success,3.0,78.0,4.0,0
018,Toffee,Daily_Pass,2026-06-21,Success,10.0,119.0,5.0,0
016,Toffee,Daily_Pass,2026-07-03,Success,3.0,114.0,4.0,0
016,Toffee,Daily_Pass,2026-06-29,Success,7.0,74.0,5.0,0
017,Bioscope,Weekly_Pass,2026-07-03,Stuck_at_Number_Screen,2.0,14.0,1.0,1
018,Toffee,WC_Premium,2026-06-29,Success,16.0,96.0,4.0,0
013,Bioscope,Weekly_Pass,2026-07-02,Success,2.0,84.0,4.0,0
019,Toffee,WC_Premium,2026-06-23,Buffer_Timeout,2.0,0.0,1.0,0
018,Toffee,Daily_Pass,2026-07-03,Success,0.0,42.0,5.0,0
018,Toffee,Daily_Pass,2026-07-01,OTP_Failed,0.0,8.0,,1
017,Toffee,Daily_Pass,2026-07-10,OTP_Failed,5.0,7.0,1.0,0
018,Bioscope,Daily_Pass,2026-06-17,Success,3.0,93.0,,0
017,Toffee,Weekly_Pass,2026-06-23,Success,2.0,113.0,,0
017,Bioscope,Daily_Pass,2026-06-30,Success,8.0,132.0,5.0,0
017,Toffee,WC_Premium,2026-06-26,Buffer_Timeout,3.0,0.0,,0
016,Toffee,WC_Premium,2026-06-27,OTP_Failed,0.0,5.0,1.0,1
017,Toffee,Daily_Pass,2026-06-21,Success,0.0,108.0,,0
013,Bioscope,WC_Premium,2026-06-24,OTP_Failed,1.0,9.0,1.0,1
019,Toffee,Weekly_Pass,2026-07-04,OTP_Failed,0.0,0.0,1.0,0
017,Toffee,Daily_Pass,2026-07-06,Success,12.0,48.0,5.0,0
018,Toffee,WC_Premium,2026-07-06,Success,8.0,90.0,3.0,0
013,Toffee,Daily_Pass,2026-06-12,OTP_Failed,1.0,5.0,1.0,1
017,Other_Partner,WC_Premium,2026-07-05,Success,27.0,75.0,,0
019,Bioscope,Daily_Pass,2026-06-25,Buffer_Timeout,0.0,9.0,1.0,1
017,Bioscope,Daily_Pass,2026-06-23,OTP_Failed,0.0,5.0,2.0,1
018,Bioscope,Weekly_Pass,2026-07-02,Success,6.0,108.0,4.0,0
018,Bioscope,WC_Premium,2026-06-23,Buffer_Timeout,3.0,4.0,,0
018,Toffee,Daily_Pass,2026-06-15,Success,2.0,78.0,4.0,0
016,Bioscope,Daily_Pass,2026-07-02,Buffer_Timeout,2.0,3.0,2.0,1
017,Toffee,Weekly_Pass,2026-07-06,Success,2.0,87.0,3.0,0
017,Toffee,Daily_Pass,2026-06-27,OTP_Failed,2.0,10.0,,1
016,Bioscope,Weekly_Pass,2026-06-14,Stuck_at_Number_Screen,0.0,7.0,,1
018,Bioscope,WC_Premium,2026-06-16,Success,13.0,63.0,,0
019,Bioscope,WC_Premium,2026-07-02,Success,0.0,94.0,5.0,0
019,Bioscope,WC_Premium,2026-06-16,Success,3.0,118.0,5.0,0
019,Toffee,WC_Premium,2026-07-03,OTP_Failed,0.0,5.0,1.0,1
018,Toffee,WC_Premium,2026-07-05,Success,16.0,67.0,5.0,0
017,Toffee,WC_Premium,2026-07-05,Buffer_Timeout,2.0,4.0,2.0,0
019,Bioscope,Daily_Pass,2026-06-13,Stuck_at_Number_Screen,2.0,6.0,,1
018,Other_Partner,Weekly_Pass,2026-06-30,Success,1.0,68.0,4.0,0
017,Toffee,WC_Premium,2026-06-11,OTP_Failed,3.0,3.0,1.0,1
019,Toffee,Weekly_Pass,2026-07-08,Success,16.0,100.0,5.0,0
019,Toffee,WC_Premium,2026-06-26,Stuck_at_Number_Screen,2.0,0.0,2.0,1
018,Bioscope,Daily_Pass,2026-06-27,Success,3.0,91.0,,0
017,Bioscope,WC_Premium,2026-06-30,Success,15.0,94.0,4.0,0
013,Toffee,Weekly_Pass,2026-06-16,Success,2.0,102.0,5.0,0
019,Other_Partner,Daily_Pass,2026-06-22,Buffer_Timeout,0.0,5.0,1.0,0
014,Bioscope,Daily_Pass,2026-06-22,Success,8.0,72.0,5.0,0
017,Toffee,Daily_Pass,2026-06-29,Success,9.0,108.0,,0
017,Other_Partner,WC_Premium,2026-07-01,Success,1.0,108.0,,0
019,Toffee,Weekly_Pass,2026-06-26,Success,0.0,100.0,5.0,0
013,Toffee,WC_Premium,2026-07-05,Success,3.0,97.0,4.0,0
018,Toffee,Weekly_Pass,2026-07-07,OTP_Failed,1.0,5.0,1.0,1
015,Bioscope,WC_Premium,2026-06-27,Success,7.0,59.0,3.0,0
017,Bioscope,Weekly_Pass,2026-06-27,Success,2.0,90.0,4.0,0
018,Toffee,Daily_Pass,2026-06-28,Success,8.0,125.0,4.0,0
017,Other_Partner,Daily_Pass,2026-06-25,Success,5.0,25.0,4.0,0
013,Toffee,WC_Premium,2026-06-16,Success,14.0,107.0,4.0,0
019,Bioscope,Daily_Pass,2026-07-06,Success,2.0,88.0,3.0,0
013,Bioscope,Daily_Pass,2026-07-07,Success,7.0,110.0,4.0,0
015,Toffee,Daily_Pass,2026-06-19,Success,12.0,65.0,3.0,0
018,Toffee,Daily_Pass,2026-07-04,Success,17.0,109.0,5.0,0
017,Bioscope,WC_Premium,2026-06-21,Success,12.0,110.0,5.0,0
017,Toffee,Weekly_Pass,2026-07-01,Success,3.0,100.0,5.0,0
013,Bioscope,Weekly_Pass,2026-06-18,OTP_Failed,5.0,3.0,1.0,0
013,Bioscope,WC_Premium,2026-06-15,OTP_Failed,8.0,5.0,,0
017,Bioscope,Weekly_Pass,2026-06-25,Success,5.0,121.0,5.0,0
013,Toffee,WC_Premium,2026-07-06,Success,4.0,87.0,4.0,0
018,Toffee,Daily_Pass,2026-06-20,OTP_Failed,2.0,3.0,1.0,0
016,Toffee,WC_Premium,2026-06-13,Buffer_Timeout,1.0,5.0,1.0,0
016,Bioscope,Daily_Pass,2026-06-17,Success,14.0,66.0,5.0,0
016,Toffee,WC_Premium,2026-07-09,Success,4.0,81.0,5.0,0
017,Toffee,Weekly_Pass,2026-06-16,Success,8.0,53.0,4.0,0
017,Other_Partner,Daily_Pass,2026-07-03,Success,5.0,100.0,4.0,0
016,Bioscope,Daily_Pass,2026-06-15,Success,8.0,109.0,4.0,0
018,Toffee,Daily_Pass,2026-07-04,Stuck_at_Number_Screen,1.0,1.0,,1
017,Other_Partner,Daily_Pass,2026-06-18,Success,5.0,81.0,4.0,0
019,Bioscope,Weekly_Pass,2026-07-07,Success,22.0,123.0,2.0,1
019,Toffee,WC_Premium,2026-06-15,Buffer_Timeout,1.0,3.0,1.0,1
018,Toffee,Weekly_Pass,2026-07-06,Success,2.0,118.0,,0
017,Bioscope,Weekly_Pass,2026-06-26,Success,7.0,67.0,4.0,1
019,Bioscope,Daily_Pass,2026-07-07,Success,10.0,97.0,4.0,0
018,Toffee,Daily_Pass,2026-06-22,Success,1.0,96.0,5.0,0
019,Toffee,Weekly_Pass,2026-06-17,OTP_Failed,0.0,6.0,,1
019,Toffee,WC_Premium,2026-06-14,Success,5.0,88.0,3.0,0
019,Bioscope,WC_Premium,2026-07-03,Stuck_at_Number_Screen,1.0,0.0,1.0,1
018,Toffee,Daily_Pass,2026-06-16,OTP_Failed,0.0,2.0,1.0,1
017,Toffee,Weekly_Pass,2026-06-22,Success,8.0,88.0,5.0,0
016,Bioscope,Weekly_Pass,2026-06-23,Success,23.0,92.0,,0
018,Bioscope,Weekly_Pass,2026-06-28,Success,3.0,92.0,3.0,0
016,Bioscope,Weekly_Pass,2026-06-28,Buffer_Timeout,1.0,8.0,1.0,1
017,Toffee,WC_Premium,2026-07-09,Success,7.0,83.0,,0
017,Toffee,Daily_Pass,2026-06-20,Success,3.0,76.0,4.0,0
019,Toffee,WC_Premium,2026-06-17,Stuck_at_Number_Screen,0.0,0.0,,1
016,Other_Partner,Daily_Pass,2026-06-17,Success,6.0,126.0,3.0,0
014,Bioscope,Weekly_Pass,2026-06-13,Success,1.0,103.0,3.0,0
019,Toffee,WC_Premium,2026-06-29,OTP_Failed,3.0,5.0,1.0,0
018,Toffee,Weekly_Pass,2026-06-23,Success,3.0,71.0,,0
016,Bioscope,Daily_Pass,2026-06-28,Success,4.0,61.0,,1
019,Bioscope,Daily_Pass,2026-06-26,Stuck_at_Number_Screen,4.0,3.0,1.0,1
018,Toffee,Weekly_Pass,2026-07-09,Success,17.0,89.0,3.0,0
018,Bioscope,Daily_Pass,2026-06-20,Success,8.0,59.0,4.0,0
017,Bioscope,Weekly_Pass,2026-06-25,Success,6.0,108.0,4.0,0
018,Bioscope,Daily_Pass,2026-07-06,Stuck_at_Number_Screen,3.0,3.0,,1
016,Bioscope,WC_Premium,2026-07-02,Stuck_at_Number_Screen,0.0,15.0,1.0,1
017,Bioscope,Daily_Pass,2026-07-07,Success,7.0,105.0,5.0,0
017,Bioscope,Weekly_Pass,2026-06-21,Success,1.0,51.0,5.0,0
017,Other_Partner,Weekly_Pass,2026-07-02,OTP_Failed,2.0,0.0,1.0,1
017,Toffee,Weekly_Pass,2026-07-07,Success,5.0,72.0,,0
017,Toffee,Daily_Pass,2026-06-19,Success,8.0,112.0,5.0,0
013,Bioscope,Weekly_Pass,2026-06-16,Success,8.0,83.0,,0
014,Bioscope,Weekly_Pass,2026-06-18,Success,1.0,116.0,,0
018,Other_Partner,Daily_Pass,2026-07-01,Success,4.0,79.0,5.0,0
017,Toffee,WC_Premium,2026-06-22,Stuck_at_Number_Screen,2.0,4.0,1.0,1
017,Bioscope,WC_Premium,2026-07-04,Success,3.0,74.0,4.0,0
016,Toffee,Daily_Pass,2026-06-28,Success,0.0,103.0,5.0,0
013,Bioscope,Weekly_Pass,2026-06-19,Success,3.0,72.0,,0
019,Toffee,Weekly_Pass,2026-07-02,Success,11.0,109.0,5.0,0
016,Toffee,Daily_Pass,2026-06-21,Success,5.0,96.0,,0
019,Toffee,Daily_Pass,2026-07-01,Success,13.0,96.0,4.0,0
017,Bioscope,WC_Premium,2026-06-28,Success,12.0,126.0,,0
016,Toffee,Weekly_Pass,2026-06-20,Success,8.0,68.0,5.0,0
017,Toffee,WC_Premium,2026-06-11,Success,9.0,79.0,4.0,0
014,Toffee,Weekly_Pass,2026-06-13,Buffer_Timeout,2.0,3.0,1.0,0
018,Toffee,Daily_Pass,2026-06-22,Success,9.0,63.0,4.0,0
017,Other_Partner,Daily_Pass,2026-07-06,OTP_Failed,1.0,0.0,,1
017,Toffee,WC_Premium,2026-07-04,Success,9.0,67.0,3.0,0
017,Toffee,Weekly_Pass,2026-06-17,Success,26.0,80.0,2.0,0
016,Bioscope,Daily_Pass,2026-07-07,Success,17.0,76.0,,0
017,Bioscope,Weekly_Pass,2026-06-25,Success,2.0,97.0,,0
018,Bioscope,WC_Premium,2026-07-05,Success,6.0,62.0,,0
017,Bioscope,WC_Premium,2026-07-03,Success,8.0,62.0,4.0,0
016,Other_Partner,Daily_Pass,2026-07-01,Success,2.0,63.0,4.0,0
019,Toffee,Daily_Pass,2026-06-24,Success,11.0,104.0,3.0,0
019,Other_Partner,WC_Premium,2026-06-23,Success,4.0,87.0,4.0,0
019,Bioscope,WC_Premium,2026-06-27,Success,13.0,104.0,4.0,0
017,Bioscope,Daily_Pass,2026-06-30,Success,16.0,66.0,4.0,0
017,Bioscope,WC_Premium,2026-06-26,Stuck_at_Number_Screen,3.0,9.0,1.0,1
016,Bioscope,Daily_Pass,2026-06-15,Success,2.0,145.0,3.0,0
013,Toffee,Daily_Pass,2026-06-19,OTP_Failed,1.0,12.0,1.0,1
013,Toffee,Daily_Pass,2026-07-01,Buffer_Timeout,0.0,14.0,1.0,0
017,Other_Partner,Daily_Pass,2026-07-05,Success,23.0,94.0,1.0,1
017,Bioscope,WC_Premium,2026-07-01,Success,1.0,64.0,5.0,0
017,Toffee,Weekly_Pass,2026-06-25,Buffer_Timeout,2.0,0.0,,0
019,Bioscope,Daily_Pass,2026-07-08,Success,24.0,107.0,2.0,0
017,Bioscope,WC_Premium,2026-06-19,Success,11.0,96.0,4.0,0
018,Toffee,WC_Premium,2026-07-08,Success,16.0,110.0,4.0,0
017,Bioscope,Daily_Pass,2026-06-22,Success,13.0,78.0,4.0,0
016,Bioscope,Weekly_Pass,2026-06-16,Buffer_Timeout,1.0,10.0,1.0,0
017,Toffee,WC_Premium,2026-07-06,Success,7.0,82.0,,0
019,Other_Partner,WC_Premium,2026-06-27,Success,9.0,102.0,,0
019,Toffee,WC_Premium,2026-06-14,Success,21.0,118.0,,0
017,Toffee,Daily_Pass,2026-07-10,Success,2.0,83.0,5.0,0
014,Toffee,Daily_Pass,2026-06-20,Success,7.0,92.0,5.0,0
015,Bioscope,WC_Premium,2026-07-06,Buffer_Timeout,1.0,3.0,1.0,0
019,Toffee,WC_Premium,2026-06-26,Stuck_at_Number_Screen,1.0,8.0,1.0,1
019,Toffee,Daily_Pass,2026-06-26,Success,9.0,100.0,,0
017,Bioscope,Daily_Pass,2026-07-08,Success,28.0,62.0,,0
018,Toffee,WC_Premium,2026-06-24,Success,3.0,115.0,4.0,0
017,Bioscope,Daily_Pass,2026-06-29,Success,0.0,61.0,4.0,0
017,Bioscope,Daily_Pass,2026-07-05,Success,1.0,119.0,5.0,0
015,Other_Partner,Daily_Pass,2026-06-11,OTP_Failed,1.0,8.0,1.0,1
017,Bioscope,Weekly_Pass,2026-06-17,Success,7.0,78.0,4.0,0
016,Toffee,Daily_Pass,2026-06-21,OTP_Failed,1.0,3.0,1.0,1
019,Toffee,Weekly_Pass,2026-06-26,Success,8.0,110.0,5.0,0
019,Bioscope,Daily_Pass,2026-06-11,Buffer_Timeout,3.0,4.0,,0
015,Bioscope,WC_Premium,2026-07-02,Success,0.0,105.0,5.0,0
017,Toffee,WC_Premium,2026-06-25,Stuck_at_Number_Screen,2.0,12.0,2.0,1
017,Bioscope,WC_Premium,2026-07-08,OTP_Failed,6.0,12.0,1.0,1
013,Toffee,WC_Premium,2026-06-28,Buffer_Timeout,1.0,4.0,1.0,1
017,Other_Partner,Weekly_Pass,2026-07-03,OTP_Failed,3.0,7.0,1.0,1
017,Other_Partner,Daily_Pass,2026-06-12,OTP_Failed,1.0,4.0,,0
013,Other_Partner,Daily_Pass,2026-06-25,Success,14.0,113.0,4.0,1
019,Bioscope,Daily_Pass,2026-06-29,Success,1.0,64.0,3.0,0
018,Other_Partner,Daily_Pass,2026-06-22,Success,6.0,56.0,3.0,0
017,Toffee,Weekly_Pass,2026-06-22,Success,5.0,108.0,3.0,0
016,Bioscope,WC_Premium,2026-06-20,Stuck_at_Number_Screen,3.0,0.0,1.0,0
017,Bioscope,Weekly_Pass,2026-06-25,Success,10.0,74.0,4.0,0
017,Other_Partner,Weekly_Pass,2026-06-15,Success,4.0,79.0,,0
019,Bioscope,Weekly_Pass,2026-06-15,Success,5.0,103.0,4.0,0
018,Toffee,Daily_Pass,2026-06-16,Success,1.0,92.0,5.0,0
019,Bioscope,WC_Premium,2026-07-03,Success,12.0,75.0,,0
017,Bioscope,Weekly_Pass,2026-07-03,Success,2.0,37.0,,0
019,Toffee,Daily_Pass,2026-06-11,Success,10.0,81.0,5.0,0
018,Toffee,WC_Premium,2026-06-16,Success,11.0,87.0,5.0,0
018,Bioscope,Weekly_Pass,2026-06-26,Success,11.0,129.0,5.0,0
018,Toffee,Weekly_Pass,2026-06-11,Buffer_Timeout,1.0,0.0,1.0,1
019,Toffee,Weekly_Pass,2026-07-02,Buffer_Timeout,2.0,7.0,1.0,1
018,Toffee,WC_Premium,2026-06-19,Success,1.0,92.0,4.0,0
018,Other_Partner,Daily_Pass,2026-06-30,Success,1.0,93.0,5.0,0
015,Bioscope,WC_Premium,2026-06-12,Success,9.0,53.0,4.0,0
019,Toffee,WC_Premium,2026-06-30,Buffer_Timeout,1.0,9.0,1.0,0
013,Bioscope,Weekly_Pass,2026-07-03,Success,9.0,97.0,4.0,0
016,Bioscope,Weekly_Pass,2026-06-29,OTP_Failed,2.0,0.0,1.0,1
013,Toffee,WC_Premium,2026-07-06,Stuck_at_Number_Screen,0.0,0.0,1.0,1
017,Toffee,Daily_Pass,2026-07-02,Buffer_Timeout,2.0,8.0,2.0,1
018,Bioscope,WC_Premium,2026-07-06,Stuck_at_Number_Screen,0.0,2.0,1.0,1
014,Toffee,Weekly_Pass,2026-06-12,OTP_Failed,0.0,7.0,1.0,0
014,Bioscope,Weekly_Pass,2026-06-12,Buffer_Timeout,1.0,10.0,1.0,0
017,Toffee,Weekly_Pass,2026-06-11,Stuck_at_Number_Screen,3.0,15.0,1.0,1
018,Toffee,Weekly_Pass,2026-06-20,Success,4.0,126.0,5.0,0
017,Other_Partner,Daily_Pass,2026-07-08,Buffer_Timeout,2.0,15.0,,0
015,Toffee,WC_Premium,2026-06-25,OTP_Failed,0.0,12.0,1.0,1
015,Bioscope,Weekly_Pass,2026-06-28,Success,39.0,55.0,1.0,1
018,Toffee,WC_Premium,2026-06-17,Success,5.0,71.0,5.0,0
019,Toffee,Daily_Pass,2026-07-07,OTP_Failed,5.0,2.0,2.0,0
016,Toffee,Weekly_Pass,2026-06-15,Success,8.0,35.0,4.0,0
018,Toffee,WC_Premium,2026-06-30,Stuck_at_Number_Screen,5.0,9.0,2.0,1
017,Toffee,WC_Premium,2026-06-17,Success,2.0,86.0,,0
018,Toffee,WC_Premium,2026-06-22,Buffer_Timeout,2.0,7.0,1.0,0
016,Bioscope,WC_Premium,2026-06-22,Success,5.0,88.0,4.0,0
016,Bioscope,Daily_Pass,2026-06-24,Success,8.0,81.0,4.0,0
013,Toffee,WC_Premium,2026-06-19,Stuck_at_Number_Screen,0.0,0.0,2.0,1
014,Bioscope,Daily_Pass,2026-06-24,Success,15.0,78.0,5.0,0
017,Toffee,Daily_Pass,2026-06-18,Stuck_at_Number_Screen,0.0,2.0,1.0,1
018,Toffee,Daily_Pass,2026-07-07,Success,7.0,74.0,4.0,0
016,Bioscope,WC_Premium,2026-07-06,Buffer_Timeout,1.0,7.0,,0
016,Toffee,Daily_Pass,2026-07-07,Success,1.0,111.0,5.0,0
018,Toffee,Daily_Pass,2026-06-26,Success,7.0,85.0,5.0,0
017,Toffee,Daily_Pass,2026-06-12,Buffer_Timeout,8.0,8.0,1.0,0
017,Bioscope,Weekly_Pass,2026-06-27,Success,0.0,107.0,4.0,0
018,Bioscope,WC_Premium,2026-07-09,Buffer_Timeout,0.0,6.0,1.0,0
018,Toffee,Weekly_Pass,2026-07-05,Stuck_at_Number_Screen,1.0,10.0,1.0,1
017,Toffee,Weekly_Pass,2026-06-13,Success,9.0,77.0,5.0,0
016,Bioscope,Daily_Pass,2026-06-19,Success,1.0,101.0,5.0,0
018,Bioscope,Daily_Pass,2026-07-03,Success,0.0,96.0,4.0,0
016,Toffee,Daily_Pass,2026-06-16,Success,1.0,117.0,4.0,0
019,Toffee,Weekly_Pass,2026-06-13,Success,2.0,102.0,5.0,0
017,Toffee,Weekly_Pass,2026-06-13,OTP_Failed,1.0,0.0,,1
017,Bioscope,Daily_Pass,2026-07-07,Buffer_Timeout,0.0,1.0,,0
019,Bioscope,WC_Premium,2026-06-24,Success,10.0,109.0,3.0,0
018,Toffee,WC_Premium,2026-06-11,Success,21.0,46.0,2.0,0
016,Toffee,Daily_Pass,2026-07-01,OTP_Failed,3.0,12.0,1.0,1
019,Other_Partner,Daily_Pass,2026-06-20,Success,7.0,110.0,4.0,0
019,Bioscope,WC_Premium,2026-07-01,Stuck_at_Number_Screen,7.0,6.0,2.0,1
015,Bioscope,Daily_Pass,2026-07-06,Success,20.0,93.0,4.0,1
018,Toffee,Daily_Pass,2026-06-27,Buffer_Timeout,1.0,11.0,,0
018,Bioscope,Daily_Pass,2026-06-17,OTP_Failed,5.0,1.0,1.0,1
013,Bioscope,WC_Premium,2026-07-07,Success,2.0,101.0,4.0,0
017,Toffee,Weekly_Pass,2026-06-18,OTP_Failed,3.0,1.0,1.0,0
018,Other_Partner,Daily_Pass,2026-06-12,Stuck_at_Number_Screen,1.0,7.0,1.0,1
017,Bioscope,Daily_Pass,2026-07-04,Stuck_at_Number_Screen,3.0,6.0,1.0,1
014,Bioscope,Daily_Pass,2026-06-20,Success,1.0,100.0,4.0,0
018,Bioscope,Daily_Pass,2026-06-27,Success,1.0,99.0,4.0,0
018,Toffee,Weekly_Pass,2026-07-08,Success,3.0,83.0,5.0,0
013,Toffee,WC_Premium,2026-06-20,Success,19.0,88.0,5.0,0
017,Toffee,Daily_Pass,2026-06-11,Success,0.0,77.0,4.0,1
017,Bioscope,Daily_Pass,2026-06-25,Stuck_at_Number_Screen,0.0,6.0,2.0,1
013,Toffee,Daily_Pass,2026-06-23,Success,5.0,74.0,4.0,0
017,Bioscope,Daily_Pass,2026-06-22,Success,25.0,113.0,1.0,1
018,Toffee,WC_Premium,2026-07-09,Success,6.0,90.0,4.0,0
019,Bioscope,Daily_Pass,2026-07-07,Success,2.0,126.0,5.0,0
019,Bioscope,Daily_Pass,2026-06-21,Success,23.0,92.0,1.0,0
016,Bioscope,Daily_Pass,2026-06-20,Stuck_at_Number_Screen,1.0,0.0,1.0,1
017,Bioscope,Weekly_Pass,2026-07-09,Buffer_Timeout,1.0,11.0,1.0,0
019,Other_Partner,WC_Premium,2026-06-22,Success,10.0,114.0,,0
019,Toffee,Daily_Pass,2026-06-24,Success,1.0,83.0,5.0,0
017,Toffee,Weekly_Pass,2026-07-01,Stuck_at_Number_Screen,3.0,5.0,2.0,0
016,Toffee,Daily_Pass,2026-06-18,Success,9.0,76.0,3.0,0
017,Bioscope,WC_Premium,2026-07-05,Success,22.0,118.0,1.0,0
019,Toffee,Weekly_Pass,2026-06-17,Success,1.0,101.0,5.0,0
015,Bioscope,Weekly_Pass,2026-06-25,Success,6.0,76.0,4.0,0
017,Toffee,Weekly_Pass,2026-06-18,OTP_Failed,1.0,0.0,2.0,1
019,Bioscope,WC_Premium,2026-06-15,Buffer_Timeout,0.0,6.0,1.0,0
018,Bioscope,Weekly_Pass,2026-07-06,Success,18.0,82.0,,0
015,Bioscope,Weekly_Pass,2026-07-02,Success,7.0,51.0,,0
018,Bioscope,Weekly_Pass,2026-06-23,Success,4.0,66.0,4.0,0
019,Toffee,Weekly_Pass,2026-06-17,Success,10.0,103.0,4.0,1
017,Toffee,Daily_Pass,2026-07-05,Buffer_Timeout,6.0,0.0,1.0,0
017,Bioscope,Daily_Pass,2026-07-08,Success,14.0,123.0,5.0,0
017,Toffee,Daily_Pass,2026-06-29,Success,14.0,76.0,3.0,0
015,Other_Partner,Weekly_Pass,2026-06-26,Success,0.0,88.0,,0
019,Other_Partner,Weekly_Pass,2026-06-17,Success,7.0,84.0,5.0,0
019,Bioscope,Daily_Pass,2026-06-27,Success,13.0,95.0,,0
014,Toffee,Weekly_Pass,2026-07-05,Success,3.0,96.0,,0
017,Bioscope,WC_Premium,2026-06-16,Stuck_at_Number_Screen,0.0,1.0,2.0,1
013,Toffee,Daily_Pass,2026-06-25,OTP_Failed,1.0,7.0,1.0,1
017,Toffee,Daily_Pass,2026-06-13,OTP_Failed,7.0,4.0,2.0,1
017,Toffee,WC_Premium,2026-07-09,Stuck_at_Number_Screen,0.0,2.0,2.0,1
017,Toffee,Weekly_Pass,2026-06-12,Stuck_at_Number_Screen,1.0,8.0,1.0,1
018,Toffee,Daily_Pass,2026-06-22,Success,32.0,88.0,2.0,0
017,Toffee,Weekly_Pass,2026-06-24,OTP_Failed,0.0,12.0,,1
017,Other_Partner,Weekly_Pass,2026-07-01,OTP_Failed,6.0,0.0,2.0,1
017,Toffee,Weekly_Pass,2026-06-29,Success,7.0,46.0,4.0,0
017,Other_Partner,Weekly_Pass,2026-06-28,Stuck_at_Number_Screen,3.0,7.0,1.0,1
015,Toffee,Weekly_Pass,2026-07-08,Success,5.0,71.0,5.0,0
019,Toffee,WC_Premium,2026-06-12,OTP_Failed,2.0,0.0,,1
015,Bioscope,Daily_Pass,2026-06-21,Success,3.0,70.0,5.0,0
013,Bioscope,WC_Premium,2026-06-12,Stuck_at_Number_Screen,1.0,11.0,1.0,1
017,Toffee,WC_Premium,2026-07-08,Success,8.0,132.0,4.0,0
019,Toffee,Daily_Pass,2026-06-15,Success,4.0,102.0,5.0,0
017,Toffee,WC_Premium,2026-06-13,Success,8.0,69.0,4.0,1
017,Toffee,Daily_Pass,2026-06-26,Success,5.0,68.0,,0
017,Bioscope,Daily_Pass,2026-06-16,Buffer_Timeout,5.0,15.0,2.0,0
017,Bioscope,WC_Premium,2026-06-20,Success,1.0,79.0,4.0,0
017,Toffee,Daily_Pass,2026-06-13,Success,15.0,124.0,4.0,0
013,Bioscope,Daily_Pass,2026-06-24,OTP_Failed,10.0,0.0,,1
016,Toffee,Weekly_Pass,2026-07-10,Success,20.0,108.0,4.0,0
017,Bioscope,Weekly_Pass,2026-06-22,Success,15.0,117.0,4.0,1
017,Bioscope,Weekly_Pass,2026-06-22,Success,2.0,120.0,4.0,0
019,Other_Partner,Daily_Pass,2026-06-15,Success,11.0,92.0,3.0,0
017,Toffee,Daily_Pass,2026-07-04,Buffer_Timeout,4.0,5.0,1.0,1
017,Bioscope,Daily_Pass,2026-06-24,Stuck_at_Number_Screen,1.0,4.0,1.0,1
019,Toffee,Weekly_Pass,2026-06-18,Buffer_Timeout,2.0,6.0,1.0,0
017,Bioscope,Weekly_Pass,2026-06-24,Success,6.0,124.0,3.0,0
017,Toffee,Weekly_Pass,2026-06-30,Buffer_Timeout,0.0,11.0,1.0,0
018,Toffee,Weekly_Pass,2026-06-23,Success,7.0,88.0,4.0,0
017,Bioscope,Daily_Pass,2026-07-03,Success,27.0,93.0,2.0,1
018,Toffee,WC_Premium,2026-06-11,Success,0.0,70.0,3.0,0
019,Bioscope,Daily_Pass,2026-07-09,Success,4.0,117.0,4.0,0
017,Bioscope,Daily_Pass,2026-06-12,Stuck_at_Number_Screen,1.0,3.0,,1
018,Bioscope,WC_Premium,2026-06-27,Success,9.0,85.0,4.0,0
018,Toffee,Daily_Pass,2026-06-14,OTP_Failed,4.0,3.0,1.0,0
017,Toffee,Weekly_Pass,2026-06-16,Success,7.0,110.0,,0
018,Other_Partner,Daily_Pass,2026-06-28,Success,13.0,99.0,4.0,0
017,Toffee,Weekly_Pass,2026-06-28,Success,5.0,62.0,4.0,0
018,Bioscope,Daily_Pass,2026-07-03,Success,6.0,88.0,,0
017,Bioscope,WC_Premium,2026-07-04,Buffer_Timeout,1.0,0.0,1.0,1
018,Other_Partner,Daily_Pass,2026-06-28,Success,0.0,131.0,5.0,0
017,Bioscope,Weekly_Pass,2026-06-18,Success,2.0,46.0,4.0,0
019,Bioscope,WC_Premium,2026-07-08,Success,14.0,63.0,5.0,0
017,Toffee,Weekly_Pass,2026-06-14,Success,13.0,68.0,,1
013,Toffee,Weekly_Pass,2026-06-16,Success,36.0,116.0,,1
018,Toffee,Weekly_Pass,2026-06-28,OTP_Failed,10.0,1.0,1.0,1
016,Bioscope,Weekly_Pass,2026-06-25,Success,1.0,64.0,4.0,0
018,Bioscope,WC_Premium,2026-07-05,Success,5.0,91.0,4.0,0
016,Bioscope,Daily_Pass,2026-06-18,OTP_Failed,0.0,1.0,1.0,1
019,Bioscope,WC_Premium,2026-07-06,Success,14.0,77.0,4.0,0
019,Bioscope,Weekly_Pass,2026-06-30,OTP_Failed,2.0,0.0,1.0,1
017,Toffee,WC_Premium,2026-07-08,OTP_Failed,1.0,4.0,1.0,1
018,Toffee,Daily_Pass,2026-06-23,Success,5.0,102.0,,0
019,Toffee,WC_Premium,2026-06-13,OTP_Failed,0.0,9.0,1.0,0
015,Bioscope,Daily_Pass,2026-06-27,Stuck_at_Number_Screen,2.0,5.0,1.0,0
019,Toffee,WC_Premium,2026-06-15,Success,13.0,93.0,,0
013,Bioscope,Weekly_Pass,2026-06-21,Success,1.0,88.0,5.0,0
017,Bioscope,Weekly_Pass,2026-07-08,Success,14.0,93.0,5.0,1
018,Toffee,Weekly_Pass,2026-06-26,Buffer_Timeout,2.0,11.0,1.0,0
016,Toffee,Daily_Pass,2026-06-13,Success,8.0,120.0,5.0,0
018,Toffee,Weekly_Pass,2026-06-30,Success,12.0,58.0,4.0,0
018,Toffee,Daily_Pass,2026-06-28,Success,37.0,100.0,2.0,1
019,Bioscope,Weekly_Pass,2026-07-05,Success,12.0,110.0,5.0,0
013,Toffee,WC_Premium,2026-07-08,Success,3.0,85.0,4.0,0
019,Bioscope,Daily_Pass,2026-06-22,Success,4.0,102.0,4.0,0
013,Bioscope,Weekly_Pass,2026-06-30,Success,1.0,101.0,,0
017,Toffee,Weekly_Pass,2026-06-25,Stuck_at_Number_Screen,1.0,5.0,1.0,1
018,Bioscope,Daily_Pass,2026-07-07,Buffer_Timeout,0.0,7.0,1.0,1
019,Bioscope,WC_Premium,2026-06-14,Success,5.0,81.0,4.0,0
017,Bioscope,Weekly_Pass,2026-07-06,Buffer_Timeout,1.0,1.0,2.0,0
017,Toffee,Daily_Pass,2026-06-23,Success,13.0,86.0,5.0,0
015,Toffee,Daily_Pass,2026-07-01,OTP_Failed,3.0,4.0,,1
017,Toffee,Weekly_Pass,2026-06-18,Success,4.0,85.0,4.0,0
018,Toffee,Daily_Pass,2026-07-04,Success,10.0,63.0,,0
018,Bioscope,Daily_Pass,2026-07-01,Success,2.0,88.0,5.0,0
018,Bioscope,Daily_Pass,2026-06-24,Success,6.0,93.0,,0
018,Other_Partner,Weekly_Pass,2026-06-14,OTP_Failed,5.0,11.0,,1
017,Toffee,Weekly_Pass,2026-07-03,Success,16.0,105.0,,0
018,Toffee,Daily_Pass,2026-06-20,Success,1.0,107.0,,0
013,Bioscope,Weekly_Pass,2026-06-29,Buffer_Timeout,1.0,0.0,2.0,0
016,Toffee,WC_Premium,2026-06-11,OTP_Failed,0.0,9.0,2.0,1
017,Toffee,WC_Premium,2026-06-13,Success,1.0,96.0,5.0,0
018,Bioscope,WC_Premium,2026-07-03,Success,3.0,100.0,4.0,0
017,Toffee,WC_Premium,2026-06-16,Stuck_at_Number_Screen,2.0,0.0,1.0,1
017,Bioscope,Daily_Pass,2026-06-22,Success,5.0,22.0,5.0,0
017,Toffee,Daily_Pass,2026-07-06,OTP_Failed,1.0,9.0,1.0,1
017,Bioscope,Weekly_Pass,2026-06-11,OTP_Failed,4.0,7.0,2.0,1
019,Bioscope,Weekly_Pass,2026-06-22,Success,2.0,82.0,4.0,0
017,Toffee,WC_Premium,2026-06-28,Buffer_Timeout,0.0,4.0,2.0,0
014,Other_Partner,Daily_Pass,2026-06-29,Success,8.0,90.0,4.0,0
015,Bioscope,Weekly_Pass,2026-06-20,Stuck_at_Number_Screen,2.0,5.0,1.0,1
018,Other_Partner,Weekly_Pass,2026-07-06,Success,5.0,60.0,5.0,0
017,Toffee,Weekly_Pass,2026-07-07,OTP_Failed,1.0,4.0,1.0,1
013,Bioscope,Weekly_Pass,2026-06-15,Buffer_Timeout,7.0,5.0,1.0,1
019,Toffee,Daily_Pass,2026-06-19,OTP_Failed,2.0,8.0,1.0,1
013,Bioscope,WC_Premium,2026-07-10,Stuck_at_Number_Screen,3.0,3.0,1.0,1
017,Bioscope,Weekly_Pass,2026-06-18,Success,4.0,69.0,,0
018,Toffee,Weekly_Pass,2026-07-07,Stuck_at_Number_Screen,4.0,7.0,1.0,1
019,Other_Partner,Daily_Pass,2026-06-11,OTP_Failed,2.0,0.0,1.0,1
019,Toffee,Weekly_Pass,2026-07-08,Buffer_Timeout,1.0,9.0,2.0,1
017,Toffee,Daily_Pass,2026-07-04,Buffer_Timeout,0.0,11.0,1.0,0
016,Bioscope,Daily_Pass,2026-06-26,Success,2.0,83.0,4.0,0
017,Bioscope,Daily_Pass,2026-06-24,Success,2.0,102.0,,0
017,Toffee,Daily_Pass,2026-06-30,Buffer_Timeout,1.0,5.0,1.0,1
019,Toffee,Weekly_Pass,2026-06-15,OTP_Failed,1.0,0.0,,0
017,Other_Partner,Daily_Pass,2026-07-01,Success,3.0,114.0,4.0,0
017,Bioscope,WC_Premium,2026-06-24,Success,14.0,34.0,4.0,0
017,Toffee,Daily_Pass,2026-06-29,Success,19.0,61.0,3.0,0
019,Toffee,Daily_Pass,2026-06-18,OTP_Failed,0.0,6.0,1.0,1
019,Other_Partner,WC_Premium,2026-06-13,OTP_Failed,0.0,9.0,1.0,1
018,Bioscope,Daily_Pass,2026-06-27,Success,19.0,113.0,4.0,0
019,Other_Partner,Daily_Pass,2026-06-24,Success,3.0,113.0,5.0,0
017,Toffee,Daily_Pass,2026-07-07,OTP_Failed,1.0,1.0,,1
018,Bioscope,WC_Premium,2026-06-15,Buffer_Timeout,1.0,5.0,1.0,0
013,Bioscope,WC_Premium,2026-07-04,Success,5.0,97.0,4.0,0
017,Toffee,Daily_Pass,2026-07-02,Buffer_Timeout,5.0,2.0,2.0,1
018,Bioscope,Weekly_Pass,2026-07-09,Success,16.0,128.0,4.0,0
014,Bioscope,Weekly_Pass,2026-07-01,Buffer_Timeout,6.0,7.0,1.0,0
017,Toffee,WC_Premium,2026-06-11,OTP_Failed,1.0,3.0,,0
017,Bioscope,Daily_Pass,2026-06-25,Buffer_Timeout,1.0,0.0,2.0,0
017,Bioscope,WC_Premium,2026-06-29,Stuck_at_Number_Screen,0.0,0.0,,0
017,Bioscope,Daily_Pass,2026-06-26,Success,6.0,126.0,3.0,0
014,Bioscope,Daily_Pass,2026-06-25,Buffer_Timeout,0.0,5.0,1.0,0
018,Toffee,Daily_Pass,2026-06-13,OTP_Failed,1.0,0.0,1.0,1
018,Toffee,WC_Premium,2026-07-10,Success,3.0,72.0,5.0,0
019,Bioscope,Weekly_Pass,2026-07-05,Success,3.0,115.0,4.0,0
017,Toffee,Weekly_Pass,2026-07-04,Success,3.0,103.0,5.0,0
018,Toffee,Weekly_Pass,2026-06-19,OTP_Failed,5.0,0.0,1.0,1
013,Bioscope,Weekly_Pass,2026-07-10,OTP_Failed,2.0,4.0,1.0,1
018,Toffee,WC_Premium,2026-06-28,Success,15.0,70.0,5.0,0
015,Bioscope,Daily_Pass,2026-06-19,Success,5.0,86.0,5.0,0
019,Toffee,Weekly_Pass,2026-06-18,Success,5.0,105.0,4.0,1
013,Toffee,Daily_Pass,2026-06-29,Success,3.0,61.0,,0
019,Other_Partner,Weekly_Pass,2026-07-04,Success,11.0,77.0,,0
017,Bioscope,WC_Premium,2026-06-26,Buffer_Timeout,0.0,0.0,1.0,1
017,Bioscope,Weekly_Pass,2026-07-07,Buffer_Timeout,3.0,0.0,2.0,0
017,Bioscope,WC_Premium,2026-06-15,Success,2.0,127.0,5.0,1
017,Bioscope,Daily_Pass,2026-06-23,Success,1.0,77.0,4.0,0
018,Bioscope,Weekly_Pass,2026-07-06,Success,5.0,60.0,4.0,0
018,Bioscope,Daily_Pass,2026-06-24,Success,7.0,93.0,5.0,0
014,Other_Partner,WC_Premium,2026-06-19,Buffer_Timeout,0.0,5.0,1.0,0
018,Toffee,Daily_Pass,2026-07-08,Success,16.0,111.0,4.0,0
018,Other_Partner,Weekly_Pass,2026-06-28,Success,26.0,88.0,1.0,0
017,Toffee,WC_Premium,2026-06-11,OTP_Failed,0.0,1.0,,0
017,Bioscope,WC_Premium,2026-07-07,Success,26.0,98.0,1.0,0
018,Toffee,Weekly_Pass,2026-06-28,Success,5.0,99.0,3.0,1
013,Bioscope,Daily_Pass,2026-06-28,Success,13.0,84.0,4.0,0
019,Bioscope,Weekly_Pass,2026-07-02,Success,4.0,120.0,5.0,0
017,Other_Partner,Daily_Pass,2026-06-19,Success,18.0,77.0,4.0,0
017,Other_Partner,Weekly_Pass,2026-06-21,Buffer_Timeout,1.0,6.0,1.0,0
013,Other_Partner,WC_Premium,2026-07-05,OTP_Failed,2.0,0.0,1.0,1
017,Toffee,Daily_Pass,2026-06-21,Stuck_at_Number_Screen,0.0,10.0,1.0,1
017,Other_Partner,Weekly_Pass,2026-06-16,Stuck_at_Number_Screen,4.0,0.0,2.0,1
016,Toffee,WC_Premium,2026-06-29,OTP_Failed,2.0,6.0,1.0,1
017,Bioscope,Daily_Pass,2026-07-09,Success,3.0,86.0,4.0,0
018,Toffee,Weekly_Pass,2026-06-14,OTP_Failed,0.0,6.0,2.0,0
017,Bioscope,WC_Premium,2026-06-15,Success,10.0,89.0,5.0,0
017,Other_Partner,WC_Premium,2026-06-25,Success,17.0,93.0,5.0,0
013,Other_Partner,Weekly_Pass,2026-06-12,Success,6.0,92.0,4.0,0
019,Bioscope,Daily_Pass,2026-06-25,OTP_Failed,0.0,3.0,1.0,1
013,Bioscope,Daily_Pass,2026-07-06,Success,2.0,79.0,4.0,0
019,Toffee,Weekly_Pass,2026-06-19,Success,0.0,112.0,,0
017,Bioscope,Daily_Pass,2026-06-11,Success,2.0,89.0,5.0,1
019,Bioscope,Daily_Pass,2026-06-27,Stuck_at_Number_Screen,1.0,10.0,1.0,1
017,Toffee,WC_Premium,2026-06-15,Buffer_Timeout,1.0,6.0,2.0,1
016,Toffee,WC_Premium,2026-06-21,OTP_Failed,2.0,0.0,1.0,1
018,Toffee,WC_Premium,2026-06-30,Stuck_at_Number_Screen,2.0,1.0,1.0,1
014,Bioscope,Daily_Pass,2026-06-20,Success,2.0,92.0,,0
013,Toffee,Daily_Pass,2026-06-16,Success,2.0,109.0,,0
017,Toffee,WC_Premium,2026-07-06,OTP_Failed,2.0,9.0,,1
017,Toffee,WC_Premium,2026-06-19,Success,22.0,93.0,1.0,0
019,Bioscope,WC_Premium,2026-07-09,Success,13.0,82.0,5.0,0
018,Bioscope,WC_Premium,2026-07-10,Stuck_at_Number_Screen,4.0,4.0,1.0,1
019,Bioscope,WC_Premium,2026-06-27,Buffer_Timeout,0.0,0.0,2.0,1
017,Bioscope,Weekly_Pass,2026-06-23,Success,1.0,88.0,5.0,1
017,Toffee,Daily_Pass,2026-06-21,Buffer_Timeout,1.0,0.0,1.0,1
017,Toffee,Weekly_Pass,2026-06-27,Success,5.0,83.0,4.0,0
015,Bioscope,Weekly_Pass,2026-06-17,Success,9.0,134.0,4.0,0
016,Toffee,Daily_Pass,2026-06-29,Success,4.0,75.0,4.0,0
014,Toffee,WC_Premium,2026-07-06,Stuck_at_Number_Screen,0.0,0.0,2.0,1
017,Bioscope,Daily_Pass,2026-07-06,Success,3.0,61.0,5.0,0
018,Toffee,WC_Premium,2026-06-20,OTP_Failed,3.0,2.0,1.0,1
016,Bioscope,Daily_Pass,2026-06-29,Success,36.0,72.0,1.0,1
017,Toffee,Weekly_Pass,2026-07-05,Success,7.0,86.0,4.0,0
019,Bioscope,WC_Premium,2026-06-23,Success,3.0,123.0,4.0,0
014,Toffee,Daily_Pass,2026-07-01,Success,16.0,121.0,5.0,0
019,Toffee,Weekly_Pass,2026-06-17,Success,26.0,77.0,1.0,0
016,Toffee,Daily_Pass,2026-07-02,Success,13.0,98.0,5.0,0
017,Bioscope,WC_Premium,2026-06-27,Stuck_at_Number_Screen,0.0,4.0,1.0,1
017,Other_Partner,WC_Premium,2026-06-14,Stuck_at_Number_Screen,0.0,0.0,1.0,1
015,Toffee,WC_Premium,2026-06-25,Success,6.0,114.0,5.0,0
017,Bioscope,WC_Premium,2026-07-04,Success,22.0,60.0,,0
016,Bioscope,WC_Premium,2026-06-17,Success,8.0,100.0,4.0,0
016,Other_Partner,Daily_Pass,2026-06-24,Success,6.0,101.0,4.0,0
018,Bioscope,Daily_Pass,2026-07-01,OTP_Failed,1.0,1.0,,1
015,Toffee,Weekly_Pass,2026-06-15,Success,5.0,86.0,4.0,0
017,Bioscope,Weekly_Pass,2026-06-19,Buffer_Timeout,3.0,6.0,1.0,0
017,Bioscope,WC_Premium,2026-06-19,Buffer_Timeout,1.0,8.0,1.0,0
017,Toffee,Daily_Pass,2026-06-16,Success,3.0,98.0,5.0,0
013,Toffee,Daily_Pass,2026-06-19,OTP_Failed,6.0,11.0,1.0,1
017,Other_Partner,Weekly_Pass,2026-07-08,Success,17.0,72.0,4.0,0
017,Other_Partner,Daily_Pass,2026-07-03,Success,44.0,97.0,1.0,1
019,Bioscope,Weekly_Pass,2026-06-21,Buffer_Timeout,1.0,0.0,,0
014,Other_Partner,Weekly_Pass,2026-06-16,Success,18.0,105.0,4.0,0
017,Bioscope,WC_Premium,2026-06-12,Success,3.0,95.0,4.0,0
013,Toffee,Daily_Pass,2026-06-29,OTP_Failed,6.0,6.0,1.0,1
014,Toffee,WC_Premium,2026-07-07,Stuck_at_Number_Screen,1.0,1.0,,1
017,Toffee,Daily_Pass,2026-06-19,Stuck_at_Number_Screen,1.0,11.0,,1
017,Toffee,Daily_Pass,2026-06-11,Success,9.0,87.0,4.0,0
017,Toffee,Weekly_Pass,2026-06-25,Stuck_at_Number_Screen,0.0,0.0,,1
018,Bioscope,Daily_Pass,2026-07-03,Buffer_Timeout,0.0,0.0,,0
017,Bioscope,Daily_Pass,2026-06-27,Success,1.0,90.0,,0
015,Bioscope,Daily_Pass,2026-07-06,Success,7.0,90.0,,0
013,Bioscope,Weekly_Pass,2026-06-17,Success,5.0,135.0,,0
018,Other_Partner,WC_Premium,2026-06-18,Success,1.0,120.0,4.0,0
017,Bioscope,Weekly_Pass,2026-06-13,Success,4.0,91.0,,0
018,Bioscope,Weekly_Pass,2026-06-12,Buffer_Timeout,1.0,8.0,1.0,0
016,Toffee,Daily_Pass,2026-07-01,Stuck_at_Number_Screen,3.0,0.0,1.0,1
019,Toffee,Daily_Pass,2026-06-29,Success,2.0,120.0,4.0,0
019,Other_Partner,Daily_Pass,2026-07-10,OTP_Failed,1.0,8.0,1.0,0
018,Toffee,WC_Premium,2026-06-20,OTP_Failed,2.0,4.0,1.0,1
014,Bioscope,Daily_Pass,2026-07-03,Success,0.0,81.0,4.0,0
019,Toffee,WC_Premium,2026-06-20,Success,1.0,46.0,5.0,0
019,Bioscope,Daily_Pass,2026-07-08,Success,6.0,92.0,5.0,0
017,Other_Partner,Weekly_Pass,2026-06-28,Success,8.0,74.0,4.0,0
017,Toffee,WC_Premium,2026-06-17,Success,1.0,106.0,5.0,0
017,Bioscope,Daily_Pass,2026-06-26,Success,0.0,103.0,4.0,0
016,Toffee,WC_Premium,2026-06-25,OTP_Failed,7.0,5.0,,0
013,Toffee,Daily_Pass,2026-06-28,Success,6.0,110.0,,0
013,Toffee,Daily_Pass,2026-07-03,Success,1.0,137.0,4.0,0
019,Bioscope,Daily_Pass,2026-07-03,Buffer_Timeout,1.0,6.0,,0
019,Toffee,WC_Premium,2026-06-14,OTP_Failed,1.0,5.0,1.0,1
014,Bioscope,Daily_Pass,2026-06-20,Stuck_at_Number_Screen,1.0,6.0,1.0,1
017,Toffee,Daily_Pass,2026-06-13,Success,16.0,45.0,4.0,0
016,Toffee,WC_Premium,2026-06-19,OTP_Failed,4.0,0.0,2.0,1
017,Bioscope,Daily_Pass,2026-06-21,Success,2.0,99.0,5.0,0
017,Toffee,Weekly_Pass,2026-06-11,OTP_Failed,1.0,7.0,2.0,1
017,Toffee,WC_Premium,2026-06-30,Success,9.0,100.0,5.0,0
017,Toffee,Daily_Pass,2026-06-20,Success,2.0,95.0,4.0,0
013,Bioscope,Daily_Pass,2026-07-10,Buffer_Timeout,2.0,10.0,1.0,0
019,Bioscope,WC_Premium,2026-06-25,Success,0.0,106.0,,0
017,Toffee,Daily_Pass,2026-06-24,Success,4.0,109.0,4.0,0
016,Toffee,Daily_Pass,2026-07-08,Success,19.0,75.0,4.0,0
018,Toffee,Weekly_Pass,2026-06-25,Success,2.0,131.0,4.0,0
017,Toffee,WC_Premium,2026-06-14,Success,0.0,108.0,4.0,0
018,Bioscope,Daily_Pass,2026-07-04,Stuck_at_Number_Screen,3.0,7.0,1.0,1
017,Bioscope,Daily_Pass,2026-07-08,Success,2.0,124.0,3.0,0
018,Bioscope,Daily_Pass,2026-07-07,Success,1.0,135.0,4.0,0
013,Toffee,Daily_Pass,2026-06-14,OTP_Failed,3.0,9.0,,1
017,Bioscope,Weekly_Pass,2026-06-24,Stuck_at_Number_Screen,1.0,0.0,1.0,1
017,Bioscope,Daily_Pass,2026-07-06,Buffer_Timeout,0.0,4.0,2.0,1
018,Bioscope,Weekly_Pass,2026-06-15,Success,1.0,88.0,4.0,0
014,Bioscope,Weekly_Pass,2026-06-30,Success,2.0,110.0,4.0,0
017,Bioscope,Daily_Pass,2026-06-27,Success,0.0,108.0,4.0,0
016,Bioscope,Daily_Pass,2026-07-04,Buffer_Timeout,0.0,8.0,1.0,0
016,Toffee,Daily_Pass,2026-06-12,Success,2.0,85.0,5.0,0
014,Bioscope,Daily_Pass,2026-07-06,Buffer_Timeout,0.0,8.0,1.0,0
019,Toffee,Weekly_Pass,2026-06-15,Buffer_Timeout,1.0,13.0,1.0,1
018,Bioscope,Weekly_Pass,2026-07-10,Success,0.0,87.0,5.0,1
016,Bioscope,Daily_Pass,2026-07-06,Success,9.0,51.0,3.0,0
019,Bioscope,Weekly_Pass,2026-06-28,Success,6.0,87.0,4.0,0
013,Toffee,WC_Premium,2026-07-08,Success,8.0,92.0,5.0,0
017,Toffee,Daily_Pass,2026-07-09,Stuck_at_Number_Screen,1.0,7.0,1.0,1
017,Toffee,Weekly_Pass,2026-07-08,Success,3.0,110.0,,0
019,Bioscope,WC_Premium,2026-07-09,Success,10.0,61.0,,1
019,Bioscope,Daily_Pass,2026-07-01,Success,7.0,77.0,,0
017,Bioscope,WC_Premium,2026-06-14,Success,8.0,64.0,4.0,0
018,Toffee,WC_Premium,2026-07-06,Success,3.0,115.0,,0
018,Other_Partner,Daily_Pass,2026-07-02,Success,18.0,111.0,4.0,0
017,Other_Partner,WC_Premium,2026-06-13,Success,3.0,94.0,5.0,0
015,Toffee,Daily_Pass,2026-07-08,OTP_Failed,0.0,2.0,1.0,0
017,Bioscope,Daily_Pass,2026-07-09,OTP_Failed,2.0,15.0,,1
017,Bioscope,Weekly_Pass,2026-06-22,Buffer_Timeout,2.0,3.0,,0
018,Bioscope,Daily_Pass,2026-07-02,Buffer_Timeout,2.0,9.0,1.0,1
016,Other_Partner,Weekly_Pass,2026-06-28,Success,1.0,74.0,,0
017,Toffee,Daily_Pass,2026-06-13,OTP_Failed,1.0,15.0,1.0,1
016,Bioscope,WC_Premium,2026-06-28,Success,21.0,118.0,,1
018,Bioscope,Weekly_Pass,2026-07-01,Success,1.0,98.0,4.0,0
017,Bioscope,Weekly_Pass,2026-06-15,Success,7.0,94.0,5.0,0
017,Bioscope,Daily_Pass,2026-07-09,Success,3.0,72.0,4.0,0
018,Other_Partner,Daily_Pass,2026-07-09,OTP_Failed,0.0,7.0,1.0,1
017,Bioscope,Daily_Pass,2026-06-21,Success,3.0,91.0,4.0,0
014,Bioscope,WC_Premium,2026-07-04,Success,9.0,97.0,5.0,1
019,Toffee,Daily_Pass,2026-06-16,Success,41.0,65.0,1.0,0
015,Toffee,Weekly_Pass,2026-07-03,Stuck_at_Number_Screen,3.0,12.0,1.0,1
017,Toffee,Daily_Pass,2026-07-07,Success,10.0,124.0,5.0,0
015,Bioscope,Weekly_Pass,2026-06-23,Success,2.0,69.0,5.0,0
013,Other_Partner,Weekly_Pass,2026-06-22,Stuck_at_Number_Screen,3.0,5.0,1.0,1
017,Toffee,Weekly_Pass,2026-07-05,Success,2.0,91.0,4.0,0
017,Toffee,Weekly_Pass,2026-06-26,Buffer_Timeout,0.0,4.0,2.0,0
017,Bioscope,Weekly_Pass,2026-07-08,Buffer_Timeout,6.0,4.0,2.0,1
016,Bioscope,WC_Premium,2026-06-30,Success,0.0,67.0,5.0,0
018,Other_Partner,WC_Premium,2026-07-02,Success,3.0,106.0,4.0,0
017,Toffee,Weekly_Pass,2026-06-23,Buffer_Timeout,1.0,3.0,2.0,0
018,Toffee,WC_Premium,2026-07-03,OTP_Failed,2.0,5.0,2.0,0
017,Toffee,WC_Premium,2026-07-07,Success,17.0,88.0,3.0,0
018,Toffee,Weekly_Pass,2026-06-13,Stuck_at_Number_Screen,0.0,0.0,2.0,1
013,Toffee,Daily_Pass,2026-07-10,Success,6.0,80.0,5.0,0
019,Toffee,Weekly_Pass,2026-06-22,Success,2.0,116.0,,0
019,Toffee,Daily_Pass,2026-07-04,Stuck_at_Number_Screen,0.0,13.0,1.0,1
018,Toffee,Weekly_Pass,2026-06-14,Success,3.0,101.0,4.0,0
013,Other_Partner,Weekly_Pass,2026-06-14,OTP_Failed,1.0,0.0,1.0,1
013,Toffee,Weekly_Pass,2026-07-10,Success,5.0,121.0,3.0,0
019,Toffee,Weekly_Pass,2026-07-09,OTP_Failed,2.0,0.0,1.0,1
017,Bioscope,Weekly_Pass,2026-06-28,Success,5.0,68.0,,0
017,Bioscope,Daily_Pass,2026-06-19,Success,23.0,108.0,1.0,0
017,Bioscope,Daily_Pass,2026-07-09,Success,1.0,100.0,4.0,0
018,Bioscope,Weekly_Pass,2026-06-19,Success,16.0,114.0,4.0,0
018,Bioscope,Weekly_Pass,2026-06-20,Success,18.0,127.0,4.0,0
019,Bioscope,WC_Premium,2026-06-20,Success,2.0,101.0,5.0,0
017,Bioscope,Daily_Pass,2026-07-01,Buffer_Timeout,1.0,12.0,1.0,0
013,Bioscope,Daily_Pass,2026-06-18,Success,2.0,69.0,,0
019,Bioscope,Weekly_Pass,2026-07-07,Success,19.0,96.0,3.0,0
019,Toffee,Weekly_Pass,2026-07-04,Success,20.0,37.0,4.0,0
013,Bioscope,Daily_Pass,2026-07-07,Buffer_Timeout,0.0,12.0,1.0,1
018,Bioscope,Weekly_Pass,2026-06-27,OTP_Failed,2.0,3.0,1.0,0
017,Other_Partner,Daily_Pass,2026-06-29,OTP_Failed,1.0,9.0,1.0,1
014,Toffee,Daily_Pass,2026-06-22,Success,2.0,118.0,5.0,0
017,Toffee,Daily_Pass,2026-06-22,Success,9.0,92.0,4.0,0
014,Other_Partner,Weekly_Pass,2026-06-12,Success,12.0,91.0,4.0,0
016,Toffee,WC_Premium,2026-07-01,OTP_Failed,1.0,10.0,1.0,0
018,Other_Partner,Daily_Pass,2026-06-13,Success,3.0,54.0,4.0,0
017,Other_Partner,Daily_Pass,2026-07-03,OTP_Failed,0.0,3.0,1.0,1
018,Bioscope,WC_Premium,2026-06-25,Success,2.0,52.0,5.0,0
013,Bioscope,WC_Premium,2026-06-12,Success,1.0,96.0,4.0,0
017,Bioscope,Daily_Pass,2026-07-08,Success,6.0,105.0,5.0,0
016,Bioscope,Daily_Pass,2026-06-24,Success,7.0,84.0,4.0,0
015,Bioscope,Daily_Pass,2026-06-25,Success,9.0,91.0,5.0,0
018,Bioscope,Daily_Pass,2026-06-13,Success,1.0,77.0,5.0,0
016,Other_Partner,Weekly_Pass,2026-06-26,Success,11.0,79.0,,0
017,Bioscope,WC_Premium,2026-07-07,OTP_Failed,6.0,10.0,,1
013,Other_Partner,Weekly_Pass,2026-06-17,Success,1.0,88.0,5.0,0
017,Toffee,WC_Premium,2026-07-09,Success,13.0,88.0,5.0,0
018,Toffee,Weekly_Pass,2026-06-13,Success,12.0,96.0,5.0,0
014,Toffee,WC_Premium,2026-06-13,Success,15.0,131.0,5.0,0
016,Toffee,Daily_Pass,2026-06-15,Success,5.0,106.0,5.0,0
017,Bioscope,Daily_Pass,2026-06-27,Success,5.0,88.0,,0
013,Toffee,WC_Premium,2026-06-29,Success,20.0,49.0,5.0,0
018,Other_Partner,Daily_Pass,2026-07-09,Success,0.0,105.0,4.0,0
013,Toffee,Daily_Pass,2026-06-12,OTP_Failed,1.0,7.0,2.0,1
019,Toffee,Weekly_Pass,2026-06-12,OTP_Failed,2.0,4.0,1.0,1
019,Toffee,Daily_Pass,2026-06-22,Success,9.0,43.0,5.0,0
018,Bioscope,Weekly_Pass,2026-06-24,Success,12.0,105.0,4.0,0
013,Toffee,Daily_Pass,2026-06-23,Success,1.0,114.0,4.0,0
017,Toffee,WC_Premium,2026-06-13,Success,6.0,55.0,5.0,0
017,Bioscope,Daily_Pass,2026-06-12,Success,17.0,100.0,4.0,1
013,Toffee,Weekly_Pass,2026-06-24,Success,3.0,120.0,,0
013,Toffee,Daily_Pass,2026-06-13,OTP_Failed,2.0,1.0,1.0,0
016,Bioscope,WC_Premium,2026-06-15,Success,5.0,90.0,5.0,0
016,Toffee,Weekly_Pass,2026-07-06,OTP_Failed,12.0,0.0,1.0,1
017,Toffee,Daily_Pass,2026-06-22,OTP_Failed,3.0,5.0,1.0,1
013,Toffee,Daily_Pass,2026-06-20,OTP_Failed,2.0,12.0,1.0,1
017,Toffee,Daily_Pass,2026-06-17,Buffer_Timeout,6.0,0.0,1.0,0
017,Bioscope,Weekly_Pass,2026-06-14,Success,30.0,76.0,2.0,0
019,Toffee,Weekly_Pass,2026-06-17,Success,3.0,114.0,5.0,0
017,Bioscope,Daily_Pass,2026-07-01,Stuck_at_Number_Screen,1.0,14.0,,1
013,Other_Partner,Weekly_Pass,2026-06-25,Success,25.0,103.0,1.0,0
017,Toffee,WC_Premium,2026-07-05,Buffer_Timeout,0.0,4.0,,0
019,Other_Partner,Daily_Pass,2026-06-23,Success,17.0,61.0,5.0,0
018,Toffee,Weekly_Pass,2026-06-30,Success,6.0,88.0,4.0,0
017,Toffee,Weekly_Pass,2026-06-29,OTP_Failed,0.0,3.0,1.0,1
018,Toffee,Weekly_Pass,2026-06-12,Success,7.0,65.0,4.0,0
016,Toffee,Daily_Pass,2026-07-06,Success,1.0,111.0,4.0,0
015,Bioscope,Daily_Pass,2026-06-14,Buffer_Timeout,3.0,3.0,1.0,0
017,Toffee,Daily_Pass,2026-06-12,Success,14.0,103.0,5.0,0
019,Bioscope,Weekly_Pass,2026-06-30,Success,0.0,67.0,4.0,0
014,Bioscope,Weekly_Pass,2026-06-29,Success,17.0,86.0,5.0,0
014,Toffee,Daily_Pass,2026-07-05,Success,5.0,122.0,4.0,0
018,Bioscope,Daily_Pass,2026-06-15,Success,17.0,83.0,,0
018,Other_Partner,Daily_Pass,2026-06-29,Success,11.0,84.0,4.0,0
013,Toffee,WC_Premium,2026-07-03,Success,2.0,94.0,5.0,0
019,Toffee,Daily_Pass,2026-06-21,Buffer_Timeout,2.0,1.0,1.0,0
018,Toffee,Weekly_Pass,2026-07-10,OTP_Failed,0.0,8.0,2.0,1
016,Toffee,WC_Premium,2026-06-12,OTP_Failed,2.0,10.0,1.0,0
013,Bioscope,WC_Premium,2026-07-06,Success,1.0,99.0,,0
016,Toffee,Weekly_Pass,2026-07-02,Success,1.0,75.0,,0
019,Bioscope,Daily_Pass,2026-06-27,OTP_Failed,1.0,4.0,1.0,1
017,Bioscope,WC_Premium,2026-07-04,Stuck_at_Number_Screen,2.0,8.0,2.0,1
019,Bioscope,WC_Premium,2026-06-22,Success,16.0,110.0,4.0,0
018,Toffee,WC_Premium,2026-07-02,Success,8.0,119.0,3.0,0
019,Toffee,Daily_Pass,2026-06-18,Success,0.0,76.0,5.0,0
013,Toffee,Daily_Pass,2026-06-30,Success,34.0,116.0,1.0,0
013,Toffee,Weekly_Pass,2026-06-13,OTP_Failed,2.0,10.0,1.0,1
014,Other_Partner,WC_Premium,2026-06-25,Success,1.0,111.0,4.0,0
017,Toffee,WC_Premium,2026-06-21,Success,11.0,103.0,3.0,0
019,Toffee,WC_Premium,2026-06-24,OTP_Failed,2.0,0.0,2.0,1
018,Toffee,Weekly_Pass,2026-06-26,Success,2.0,92.0,5.0,0
018,Bioscope,Daily_Pass,2026-06-20,Stuck_at_Number_Screen,0.0,0.0,1.0,1
017,Bioscope,Weekly_Pass,2026-06-30,Buffer_Timeout,1.0,7.0,1.0,0
018,Bioscope,WC_Premium,2026-07-03,Success,1.0,84.0,5.0,0
017,Toffee,Weekly_Pass,2026-07-02,OTP_Failed,1.0,0.0,2.0,1
017,Toffee,WC_Premium,2026-06-19,Success,7.0,73.0,4.0,0
017,Bioscope,Daily_Pass,2026-06-17,Success,2.0,150.0,5.0,0
017,Other_Partner,Daily_Pass,2026-07-10,Success,8.0,74.0,5.0,0
015,Bioscope,WC_Premium,2026-06-29,OTP_Failed,1.0,0.0,2.0,1
015,Bioscope,Daily_Pass,2026-07-10,OTP_Failed,1.0,11.0,1.0,1
013,Toffee,Weekly_Pass,2026-06-20,Stuck_at_Number_Screen,2.0,2.0,,1
016,Toffee,WC_Premium,2026-07-01,Success,3.0,82.0,5.0,0
017,Bioscope,Daily_Pass,2026-06-18,OTP_Failed,1.0,8.0,2.0,1
016,Toffee,WC_Premium,2026-07-09,OTP_Failed,2.0,5.0,1.0,1
019,Other_Partner,Daily_Pass,2026-07-01,Success,5.0,91.0,,0
014,Toffee,WC_Premium,2026-07-01,Buffer_Timeout,6.0,1.0,1.0,0
013,Toffee,Daily_Pass,2026-06-13,Success,22.0,109.0,1.0,1
019,Bioscope,Weekly_Pass,2026-06-22,Stuck_at_Number_Screen,0.0,8.0,1.0,1
017,Toffee,Weekly_Pass,2026-07-08,OTP_Failed,2.0,1.0,1.0,0
015,Toffee,Weekly_Pass,2026-06-30,Success,12.0,91.0,4.0,0
017,Toffee,Weekly_Pass,2026-07-05,Success,1.0,106.0,5.0,0
018,Bioscope,WC_Premium,2026-07-05,Success,0.0,78.0,5.0,0
016,Toffee,WC_Premium,2026-07-08,Success,8.0,94.0,5.0,0
016,Toffee,WC_Premium,2026-06-26,Success,6.0,53.0,4.0,0
017,Bioscope,Weekly_Pass,2026-06-29,Success,9.0,106.0,3.0,0
014,Toffee,Weekly_Pass,2026-07-01,Success,9.0,78.0,,0
017,Other_Partner,Daily_Pass,2026-06-18,Success,9.0,94.0,5.0,0
018,Toffee,WC_Premium,2026-07-01,Success,7.0,108.0,5.0,0
017,Bioscope,Daily_Pass,2026-06-17,Success,22.0,99.0,1.0,0
017,Toffee,Daily_Pass,2026-06-22,OTP_Failed,3.0,0.0,,1
018,Bioscope,Daily_Pass,2026-06-26,Stuck_at_Number_Screen,0.0,3.0,1.0,0
013,Bioscope,Daily_Pass,2026-06-20,Success,26.0,55.0,2.0,0
017,Other_Partner,WC_Premium,2026-06-13,Success,10.0,100.0,4.0,0
017,Toffee,Daily_Pass,2026-06-28,Buffer_Timeout,2.0,0.0,,0
013,Toffee,WC_Premium,2026-06-28,Success,11.0,98.0,3.0,0
019,Bioscope,Weekly_Pass,2026-06-21,Stuck_at_Number_Screen,2.0,1.0,1.0,1
019,Toffee,WC_Premium,2026-07-07,Success,7.0,102.0,3.0,0
017,Toffee,Weekly_Pass,2026-07-05,Success,1.0,97.0,4.0,0
013,Other_Partner,Daily_Pass,2026-06-11,Success,3.0,111.0,4.0,0
017,Toffee,Weekly_Pass,2026-06-25,Buffer_Timeout,1.0,9.0,,0
017,Other_Partner,Weekly_Pass,2026-06-23,Stuck_at_Number_Screen,1.0,9.0,,1
016,Toffee,Daily_Pass,2026-06-11,OTP_Failed,4.0,6.0,1.0,1
018,Bioscope,Daily_Pass,2026-06-25,Success,7.0,91.0,4.0,0
017,Bioscope,Daily_Pass,2026-06-28,Success,3.0,111.0,,0
017,Bioscope,Daily_Pass,2026-07-02,Success,2.0,90.0,,0
017,Other_Partner,Weekly_Pass,2026-06-16,Success,3.0,78.0,3.0,0
019,Toffee,Daily_Pass,2026-07-07,Buffer_Timeout,0.0,4.0,1.0,1
015,Bioscope,WC_Premium,2026-07-02,Success,10.0,91.0,5.0,0
017,Bioscope,WC_Premium,2026-06-16,Success,6.0,77.0,4.0,0
017,Toffee,Daily_Pass,2026-06-25,Success,1.0,87.0,,0
019,Other_Partner,Weekly_Pass,2026-06-16,Success,8.0,76.0,5.0,0
014,Toffee,Daily_Pass,2026-07-10,Success,3.0,87.0,,0
013,Bioscope,Daily_Pass,2026-07-04,Success,2.0,76.0,,0
017,Toffee,WC_Premium,2026-07-09,Success,27.0,77.0,2.0,0
017,Bioscope,Daily_Pass,2026-07-02,Stuck_at_Number_Screen,4.0,0.0,1.0,1
018,Bioscope,Daily_Pass,2026-07-05,Success,0.0,116.0,5.0,0
013,Toffee,Daily_Pass,2026-07-10,Success,1.0,99.0,5.0,0
017,Bioscope,WC_Premium,2026-06-24,OTP_Failed,4.0,10.0,1.0,1
018,Toffee,Weekly_Pass,2026-07-01,OTP_Failed,1.0,0.0,1.0,1
017,Toffee,WC_Premium,2026-06-24,Success,6.0,123.0,5.0,0
019,Toffee,WC_Premium,2026-06-30,Success,2.0,75.0,4.0,0
017,Toffee,Daily_Pass,2026-06-27,Stuck_at_Number_Screen,1.0,2.0,1.0,1
017,Toffee,Daily_Pass,2026-07-09,Success,19.0,124.0,,0
018,Bioscope,Daily_Pass,2026-06-21,Success,1.0,84.0,4.0,0
013,Toffee,Weekly_Pass,2026-06-28,Success,2.0,87.0,4.0,0
015,Bioscope,Weekly_Pass,2026-06-21,Stuck_at_Number_Screen,4.0,0.0,,1
018,Toffee,Daily_Pass,2026-06-30,OTP_Failed,1.0,5.0,1.0,1
017,Bioscope,Daily_Pass,2026-06-19,Buffer_Timeout,0.0,1.0,2.0,1
016,Bioscope,Daily_Pass,2026-07-10,Success,2.0,104.0,4.0,0
017,Toffee,WC_Premium,2026-06-30,Success,4.0,101.0,5.0,0
014,Bioscope,WC_Premium,2026-06-18,Stuck_at_Number_Screen,2.0,6.0,2.0,1
013,Bioscope,Daily_Pass,2026-06-28,Success,11.0,99.0,4.0,0
018,Bioscope,Daily_Pass,2026-06-27,Success,0.0,89.0,4.0,0
017,Toffee,Daily_Pass,2026-07-05,Success,8.0,89.0,5.0,0
013,Toffee,WC_Premium,2026-07-06,Success,3.0,70.0,,0
019,Bioscope,WC_Premium,2026-06-22,Stuck_at_Number_Screen,1.0,9.0,2.0,1
019,Bioscope,Daily_Pass,2026-07-02,Success,7.0,126.0,,0
017,Toffee,Daily_Pass,2026-07-07,Success,13.0,87.0,,0
017,Toffee,Daily_Pass,2026-07-06,OTP_Failed,0.0,6.0,1.0,1
019,Bioscope,Weekly_Pass,2026-06-15,OTP_Failed,1.0,10.0,1.0,1
014,Bioscope,Weekly_Pass,2026-06-29,Buffer_Timeout,0.0,12.0,1.0,0
017,Bioscope,Weekly_Pass,2026-06-25,Buffer_Timeout,2.0,12.0,,0
018,Toffee,WC_Premium,2026-07-05,Success,1.0,57.0,4.0,0
017,Toffee,Daily_Pass,2026-06-28,Stuck_at_Number_Screen,6.0,15.0,1.0,0
019,Toffee,WC_Premium,2026-07-06,Success,6.0,56.0,,0
017,Toffee,Daily_Pass,2026-07-09,Success,4.0,119.0,5.0,0
017,Toffee,Daily_Pass,2026-07-04,Success,4.0,99.0,,0
019,Bioscope,WC_Premium,2026-06-14,Success,8.0,117.0,5.0,0
017,Bioscope,WC_Premium,2026-06-24,Stuck_at_Number_Screen,0.0,7.0,,1
018,Bioscope,WC_Premium,2026-06-24,OTP_Failed,1.0,7.0,1.0,1
013,Toffee,WC_Premium,2026-06-23,OTP_Failed,1.0,0.0,1.0,1
017,Toffee,WC_Premium,2026-07-03,Buffer_Timeout,1.0,15.0,2.0,1
013,Toffee,Daily_Pass,2026-06-18,Success,5.0,95.0,5.0,0
018,Toffee,WC_Premium,2026-06-23,Success,4.0,103.0,,0
017,Bioscope,WC_Premium,2026-07-08,OTP_Failed,11.0,9.0,1.0,1
018,Toffee,Weekly_Pass,2026-06-11,Stuck_at_Number_Screen,0.0,4.0,2.0,1
019,Toffee,Weekly_Pass,2026-07-06,Buffer_Timeout,4.0,3.0,1.0,0
019,Toffee,WC_Premium,2026-07-07,Success,2.0,106.0,5.0,0
017,Toffee,WC_Premium,2026-06-27,Stuck_at_Number_Screen,2.0,11.0,1.0,1
017,Bioscope,Daily_Pass,2026-06-19,Stuck_at_Number_Screen,0.0,9.0,,1
017,Toffee,WC_Premium,2026-06-19,Success,2.0,83.0,,0
013,Bioscope,WC_Premium,2026-07-07,OTP_Failed,1.0,5.0,1.0,1
013,Bioscope,Daily_Pass,2026-07-06,Success,3.0,101.0,4.0,0
016,Toffee,WC_Premium,2026-06-27,Success,4.0,81.0,5.0,0
017,Toffee,Daily_Pass,2026-07-01,Stuck_at_Number_Screen,0.0,10.0,1.0,1
017,Bioscope,Daily_Pass,2026-06-21,Stuck_at_Number_Screen,6.0,9.0,1.0,1
013,Bioscope,Weekly_Pass,2026-06-24,Success,43.0,91.0,,0
016,Toffee,WC_Premium,2026-06-26,Stuck_at_Number_Screen,2.0,13.0,1.0,1
017,Toffee,Daily_Pass,2026-06-14,Success,6.0,87.0,,0
018,Toffee,WC_Premium,2026-06-24,Success,0.0,99.0,5.0,0
017,Toffee,Weekly_Pass,2026-06-20,Success,23.0,98.0,1.0,0
019,Toffee,WC_Premium,2026-06-23,OTP_Failed,4.0,8.0,1.0,1
019,Toffee,WC_Premium,2026-07-07,Stuck_at_Number_Screen,2.0,9.0,,1
017,Toffee,WC_Premium,2026-06-21,OTP_Failed,2.0,8.0,2.0,0
017,Toffee,WC_Premium,2026-07-10,Buffer_Timeout,0.0,12.0,1.0,1
013,Toffee,WC_Premium,2026-06-14,OTP_Failed,4.0,10.0,,1
017,Bioscope,Daily_Pass,2026-07-07,Success,11.0,67.0,4.0,0
016,Bioscope,Daily_Pass,2026-06-12,OTP_Failed,0.0,14.0,1.0,0
019,Other_Partner,Daily_Pass,2026-06-15,Stuck_at_Number_Screen,2.0,3.0,,1
016,Toffee,WC_Premium,2026-07-07,Success,0.0,87.0,,0
019,Bioscope,Daily_Pass,2026-06-26,Success,5.0,122.0,3.0,0
013,Toffee,Daily_Pass,2026-07-08,Success,1.0,86.0,5.0,0
017,Bioscope,WC_Premium,2026-06-12,Buffer_Timeout,0.0,2.0,1.0,1
016,Toffee,WC_Premium,2026-06-13,Buffer_Timeout,0.0,3.0,1.0,0
013,Toffee,WC_Premium,2026-06-18,Success,6.0,66.0,5.0,0
016,Other_Partner,Daily_Pass,2026-07-05,Buffer_Timeout,3.0,11.0,,0
017,Bioscope,Daily_Pass,2026-07-05,Success,14.0,84.0,5.0,0
017,Other_Partner,Daily_Pass,2026-07-03,Success,4.0,53.0,,0
015,Toffee,Daily_Pass,2026-06-14,Stuck_at_Number_Screen,2.0,4.0,1.0,1
017,Toffee,Daily_Pass,2026-07-05,Success,9.0,135.0,4.0,0
015,Toffee,Daily_Pass,2026-06-27,Success,20.0,101.0,3.0,0
015,Bioscope,Daily_Pass,2026-06-28,Success,0.0,111.0,5.0,0
019,Bioscope,Weekly_Pass,2026-07-06,Success,5.0,112.0,4.0,0
016,Other_Partner,Daily_Pass,2026-06-24,Success,1.0,62.0,,0
018,Toffee,Daily_Pass,2026-06-15,Success,6.0,106.0,,0
019,Bioscope,WC_Premium,2026-07-01,Stuck_at_Number_Screen,1.0,2.0,2.0,1
017,Toffee,WC_Premium,2026-06-15,OTP_Failed,0.0,5.0,1.0,0
018,Toffee,WC_Premium,2026-07-04,Success,28.0,58.0,1.0,0
018,Bioscope,Weekly_Pass,2026-06-20,Stuck_at_Number_Screen,0.0,2.0,1.0,1
013,Bioscope,WC_Premium,2026-06-12,Buffer_Timeout,1.0,0.0,,0
013,Toffee,WC_Premium,2026-07-06,Success,2.0,94.0,5.0,0
017,Toffee,Weekly_Pass,2026-06-19,OTP_Failed,3.0,15.0,2.0,1
018,Toffee,Weekly_Pass,2026-06-26,Stuck_at_Number_Screen,2.0,9.0,1.0,1
019,Toffee,Daily_Pass,2026-07-01,Success,30.0,100.0,1.0,1
017,Toffee,WC_Premium,2026-07-10,Success,15.0,62.0,,0
014,Toffee,Weekly_Pass,2026-06-17,Success,1.0,64.0,5.0,0
016,Toffee,WC_Premium,2026-07-05,OTP_Failed,2.0,0.0,1.0,0
019,Other_Partner,Weekly_Pass,2026-07-01,Success,5.0,79.0,,0
018,Other_Partner,WC_Premium,2026-06-14,Success,0.0,84.0,,0
019,Toffee,WC_Premium,2026-07-05,Success,37.0,84.0,1.0,1
017,Other_Partner,WC_Premium,2026-06-18,Success,13.0,82.0,,0
019,Bioscope,Daily_Pass,2026-07-09,Stuck_at_Number_Screen,1.0,0.0,2.0,1
017,Toffee,Daily_Pass,2026-06-13,OTP_Failed,2.0,6.0,1.0,1
019,Toffee,WC_Premium,2026-06-14,Success,5.0,135.0,3.0,0
015,Other_Partner,WC_Premium,2026-07-05,Success,0.0,79.0,5.0,0
017,Bioscope,Daily_Pass,2026-06-27,Stuck_at_Number_Screen,1.0,4.0,1.0,1
017,Bioscope,WC_Premium,2026-07-07,Success,4.0,113.0,5.0,0
019,Bioscope,Weekly_Pass,2026-06-26,Buffer_Timeout,2.0,13.0,,1
017,Toffee,Daily_Pass,2026-07-03,Success,13.0,80.0,5.0,0
019,Toffee,Weekly_Pass,2026-06-25,OTP_Failed,1.0,5.0,1.0,0
017,Toffee,WC_Premium,2026-07-06,Success,5.0,96.0,5.0,1
017,Toffee,Weekly_Pass,2026-06-25,Stuck_at_Number_Screen,2.0,7.0,,1
015,Toffee,WC_Premium,2026-06-29,Success,2.0,78.0,4.0,0
016,Toffee,Daily_Pass,2026-07-06,OTP_Failed,0.0,7.0,1.0,1
019,Toffee,WC_Premium,2026-07-10,Success,2.0,110.0,4.0,0
017,Toffee,WC_Premium,2026-07-03,Success,33.0,85.0,1.0,0
016,Toffee,Weekly_Pass,2026-07-05,Success,6.0,107.0,5.0,0
018,Toffee,Daily_Pass,2026-06-20,Success,1.0,99.0,4.0,0
018,Toffee,Weekly_Pass,2026-06-21,Success,13.0,63.0,,0
016,Toffee,WC_Premium,2026-06-23,Success,9.0,98.0,4.0,0
018,Bioscope,Daily_Pass,2026-06-22,Success,0.0,92.0,4.0,0
013,Other_Partner,Weekly_Pass,2026-06-11,Success,20.0,141.0,4.0,0
017,Toffee,Daily_Pass,2026-06-14,OTP_Failed,1.0,0.0,1.0,1
019,Toffee,Weekly_Pass,2026-06-29,OTP_Failed,1.0,0.0,,0
017,Bioscope,Weekly_Pass,2026-07-02,Success,6.0,97.0,5.0,0
016,Bioscope,WC_Premium,2026-06-14,Success,5.0,78.0,,1
017,Bioscope,Weekly_Pass,2026-06-15,Success,2.0,126.0,5.0,0
018,Toffee,Weekly_Pass,2026-06-23,Success,7.0,87.0,5.0,0
016,Bioscope,WC_Premium,2026-07-01,Success,0.0,90.0,4.0,1
017,Other_Partner,Daily_Pass,2026-06-29,Success,9.0,89.0,4.0,0
017,Bioscope,Weekly_Pass,2026-06-26,Buffer_Timeout,4.0,9.0,1.0,0
017,Toffee,WC_Premium,2026-07-03,Stuck_at_Number_Screen,4.0,6.0,1.0,1
018,Bioscope,Daily_Pass,2026-07-09,Success,6.0,59.0,5.0,0
019,Bioscope,Daily_Pass,2026-07-02,Stuck_at_Number_Screen,1.0,0.0,,0
017,Bioscope,Weekly_Pass,2026-07-05,Success,8.0,64.0,4.0,0
016,Toffee,Daily_Pass,2026-07-01,Success,7.0,88.0,3.0,0
017,Bioscope,Daily_Pass,2026-06-13,Stuck_at_Number_Screen,3.0,2.0,1.0,1
018,Toffee,WC_Premium,2026-07-01,Success,5.0,106.0,4.0,0
014,Toffee,Weekly_Pass,2026-07-08,OTP_Failed,2.0,5.0,2.0,1
017,Bioscope,WC_Premium,2026-07-09,Success,23.0,97.0,1.0,0
018,Toffee,Daily_Pass,2026-06-21,OTP_Failed,3.0,11.0,1.0,1
017,Bioscope,WC_Premium,2026-06-22,Success,5.0,120.0,4.0,1
017,Bioscope,WC_Premium,2026-06-20,Stuck_at_Number_Screen,1.0,4.0,1.0,1
017,Toffee,WC_Premium,2026-07-05,Success,1.0,125.0,4.0,0
017,Bioscope,Daily_Pass,2026-06-26,Success,14.0,75.0,4.0,0
018,Other_Partner,Weekly_Pass,2026-07-01,Stuck_at_Number_Screen,2.0,5.0,2.0,1
013,Toffee,Weekly_Pass,2026-06-17,OTP_Failed,1.0,12.0,1.0,1
018,Bioscope,WC_Premium,2026-06-21,Stuck_at_Number_Screen,7.0,10.0,,0
017,Toffee,WC_Premium,2026-06-11,Success,4.0,93.0,,0
017,Toffee,Daily_Pass,2026-06-24,Success,12.0,65.0,,0
016,Toffee,WC_Premium,2026-06-25,Success,10.0,69.0,4.0,0
015,Toffee,WC_Premium,2026-07-03,Success,1.0,64.0,,0
017,Toffee,Weekly_Pass,2026-06-14,OTP_Failed,1.0,9.0,1.0,0
019,Other_Partner,Daily_Pass,2026-06-21,Stuck_at_Number_Screen,2.0,3.0,2.0,1
018,Bioscope,WC_Premium,2026-06-15,Buffer_Timeout,5.0,9.0,,0
018,Bioscope,Weekly_Pass,2026-06-18,Success,19.0,98.0,4.0,0
018,Toffee,WC_Premium,2026-07-04,Success,2.0,67.0,4.0,0
017,Bioscope,WC_Premium,2026-06-15,Stuck_at_Number_Screen,1.0,8.0,1.0,1
017,Toffee,Daily_Pass,2026-06-12,OTP_Failed,2.0,3.0,1.0,1
018,Toffee,Weekly_Pass,2026-07-10,Stuck_at_Number_Screen,0.0,15.0,2.0,1
017,Toffee,Weekly_Pass,2026-06-16,OTP_Failed,1.0,4.0,2.0,1
014,Toffee,WC_Premium,2026-06-16,Stuck_at_Number_Screen,3.0,0.0,,1
013,Toffee,Daily_Pass,2026-06-27,Success,26.0,117.0,1.0,0
017,Bioscope,Daily_Pass,2026-06-15,OTP_Failed,1.0,5.0,1.0,1
016,Bioscope,WC_Premium,2026-06-24,Success,11.0,103.0,4.0,0
017,Toffee,Daily_Pass,2026-06-14,OTP_Failed,1.0,5.0,2.0,0
018,Toffee,Weekly_Pass,2026-07-08,OTP_Failed,1.0,6.0,1.0,1
016,Toffee,Daily_Pass,2026-06-25,Success,17.0,60.0,4.0,0
014,Other_Partner,Weekly_Pass,2026-06-24,Success,3.0,115.0,4.0,0
019,Bioscope,Weekly_Pass,2026-07-08,Success,2.0,85.0,,0
016,Bioscope,Weekly_Pass,2026-06-22,Success,11.0,58.0,5.0,0
016,Other_Partner,WC_Premium,2026-06-11,Success,28.0,102.0,2.0,0
014,Toffee,Daily_Pass,2026-06-18,Success,5.0,108.0,4.0,0
017,Other_Partner,Daily_Pass,2026-07-04,Success,16.0,62.0,5.0,0
017,Toffee,Weekly_Pass,2026-06-28,Success,10.0,149.0,4.0,0
017,Toffee,Weekly_Pass,2026-07-06,Success,17.0,109.0,5.0,1
017,Bioscope,Weekly_Pass,2026-06-21,Success,0.0,87.0,4.0,0
016,Toffee,Daily_Pass,2026-06-24,Success,15.0,92.0,4.0,0
018,Bioscope,WC_Premium,2026-07-05,OTP_Failed,0.0,10.0,2.0,1
018,Toffee,Weekly_Pass,2026-06-29,OTP_Failed,1.0,7.0,2.0,0
017,Bioscope,Daily_Pass,2026-07-09,Buffer_Timeout,2.0,1.0,2.0,1
016,Toffee,Weekly_Pass,2026-06-29,Success,10.0,108.0,,0
017,Toffee,Daily_Pass,2026-06-14,Stuck_at_Number_Screen,2.0,13.0,1.0,1
016,Other_Partner,Daily_Pass,2026-07-10,Success,15.0,75.0,3.0,0
018,Bioscope,Daily_Pass,2026-06-17,Success,15.0,86.0,3.0,0
017,Other_Partner,Daily_Pass,2026-06-28,Success,4.0,81.0,4.0,1
017,Bioscope,Daily_Pass,2026-06-25,Success,9.0,72.0,5.0,0
017,Bioscope,Weekly_Pass,2026-06-20,Success,21.0,123.0,,0
019,Bioscope,Weekly_Pass,2026-06-26,Stuck_at_Number_Screen,2.0,7.0,2.0,1
014,Toffee,Weekly_Pass,2026-06-25,Stuck_at_Number_Screen,2.0,13.0,1.0,1
018,Toffee,Daily_Pass,2026-06-12,Buffer_Timeout,6.0,0.0,2.0,0
017,Toffee,WC_Premium,2026-06-19,OTP_Failed,0.0,6.0,1.0,1
013,Bioscope,WC_Premium,2026-06-14,OTP_Failed,1.0,10.0,,1
016,Toffee,WC_Premium,2026-07-07,Success,11.0,62.0,4.0,0
019,Other_Partner,Daily_Pass,2026-06-17,Stuck_at_Number_Screen,4.0,0.0,1.0,1
017,Bioscope,Weekly_Pass,2026-07-09,Stuck_at_Number_Screen,3.0,9.0,1.0,1
017,Bioscope,Daily_Pass,2026-07-05,Success,5.0,81.0,5.0,0
016,Toffee,WC_Premium,2026-07-03,OTP_Failed,2.0,10.0,1.0,1
013,Toffee,Daily_Pass,2026-07-01,Success,5.0,105.0,4.0,0
017,Other_Partner,Daily_Pass,2026-06-27,Success,9.0,88.0,4.0,0
017,Toffee,Weekly_Pass,2026-06-22,Stuck_at_Number_Screen,6.0,6.0,2.0,1
018,Toffee,Weekly_Pass,2026-07-05,OTP_Failed,3.0,4.0,2.0,1
019,Toffee,Weekly_Pass,2026-06-18,Buffer_Timeout,3.0,6.0,2.0,1
015,Toffee,Daily_Pass,2026-07-01,Stuck_at_Number_Screen,3.0,11.0,1.0,1
018,Toffee,Weekly_Pass,2026-06-19,Success,3.0,68.0,5.0,0
018,Bioscope,WC_Premium,2026-07-04,Success,10.0,59.0,5.0,0
017,Toffee,WC_Premium,2026-06-14,Success,2.0,93.0,,0
018,Bioscope,Weekly_Pass,2026-06-12,Buffer_Timeout,3.0,1.0,1.0,0
013,Toffee,Weekly_Pass,2026-07-05,Success,1.0,83.0,3.0,0
018,Bioscope,Daily_Pass,2026-07-09,OTP_Failed,0.0,10.0,1.0,1
013,Bioscope,Daily_Pass,2026-07-10,Success,7.0,111.0,5.0,0
017,Toffee,Daily_Pass,2026-06-23,OTP_Failed,6.0,15.0,2.0,1
017,Toffee,Weekly_Pass,2026-07-05,Success,1.0,88.0,4.0,0
017,Toffee,WC_Premium,2026-06-17,Success,1.0,95.0,5.0,0
017,Bioscope,Weekly_Pass,2026-06-25,Success,9.0,95.0,,0
017,Bioscope,Daily_Pass,2026-06-18,Success,6.0,99.0,4.0,0
015,Other_Partner,Weekly_Pass,2026-06-14,Success,3.0,126.0,,0
013,Toffee,Daily_Pass,2026-07-07,Stuck_at_Number_Screen,1.0,0.0,2.0,1
018,Toffee,WC_Premium,2026-07-06,Success,16.0,110.0,5.0,0
019,Toffee,Daily_Pass,2026-06-14,OTP_Failed,1.0,5.0,1.0,1
015,Toffee,Weekly_Pass,2026-06-21,Buffer_Timeout,1.0,1.0,2.0,0
018,Bioscope,Weekly_Pass,2026-07-09,OTP_Failed,1.0,4.0,2.0,1
019,Toffee,Daily_Pass,2026-06-27,Success,5.0,91.0,,1
017,Bioscope,Daily_Pass,2026-06-23,Stuck_at_Number_Screen,0.0,0.0,2.0,1
017,Bioscope,Weekly_Pass,2026-06-19,Success,8.0,92.0,4.0,0
013,Bioscope,Daily_Pass,2026-07-10,Success,14.0,84.0,5.0,0
016,Toffee,Weekly_Pass,2026-06-20,Success,1.0,78.0,5.0,0
016,Other_Partner,WC_Premium,2026-06-19,Success,1.0,131.0,5.0,0
017,Other_Partner,Daily_Pass,2026-07-01,Success,3.0,82.0,5.0,0
017,Other_Partner,Weekly_Pass,2026-06-24,Success,1.0,52.0,5.0,0
018,Bioscope,WC_Premium,2026-07-07,Success,2.0,103.0,4.0,0
017,Bioscope,Weekly_Pass,2026-07-03,Success,4.0,94.0,5.0,0
018,Bioscope,WC_Premium,2026-06-13,Success,7.0,58.0,4.0,0
016,Toffee,Daily_Pass,2026-07-07,Success,17.0,126.0,,0
016,Bioscope,WC_Premium,2026-06-18,Success,3.0,90.0,,0
019,Bioscope,Weekly_Pass,2026-07-05,Success,18.0,83.0,5.0,0
019,Other_Partner,WC_Premium,2026-06-22,Success,9.0,109.0,5.0,0
018,Bioscope,Daily_Pass,2026-06-18,OTP_Failed,2.0,10.0,1.0,1
016,Toffee,Daily_Pass,2026-07-09,Success,14.0,87.0,4.0,0
018,Bioscope,Daily_Pass,2026-06-15,Buffer_Timeout,1.0,12.0,1.0,0
017,Other_Partner,WC_Premium,2026-07-08,Success,11.0,83.0,4.0,1
017,Toffee,Weekly_Pass,2026-06-16,OTP_Failed,3.0,0.0,1.0,1
017,Toffee,WC_Premium,2026-06-29,Success,1.0,63.0,4.0,0
013,Bioscope,Daily_Pass,2026-06-13,OTP_Failed,2.0,5.0,1.0,0
018,Toffee,Daily_Pass,2026-06-24,Success,4.0,106.0,4.0,0
019,Toffee,Daily_Pass,2026-06-24,OTP_Failed,4.0,12.0,1.0,1
017,Toffee,Weekly_Pass,2026-06-23,Success,15.0,109.0,4.0,0
017,Bioscope,WC_Premium,2026-06-17,Success,12.0,115.0,4.0,0
015,Toffee,Daily_Pass,2026-06-19,OTP_Failed,3.0,0.0,,1
017,Toffee,WC_Premium,2026-06-25,OTP_Failed,3.0,10.0,1.0,1
018,Bioscope,Daily_Pass,2026-06-25,Success,15.0,107.0,,0
018,Other_Partner,Weekly_Pass,2026-07-05,Success,24.0,114.0,1.0,0
018,Other_Partner,WC_Premium,2026-06-28,Success,2.0,78.0,4.0,0
017,Toffee,Daily_Pass,2026-07-07,Success,16.0,97.0,,0
017,Other_Partner,Daily_Pass,2026-07-03,Success,17.0,79.0,4.0,0
017,Toffee,Daily_Pass,2026-07-10,Success,3.0,87.0,5.0,0
018,Bioscope,Daily_Pass,2026-06-18,Stuck_at_Number_Screen,0.0,0.0,1.0,1
018,Bioscope,WC_Premium,2026-07-10,Success,4.0,82.0,,0
017,Toffee,WC_Premium,2026-07-09,OTP_Failed,0.0,3.0,1.0,0
018,Bioscope,WC_Premium,2026-06-11,Stuck_at_Number_Screen,2.0,10.0,1.0,1
019,Toffee,WC_Premium,2026-07-06,OTP_Failed,2.0,4.0,1.0,0
017,Bioscope,Daily_Pass,2026-06-30,Success,3.0,78.0,,0
018,Toffee,Daily_Pass,2026-06-19,Buffer_Timeout,1.0,8.0,1.0,0
016,Bioscope,WC_Premium,2026-06-19,Success,5.0,92.0,,0
017,Toffee,Weekly_Pass,2026-07-01,Success,11.0,100.0,,0
017,Toffee,Weekly_Pass,2026-07-03,Stuck_at_Number_Screen,2.0,6.0,,0
018,Other_Partner,WC_Premium,2026-07-07,Success,8.0,92.0,4.0,0
019,Bioscope,Weekly_Pass,2026-07-02,OTP_Failed,11.0,7.0,1.0,1
019,Other_Partner,Daily_Pass,2026-06-23,Success,3.0,106.0,5.0,0
018,Toffee,WC_Premium,2026-06-30,Stuck_at_Number_Screen,1.0,7.0,1.0,1
016,Toffee,Weekly_Pass,2026-07-03,OTP_Failed,4.0,10.0,,0
013,Bioscope,WC_Premium,2026-06-13,Success,0.0,92.0,4.0,0
018,Toffee,Weekly_Pass,2026-07-09,OTP_Failed,2.0,6.0,2.0,0
018,Toffee,Daily_Pass,2026-06-27,OTP_Failed,1.0,7.0,2.0,1
017,Bioscope,Daily_Pass,2026-07-09,Success,0.0,80.0,4.0,0
016,Toffee,WC_Premium,2026-07-07,Buffer_Timeout,3.0,6.0,1.0,0
018,Toffee,Weekly_Pass,2026-06-28,Success,9.0,115.0,4.0,0
013,Toffee,Weekly_Pass,2026-06-17,Stuck_at_Number_Screen,0.0,14.0,1.0,1
014,Bioscope,Weekly_Pass,2026-06-20,Success,3.0,78.0,5.0,0
017,Bioscope,Weekly_Pass,2026-06-30,Success,17.0,104.0,5.0,0
017,Toffee,Daily_Pass,2026-07-03,Success,8.0,105.0,5.0,0
017,Bioscope,Daily_Pass,2026-06-18,Success,6.0,92.0,4.0,0
019,Toffee,Daily_Pass,2026-06-17,Stuck_at_Number_Screen,0.0,8.0,2.0,1
016,Other_Partner,Daily_Pass,2026-06-15,Success,5.0,104.0,4.0,0
017,Other_Partner,Weekly_Pass,2026-06-11,Success,1.0,111.0,4.0,0
016,Bioscope,Daily_Pass,2026-07-02,Success,16.0,69.0,5.0,0
013,Toffee,Daily_Pass,2026-07-08,Success,18.0,82.0,,0
019,Bioscope,Daily_Pass,2026-06-17,Success,7.0,96.0,4.0,0
018,Bioscope,Daily_Pass,2026-06-14,Success,18.0,111.0,5.0,0
013,Other_Partner,WC_Premium,2026-07-08,Buffer_Timeout,1.0,2.0,1.0,1
014,Other_Partner,Daily_Pass,2026-06-29,Success,6.0,87.0,5.0,0
017,Bioscope,Weekly_Pass,2026-06-16,Stuck_at_Number_Screen,3.0,0.0,1.0,1
017,Toffee,Daily_Pass,2026-07-06,OTP_Failed,3.0,6.0,1.0,0
018,Other_Partner,WC_Premium,2026-06-29,Success,12.0,96.0,5.0,0
015,Bioscope,WC_Premium,2026-07-06,Buffer_Timeout,0.0,0.0,2.0,1
013,Bioscope,Weekly_Pass,2026-06-18,Success,15.0,86.0,,0
017,Toffee,WC_Premium,2026-06-15,Success,13.0,55.0,3.0,0
017,Toffee,Daily_Pass,2026-07-02,Success,3.0,87.0,5.0,0
018,Toffee,Daily_Pass,2026-06-29,Success,4.0,66.0,5.0,0
017,Toffee,Daily_Pass,2026-06-27,Success,1.0,89.0,5.0,0
016,Toffee,Daily_Pass,2026-07-09,OTP_Failed,0.0,15.0,1.0,0
015,Bioscope,Daily_Pass,2026-07-07,Buffer_Timeout,0.0,4.0,2.0,0
018,Toffee,Daily_Pass,2026-06-27,OTP_Failed,2.0,3.0,1.0,1
013,Toffee,Weekly_Pass,2026-07-01,Success,53.0,68.0,2.0,1
013,Toffee,WC_Premium,2026-06-15,OTP_Failed,1.0,2.0,,1
017,Toffee,Daily_Pass,2026-06-27,Stuck_at_Number_Screen,5.0,9.0,1.0,1
019,Other_Partner,Daily_Pass,2026-06-16,Success,4.0,97.0,4.0,0
013,Toffee,Weekly_Pass,2026-07-10,Success,4.0,124.0,5.0,0
013,Toffee,Weekly_Pass,2026-06-19,Success,4.0,105.0,5.0,0
016,Other_Partner,Daily_Pass,2026-06-30,Success,12.0,55.0,5.0,0
013,Bioscope,Daily_Pass,2026-06-18,Stuck_at_Number_Screen,1.0,9.0,,1
018,Toffee,Weekly_Pass,2026-06-17,OTP_Failed,0.0,3.0,2.0,1
017,Bioscope,Daily_Pass,2026-07-07,Success,11.0,98.0,,0
019,Bioscope,WC_Premium,2026-07-02,Stuck_at_Number_Screen,3.0,9.0,,0
014,Bioscope,Daily_Pass,2026-06-12,OTP_Failed,1.0,2.0,1.0,1
018,Toffee,Daily_Pass,2026-07-10,OTP_Failed,1.0,8.0,1.0,1
015,Other_Partner,Weekly_Pass,2026-07-05,Success,1.0,99.0,4.0,0
017,Toffee,WC_Premium,2026-07-06,Success,5.0,104.0,,0
018,Toffee,Weekly_Pass,2026-06-16,Success,10.0,136.0,4.0,0
018,Toffee,Daily_Pass,2026-06-22,Stuck_at_Number_Screen,1.0,2.0,1.0,1
018,Toffee,Daily_Pass,2026-06-25,OTP_Failed,4.0,14.0,1.0,1
013,Other_Partner,Weekly_Pass,2026-07-10,Success,9.0,93.0,5.0,0
017,Bioscope,Daily_Pass,2026-07-06,Success,8.0,65.0,4.0,0
017,Toffee,Weekly_Pass,2026-06-11,OTP_Failed,4.0,13.0,1.0,0
013,Toffee,Weekly_Pass,2026-07-10,Success,4.0,113.0,,0
017,Toffee,Daily_Pass,2026-07-07,Success,7.0,119.0,4.0,0
016,Other_Partner,Daily_Pass,2026-07-06,Success,19.0,109.0,5.0,0
017,Bioscope,WC_Premium,2026-06-15,Success,15.0,72.0,5.0,0
017,Bioscope,Weekly_Pass,2026-06-16,Success,5.0,127.0,5.0,0
018,Bioscope,WC_Premium,2026-07-04,Success,3.0,140.0,3.0,0
018,Bioscope,Daily_Pass,2026-06-25,OTP_Failed,3.0,10.0,1.0,1
019,Bioscope,Weekly_Pass,2026-07-06,Buffer_Timeout,1.0,1.0,1.0,0
018,Toffee,Daily_Pass,2026-06-14,Success,4.0,115.0,3.0,0
017,Bioscope,Daily_Pass,2026-06-22,Success,17.0,57.0,4.0,0
019,Bioscope,Weekly_Pass,2026-07-05,Success,4.0,86.0,5.0,0
018,Bioscope,WC_Premium,2026-06-29,Success,3.0,70.0,4.0,1
017,Other_Partner,Daily_Pass,2026-07-04,Success,3.0,118.0,4.0,0
018,Bioscope,WC_Premium,2026-06-28,Success,2.0,93.0,4.0,0
014,Bioscope,Weekly_Pass,2026-06-16,Success,8.0,91.0,,0
013,Other_Partner,Daily_Pass,2026-06-26,OTP_Failed,2.0,7.0,1.0,1
017,Toffee,WC_Premium,2026-06-27,OTP_Failed,1.0,0.0,1.0,0
017,Toffee,Weekly_Pass,2026-06-21,Success,1.0,111.0,4.0,0
017,Bioscope,Weekly_Pass,2026-06-14,Success,14.0,90.0,5.0,0
013,Toffee,Weekly_Pass,2026-07-06,Success,2.0,50.0,3.0,0
018,Bioscope,Weekly_Pass,2026-06-26,Success,13.0,81.0,5.0,0
017,Bioscope,WC_Premium,2026-06-19,Success,3.0,121.0,4.0,0
014,Bioscope,Daily_Pass,2026-07-03,Stuck_at_Number_Screen,1.0,8.0,1.0,1
019,Other_Partner,Daily_Pass,2026-06-20,Success,9.0,107.0,,0
018,Toffee,WC_Premium,2026-07-06,Stuck_at_Number_Screen,2.0,9.0,1.0,1
019,Bioscope,WC_Premium,2026-06-23,OTP_Failed,3.0,7.0,2.0,1
017,Bioscope,Daily_Pass,2026-06-14,Success,9.0,92.0,4.0,0
018,Toffee,Daily_Pass,2026-06-24,Success,10.0,104.0,4.0,0
018,Toffee,Weekly_Pass,2026-06-17,OTP_Failed,0.0,5.0,1.0,1
019,Bioscope,Daily_Pass,2026-06-13,Success,0.0,109.0,,0
019,Bioscope,Weekly_Pass,2026-06-30,Success,16.0,92.0,,0
017,Bioscope,Daily_Pass,2026-06-27,Success,4.0,80.0,,0
014,Bioscope,Weekly_Pass,2026-06-24,OTP_Failed,0.0,6.0,,0
017,Toffee,Daily_Pass,2026-06-25,Success,1.0,73.0,4.0,0
019,Toffee,Weekly_Pass,2026-07-08,Success,0.0,110.0,4.0,1
015,Toffee,Weekly_Pass,2026-06-11,Buffer_Timeout,0.0,6.0,2.0,0
017,Other_Partner,Weekly_Pass,2026-06-14,Success,9.0,104.0,4.0,0
016,Toffee,Daily_Pass,2026-07-05,OTP_Failed,3.0,12.0,,1
017,Other_Partner,Daily_Pass,2026-06-11,Success,1.0,85.0,3.0,0
013,Other_Partner,Daily_Pass,2026-06-28,Success,2.0,95.0,4.0,0
018,Other_Partner,Weekly_Pass,2026-07-01,Buffer_Timeout,4.0,15.0,2.0,0
018,Toffee,Weekly_Pass,2026-07-10,Success,1.0,128.0,,0
014,Other_Partner,Daily_Pass,2026-06-23,OTP_Failed,0.0,0.0,1.0,1
016,Toffee,WC_Premium,2026-06-17,Success,14.0,90.0,5.0,0
018,Toffee,WC_Premium,2026-06-28,Stuck_at_Number_Screen,4.0,7.0,1.0,1
019,Toffee,Weekly_Pass,2026-07-03,OTP_Failed,1.0,8.0,1.0,1
015,Other_Partner,Daily_Pass,2026-07-01,Success,7.0,89.0,4.0,0
017,Toffee,WC_Premium,2026-06-16,Buffer_Timeout,3.0,0.0,1.0,0
015,Bioscope,WC_Premium,2026-06-29,Buffer_Timeout,1.0,9.0,1.0,1
017,Toffee,WC_Premium,2026-06-20,Success,15.0,111.0,4.0,1
019,Toffee,Daily_Pass,2026-06-26,Success,2.0,102.0,4.0,0
017,Toffee,WC_Premium,2026-06-23,OTP_Failed,3.0,3.0,2.0,1
017,Bioscope,Daily_Pass,2026-07-02,Buffer_Timeout,0.0,5.0,1.0,0
013,Bioscope,Weekly_Pass,2026-06-12,Success,1.0,85.0,5.0,0
018,Other_Partner,Weekly_Pass,2026-06-20,Success,13.0,110.0,,0
013,Bioscope,Weekly_Pass,2026-07-06,OTP_Failed,2.0,3.0,1.0,1
017,Other_Partner,Weekly_Pass,2026-06-15,Success,4.0,65.0,5.0,0
018,Bioscope,Daily_Pass,2026-07-10,Success,1.0,83.0,,0
014,Bioscope,WC_Premium,2026-06-15,Success,10.0,66.0,,0
013,Bioscope,Weekly_Pass,2026-07-02,Success,7.0,89.0,4.0,0
017,Toffee,WC_Premium,2026-06-29,Buffer_Timeout,6.0,0.0,1.0,1
013,Bioscope,Daily_Pass,2026-06-28,Success,1.0,100.0,4.0,0
017,Bioscope,Weekly_Pass,2026-07-09,Success,36.0,81.0,1.0,1
019,Bioscope,Weekly_Pass,2026-06-29,Success,6.0,95.0,,0
019,Bioscope,Weekly_Pass,2026-06-14,Success,8.0,61.0,5.0,0
018,Toffee,WC_Premium,2026-06-18,OTP_Failed,1.0,14.0,,1
013,Bioscope,Daily_Pass,2026-07-07,Success,2.0,85.0,5.0,0
019,Toffee,Daily_Pass,2026-07-03,OTP_Failed,1.0,5.0,,1
018,Bioscope,WC_Premium,2026-07-09,Buffer_Timeout,2.0,4.0,2.0,0
019,Bioscope,Weekly_Pass,2026-06-22,Success,5.0,78.0,3.0,0
018,Other_Partner,Daily_Pass,2026-06-11,Buffer_Timeout,1.0,9.0,1.0,0
019,Toffee,Weekly_Pass,2026-06-17,Success,9.0,93.0,4.0,0
018,Toffee,Weekly_Pass,2026-07-09,OTP_Failed,2.0,7.0,1.0,1
013,Toffee,Weekly_Pass,2026-06-13,Success,9.0,72.0,3.0,0
015,Toffee,Daily_Pass,2026-06-14,Success,20.0,77.0,5.0,0
018,Bioscope,Weekly_Pass,2026-07-06,OTP_Failed,2.0,7.0,1.0,1
018,Bioscope,Weekly_Pass,2026-07-07,Success,8.0,62.0,4.0,0
017,Bioscope,WC_Premium,2026-06-23,Success,9.0,58.0,5.0,0
018,Bioscope,WC_Premium,2026-06-21,Success,3.0,102.0,,0
018,Toffee,Weekly_Pass,2026-06-17,OTP_Failed,0.0,0.0,,0
017,Toffee,Daily_Pass,2026-06-12,Success,1.0,110.0,,0
017,Toffee,Daily_Pass,2026-07-05,Success,0.0,66.0,5.0,0
018,Bioscope,Daily_Pass,2026-07-07,OTP_Failed,2.0,0.0,1.0,0
019,Bioscope,Daily_Pass,2026-07-01,Success,17.0,79.0,4.0,0
018,Bioscope,WC_Premium,2026-06-14,Success,4.0,59.0,4.0,0
017,Toffee,WC_Premium,2026-06-19,OTP_Failed,1.0,14.0,,0
016,Toffee,Weekly_Pass,2026-06-19,OTP_Failed,2.0,9.0,1.0,0
017,Other_Partner,Daily_Pass,2026-06-12,Success,4.0,89.0,,0
013,Toffee,Daily_Pass,2026-07-05,OTP_Failed,1.0,2.0,1.0,1
017,Bioscope,WC_Premium,2026-06-11,Success,17.0,103.0,5.0,0
017,Toffee,WC_Premium,2026-06-11,OTP_Failed,4.0,2.0,1.0,1
017,Toffee,Daily_Pass,2026-06-16,Success,1.0,60.0,4.0,0
013,Bioscope,Weekly_Pass,2026-06-23,Success,9.0,77.0,,0
017,Toffee,Daily_Pass,2026-06-27,Success,4.0,66.0,5.0,0
013,Bioscope,Daily_Pass,2026-06-26,Stuck_at_Number_Screen,2.0,0.0,1.0,1
018,Bioscope,Daily_Pass,2026-06-16,Success,2.0,85.0,5.0,0
018,Bioscope,Weekly_Pass,2026-07-02,Buffer_Timeout,1.0,4.0,1.0,0
013,Bioscope,Daily_Pass,2026-06-21,Buffer_Timeout,0.0,10.0,2.0,0
019,Bioscope,Daily_Pass,2026-06-19,Buffer_Timeout,2.0,10.0,2.0,0
017,Toffee,Daily_Pass,2026-06-17,Success,26.0,92.0,2.0,0
018,Bioscope,Daily_Pass,2026-06-12,OTP_Failed,1.0,7.0,1.0,1
017,Bioscope,Weekly_Pass,2026-06-11,Success,21.0,83.0,1.0,1
017,Toffee,Daily_Pass,2026-06-29,Success,4.0,27.0,5.0,0
018,Other_Partner,WC_Premium,2026-06-26,Success,2.0,91.0,3.0,0
018,Bioscope,Daily_Pass,2026-06-12,Success,1.0,97.0,,0
019,Bioscope,Daily_Pass,2026-07-09,Stuck_at_Number_Screen,3.0,6.0,2.0,1
018,Bioscope,Daily_Pass,2026-06-18,Buffer_Timeout,3.0,15.0,1.0,1
015,Toffee,Daily_Pass,2026-07-06,Success,1.0,94.0,,0
017,Bioscope,Daily_Pass,2026-06-21,Success,1.0,63.0,,0
017,Toffee,Daily_Pass,2026-06-20,Buffer_Timeout,4.0,11.0,,0
017,Toffee,WC_Premium,2026-06-14,Success,20.0,108.0,4.0,0
017,Bioscope,Weekly_Pass,2026-06-29,Buffer_Timeout,0.0,7.0,,0
018,Bioscope,WC_Premium,2026-06-12,Buffer_Timeout,4.0,5.0,1.0,0
018,Toffee,Daily_Pass,2026-06-27,Success,2.0,101.0,4.0,0
017,Bioscope,Weekly_Pass,2026-07-03,OTP_Failed,3.0,4.0,1.0,1
014,Other_Partner,Daily_Pass,2026-06-12,OTP_Failed,0.0,0.0,2.0,1
019,Bioscope,WC_Premium,2026-06-11,OTP_Failed,2.0,0.0,1.0,1
017,Bioscope,WC_Premium,2026-07-02,Success,1.0,87.0,4.0,0
017,Bioscope,WC_Premium,2026-06-30,OTP_Failed,2.0,0.0,2.0,1
017,Toffee,Daily_Pass,2026-06-23,Success,23.0,100.0,1.0,1
017,Toffee,Daily_Pass,2026-06-13,OTP_Failed,5.0,0.0,1.0,1
017,Bioscope,Daily_Pass,2026-07-09,Success,2.0,73.0,,0
018,Toffee,Daily_Pass,2026-06-28,Success,15.0,71.0,5.0,0
017,Bioscope,Daily_Pass,2026-06-16,Stuck_at_Number_Screen,2.0,7.0,2.0,1
013,Bioscope,Daily_Pass,2026-06-24,Success,10.0,113.0,,0
015,Bioscope,Daily_Pass,2026-06-14,Success,5.0,68.0,,0
016,Toffee,Weekly_Pass,2026-07-06,Success,12.0,115.0,5.0,0
014,Toffee,Weekly_Pass,2026-06-22,Success,4.0,116.0,5.0,0
017,Toffee,WC_Premium,2026-07-09,Success,3.0,97.0,4.0,0
013,Bioscope,Daily_Pass,2026-06-16,Success,0.0,80.0,5.0,0
018,Toffee,Daily_Pass,2026-06-30,Success,0.0,83.0,4.0,0
017,Bioscope,Weekly_Pass,2026-07-06,Success,4.0,71.0,3.0,0
017,Toffee,Weekly_Pass,2026-07-08,Success,7.0,71.0,4.0,0
016,Bioscope,Daily_Pass,2026-06-19,Success,11.0,76.0,4.0,0
018,Toffee,WC_Premium,2026-06-16,OTP_Failed,0.0,8.0,2.0,0
013,Bioscope,Daily_Pass,2026-06-16,Success,24.0,82.0,1.0,0
018,Toffee,Daily_Pass,2026-07-05,Stuck_at_Number_Screen,4.0,7.0,1.0,1
013,Toffee,Weekly_Pass,2026-06-22,Success,0.0,69.0,4.0,0
017,Other_Partner,Daily_Pass,2026-06-14,Success,2.0,53.0,3.0,0
017,Toffee,Weekly_Pass,2026-06-18,Stuck_at_Number_Screen,0.0,3.0,1.0,1
017,Bioscope,Daily_Pass,2026-06-22,Success,5.0,54.0,3.0,0
017,Other_Partner,Daily_Pass,2026-06-14,Success,2.0,68.0,4.0,0
015,Bioscope,WC_Premium,2026-07-08,Success,6.0,119.0,5.0,0
018,Bioscope,Daily_Pass,2026-06-17,Success,6.0,89.0,4.0,0
016,Toffee,Weekly_Pass,2026-06-19,Success,3.0,87.0,5.0,0
017,Toffee,Daily_Pass,2026-06-13,OTP_Failed,5.0,10.0,1.0,1
013,Toffee,Weekly_Pass,2026-07-01,OTP_Failed,4.0,3.0,2.0,1
017,Toffee,Daily_Pass,2026-06-11,Success,10.0,84.0,3.0,0
017,Toffee,WC_Premium,2026-06-30,OTP_Failed,7.0,2.0,,1
017,Toffee,WC_Premium,2026-06-29,OTP_Failed,3.0,7.0,1.0,1
019,Bioscope,Daily_Pass,2026-06-26,Success,33.0,85.0,,1
016,Other_Partner,Daily_Pass,2026-06-13,Success,5.0,86.0,4.0,0
018,Toffee,WC_Premium,2026-06-16,OTP_Failed,2.0,1.0,,1
018,Toffee,WC_Premium,2026-06-16,Success,15.0,104.0,,0
014,Toffee,Weekly_Pass,2026-07-09,OTP_Failed,0.0,6.0,1.0,1
017,Toffee,Weekly_Pass,2026-06-28,Success,47.0,39.0,1.0,0
017,Bioscope,WC_Premium,2026-07-02,Success,4.0,83.0,4.0,0
017,Toffee,Daily_Pass,2026-06-12,Success,8.0,67.0,4.0,0
019,Toffee,Weekly_Pass,2026-06-24,Buffer_Timeout,0.0,10.0,,0
015,Bioscope,Weekly_Pass,2026-07-06,Stuck_at_Number_Screen,0.0,10.0,1.0,1
017,Bioscope,WC_Premium,2026-06-12,Success,6.0,96.0,4.0,0
019,Bioscope,Daily_Pass,2026-06-19,Success,16.0,88.0,4.0,0
019,Bioscope,Weekly_Pass,2026-07-04,Success,7.0,63.0,4.0,0
017,Toffee,Weekly_Pass,2026-07-03,OTP_Failed,7.0,1.0,,1
013,Toffee,WC_Premium,2026-06-11,Success,3.0,90.0,5.0,0
013,Toffee,Weekly_Pass,2026-07-08,OTP_Failed,1.0,2.0,1.0,1
015,Toffee,WC_Premium,2026-06-29,Stuck_at_Number_Screen,1.0,0.0,1.0,1
017,Other_Partner,WC_Premium,2026-06-19,Success,0.0,106.0,4.0,0
019,Bioscope,Weekly_Pass,2026-06-17,OTP_Failed,1.0,7.0,2.0,1
017,Toffee,Daily_Pass,2026-06-16,OTP_Failed,3.0,4.0,,1
016,Toffee,Weekly_Pass,2026-07-03,Success,1.0,89.0,,0
013,Toffee,WC_Premium,2026-07-05,OTP_Failed,1.0,2.0,2.0,1
018,Bioscope,Daily_Pass,2026-06-23,Success,9.0,80.0,5.0,1
019,Toffee,Weekly_Pass,2026-06-19,OTP_Failed,0.0,10.0,1.0,1
019,Toffee,Daily_Pass,2026-07-06,Success,4.0,58.0,4.0,0
019,Bioscope,Daily_Pass,2026-07-05,Success,1.0,122.0,4.0,0
017,Toffee,Weekly_Pass,2026-06-20,Buffer_Timeout,3.0,0.0,,0
016,Toffee,Weekly_Pass,2026-06-16,OTP_Failed,1.0,4.0,2.0,0
017,Toffee,Weekly_Pass,2026-06-24,OTP_Failed,2.0,4.0,1.0,1
013,Toffee,WC_Premium,2026-06-27,Success,4.0,89.0,5.0,0
018,Toffee,Daily_Pass,2026-07-08,Success,0.0,94.0,4.0,0
013,Toffee,Daily_Pass,2026-06-14,Buffer_Timeout,3.0,2.0,2.0,1
018,Bioscope,WC_Premium,2026-06-25,Success,19.0,101.0,4.0,0
015,Bioscope,Weekly_Pass,2026-06-24,Buffer_Timeout,2.0,8.0,1.0,0
017,Bioscope,Daily_Pass,2026-07-04,Success,5.0,115.0,5.0,0
016,Bioscope,WC_Premium,2026-06-23,Success,5.0,98.0,4.0,0
013,Toffee,WC_Premium,2026-07-07,Success,8.0,80.0,5.0,0
017,Bioscope,Weekly_Pass,2026-06-15,Success,13.0,66.0,,0
017,Toffee,WC_Premium,2026-06-11,OTP_Failed,1.0,2.0,2.0,1
014,Toffee,Daily_Pass,2026-06-16,Buffer_Timeout,4.0,4.0,1.0,0
019,Toffee,Daily_Pass,2026-06-11,Success,6.0,92.0,4.0,0
014,Toffee,WC_Premium,2026-06-27,Success,3.0,84.0,4.0,0
015,Other_Partner,Weekly_Pass,2026-06-24,Success,1.0,86.0,5.0,0
017,Toffee,Daily_Pass,2026-06-27,OTP_Failed,0.0,8.0,1.0,1
013,Toffee,Weekly_Pass,2026-06-24,Success,0.0,105.0,4.0,0
016,Toffee,Weekly_Pass,2026-06-26,Success,26.0,124.0,1.0,1
018,Toffee,Daily_Pass,2026-06-17,Success,15.0,88.0,,0
013,Toffee,Weekly_Pass,2026-06-20,OTP_Failed,0.0,4.0,,0
013,Toffee,Daily_Pass,2026-07-07,Success,2.0,98.0,3.0,0
018,Toffee,Daily_Pass,2026-06-25,OTP_Failed,5.0,7.0,1.0,1
018,Bioscope,Weekly_Pass,2026-06-22,Success,3.0,82.0,5.0,1
017,Toffee,Daily_Pass,2026-07-03,Stuck_at_Number_Screen,1.0,7.0,1.0,1
018,Toffee,Daily_Pass,2026-06-18,Success,12.0,130.0,4.0,0
018,Bioscope,WC_Premium,2026-06-26,Success,10.0,82.0,4.0,0
018,Other_Partner,Weekly_Pass,2026-06-16,Success,3.0,63.0,4.0,0
017,Toffee,Weekly_Pass,2026-06-21,OTP_Failed,1.0,4.0,1.0,0
016,Toffee,Daily_Pass,2026-07-06,Success,4.0,62.0,5.0,0
017,Other_Partner,Daily_Pass,2026-06-16,Buffer_Timeout,4.0,1.0,1.0,0
013,Toffee,Weekly_Pass,2026-07-10,OTP_Failed,1.0,5.0,,1
019,Bioscope,Daily_Pass,2026-07-02,Success,24.0,71.0,2.0,0
018,Toffee,Weekly_Pass,2026-06-11,OTP_Failed,1.0,11.0,1.0,1
017,Other_Partner,Weekly_Pass,2026-06-28,Success,0.0,80.0,5.0,1
016,Other_Partner,Weekly_Pass,2026-07-08,OTP_Failed,3.0,10.0,1.0,1
018,Bioscope,Daily_Pass,2026-06-13,Buffer_Timeout,3.0,0.0,1.0,1
019,Toffee,Daily_Pass,2026-06-18,OTP_Failed,1.0,0.0,1.0,1
016,Toffee,WC_Premium,2026-06-18,Success,14.0,85.0,,0
018,Toffee,WC_Premium,2026-06-11,OTP_Failed,0.0,0.0,2.0,0
018,Bioscope,Weekly_Pass,2026-06-15,OTP_Failed,0.0,0.0,1.0,1
017,Other_Partner,WC_Premium,2026-06-14,Success,4.0,93.0,4.0,0
017,Toffee,Weekly_Pass,2026-06-11,Success,5.0,65.0,4.0,0
013,Bioscope,Daily_Pass,2026-06-26,Buffer_Timeout,1.0,9.0,1.0,0
018,Toffee,Daily_Pass,2026-06-16,Success,0.0,97.0,3.0,0
018,Toffee,Daily_Pass,2026-06-23,OTP_Failed,1.0,7.0,,1
017,Bioscope,Weekly_Pass,2026-06-17,Success,0.0,109.0,3.0,0
017,Toffee,Weekly_Pass,2026-06-22,OTP_Failed,2.0,7.0,1.0,1
018,Toffee,WC_Premium,2026-06-27,Success,2.0,80.0,,0
017,Toffee,WC_Premium,2026-07-09,Stuck_at_Number_Screen,1.0,8.0,,1
016,Bioscope,WC_Premium,2026-06-27,Success,7.0,83.0,4.0,0
017,Bioscope,WC_Premium,2026-06-26,Stuck_at_Number_Screen,1.0,5.0,1.0,1
018,Other_Partner,WC_Premium,2026-06-21,Success,3.0,90.0,5.0,0
014,Bioscope,Daily_Pass,2026-07-02,OTP_Failed,0.0,0.0,1.0,1
017,Bioscope,Daily_Pass,2026-06-24,Success,8.0,109.0,5.0,0
018,Toffee,Weekly_Pass,2026-07-10,Success,15.0,108.0,,0
017,Other_Partner,Weekly_Pass,2026-06-29,Success,5.0,77.0,,0
018,Bioscope,Daily_Pass,2026-07-01,Buffer_Timeout,0.0,0.0,1.0,0
018,Bioscope,WC_Premium,2026-06-21,Stuck_at_Number_Screen,1.0,5.0,1.0,1
013,Bioscope,WC_Premium,2026-07-02,Success,5.0,111.0,5.0,0
018,Bioscope,Weekly_Pass,2026-06-29,Buffer_Timeout,1.0,0.0,1.0,0
019,Toffee,Weekly_Pass,2026-07-08,OTP_Failed,1.0,0.0,1.0,1
017,Toffee,WC_Premium,2026-07-06,Success,12.0,121.0,4.0,0
017,Bioscope,Daily_Pass,2026-06-29,OTP_Failed,0.0,0.0,2.0,0
019,Bioscope,Daily_Pass,2026-06-25,Success,2.0,79.0,4.0,0
018,Bioscope,WC_Premium,2026-06-15,Success,7.0,103.0,5.0,1
019,Toffee,WC_Premium,2026-06-22,Stuck_at_Number_Screen,2.0,11.0,1.0,1
018,Toffee,Weekly_Pass,2026-06-23,Success,0.0,111.0,,0
019,Bioscope,WC_Premium,2026-07-03,Success,1.0,72.0,,0
013,Bioscope,Daily_Pass,2026-07-07,Stuck_at_Number_Screen,2.0,6.0,,1
016,Bioscope,Weekly_Pass,2026-06-27,Buffer_Timeout,0.0,8.0,1.0,0
014,Toffee,Weekly_Pass,2026-06-27,Success,4.0,97.0,,0
018,Other_Partner,Daily_Pass,2026-06-21,Success,4.0,150.0,4.0,0
017,Bioscope,Daily_Pass,2026-06-19,OTP_Failed,3.0,0.0,2.0,1
017,Bioscope,WC_Premium,2026-07-06,Stuck_at_Number_Screen,3.0,8.0,1.0,1
017,Toffee,Daily_Pass,2026-07-09,Buffer_Timeout,0.0,0.0,1.0,0
017,Toffee,Daily_Pass,2026-06-26,Success,12.0,95.0,,0
017,Bioscope,Weekly_Pass,2026-06-18,OTP_Failed,1.0,0.0,1.0,1
018,Toffee,Daily_Pass,2026-06-18,Success,5.0,111.0,,0
018,Bioscope,WC_Premium,2026-07-02,Stuck_at_Number_Screen,2.0,10.0,1.0,1
013,Toffee,Daily_Pass,2026-06-20,Success,7.0,82.0,5.0,0
018,Bioscope,Weekly_Pass,2026-06-17,Buffer_Timeout,0.0,5.0,1.0,0
017,Toffee,Daily_Pass,2026-07-08,Success,6.0,116.0,4.0,0
017,Toffee,WC_Premium,2026-06-16,OTP_Failed,1.0,6.0,1.0,0
017,Other_Partner,Weekly_Pass,2026-06-29,Success,33.0,90.0,1.0,0
018,Bioscope,Daily_Pass,2026-06-23,Success,2.0,46.0,4.0,1
017,Toffee,WC_Premium,2026-07-03,OTP_Failed,0.0,2.0,1.0,1
017,Toffee,Daily_Pass,2026-07-03,Success,3.0,55.0,4.0,0
013,Other_Partner,Weekly_Pass,2026-06-16,Success,9.0,59.0,4.0,0
019,Toffee,WC_Premium,2026-06-13,Success,3.0,95.0,,0
017,Bioscope,Weekly_Pass,2026-06-21,Success,7.0,93.0,3.0,1
018,Toffee,WC_Premium,2026-06-28,Success,14.0,85.0,5.0,0
016,Bioscope,Daily_Pass,2026-06-11,Success,14.0,97.0,4.0,0
019,Bioscope,Daily_Pass,2026-06-19,Stuck_at_Number_Screen,0.0,5.0,1.0,1
014,Bioscope,Daily_Pass,2026-06-23,Stuck_at_Number_Screen,1.0,3.0,2.0,1
017,Toffee,WC_Premium,2026-06-17,Success,6.0,98.0,4.0,0
017,Bioscope,WC_Premium,2026-06-15,Success,2.0,127.0,3.0,0
019,Toffee,Daily_Pass,2026-07-01,OTP_Failed,1.0,0.0,1.0,1
018,Other_Partner,Daily_Pass,2026-06-14,Success,4.0,120.0,,0
018,Toffee,Daily_Pass,2026-06-24,Success,15.0,62.0,,0
016,Bioscope,Daily_Pass,2026-07-05,Success,5.0,87.0,5.0,0
016,Toffee,Daily_Pass,2026-06-14,Success,15.0,65.0,,0
014,Bioscope,WC_Premium,2026-06-25,Success,8.0,104.0,5.0,0
015,Toffee,WC_Premium,2026-07-03,OTP_Failed,0.0,0.0,2.0,1
016,Toffee,WC_Premium,2026-07-09,Success,2.0,58.0,4.0,0
017,Toffee,Weekly_Pass,2026-07-04,Buffer_Timeout,1.0,7.0,,0
019,Toffee,WC_Premium,2026-06-20,Stuck_at_Number_Screen,2.0,8.0,1.0,1
017,Toffee,WC_Premium,2026-07-01,OTP_Failed,1.0,6.0,1.0,1
017,Toffee,Weekly_Pass,2026-07-06,Success,16.0,100.0,4.0,0
019,Bioscope,Daily_Pass,2026-06-19,Success,2.0,50.0,4.0,0
017,Toffee,Daily_Pass,2026-06-21,Success,21.0,88.0,,0
017,Bioscope,Weekly_Pass,2026-07-07,Success,6.0,24.0,4.0,0
017,Toffee,WC_Premium,2026-06-26,Buffer_Timeout,1.0,5.0,1.0,0
019,Bioscope,Weekly_Pass,2026-06-26,Success,8.0,91.0,4.0,0
018,Toffee,WC_Premium,2026-06-15,OTP_Failed,2.0,9.0,1.0,1
016,Other_Partner,Daily_Pass,2026-06-19,Success,3.0,97.0,4.0,0
017,Bioscope,WC_Premium,2026-06-20,Stuck_at_Number_Screen,3.0,14.0,1.0,1
019,Toffee,WC_Premium,2026-06-21,Success,23.0,97.0,1.0,1
019,Bioscope,Weekly_Pass,2026-06-21,OTP_Failed,0.0,8.0,1.0,1
017,Toffee,WC_Premium,2026-06-19,Buffer_Timeout,1.0,0.0,1.0,0
013,Bioscope,Weekly_Pass,2026-06-20,Success,20.0,98.0,,0
017,Toffee,Daily_Pass,2026-06-13,Success,0.0,80.0,5.0,0
015,Toffee,Daily_Pass,2026-06-27,Success,5.0,78.0,5.0,0
018,Toffee,Weekly_Pass,2026-06-27,Success,11.0,104.0,,0
014,Bioscope,WC_Premium,2026-06-22,Success,19.0,59.0,3.0,0
017,Toffee,Daily_Pass,2026-06-16,Success,7.0,91.0,4.0,0
019,Bioscope,Weekly_Pass,2026-06-26,Success,35.0,84.0,2.0,1
019,Bioscope,WC_Premium,2026-07-05,Stuck_at_Number_Screen,4.0,9.0,1.0,1
016,Toffee,Daily_Pass,2026-06-17,Success,11.0,105.0,4.0,0
015,Bioscope,Daily_Pass,2026-07-07,Stuck_at_Number_Screen,3.0,4.0,2.0,1
013,Bioscope,Daily_Pass,2026-06-28,Success,0.0,68.0,3.0,0
017,Other_Partner,Daily_Pass,2026-07-02,OTP_Failed,1.0,10.0,,0
016,Bioscope,Daily_Pass,2026-07-05,Success,8.0,88.0,4.0,0
016,Bioscope,Daily_Pass,2026-06-29,OTP_Failed,3.0,11.0,1.0,1
018,Bioscope,Daily_Pass,2026-07-10,Success,5.0,95.0,3.0,0
017,Toffee,Weekly_Pass,2026-07-02,Success,7.0,88.0,5.0,0
018,Toffee,Weekly_Pass,2026-07-03,Buffer_Timeout,3.0,3.0,1.0,0
017,Toffee,WC_Premium,2026-06-22,Stuck_at_Number_Screen,1.0,7.0,1.0,1
013,Toffee,Weekly_Pass,2026-06-12,Success,1.0,61.0,4.0,0
018,Toffee,WC_Premium,2026-07-09,Buffer_Timeout,1.0,1.0,,0
016,Other_Partner,WC_Premium,2026-07-09,Success,3.0,111.0,4.0,0
017,Toffee,WC_Premium,2026-06-24,Success,2.0,64.0,3.0,0
013,Bioscope,Daily_Pass,2026-06-19,Stuck_at_Number_Screen,0.0,9.0,1.0,1
017,Bioscope,WC_Premium,2026-06-23,Success,8.0,119.0,4.0,0
017,Toffee,WC_Premium,2026-06-20,Success,2.0,78.0,,0
019,Toffee,Daily_Pass,2026-07-06,Success,6.0,121.0,4.0,0
014,Bioscope,Daily_Pass,2026-07-07,Success,1.0,134.0,,0
013,Bioscope,Weekly_Pass,2026-07-09,Success,14.0,79.0,3.0,0
019,Other_Partner,Daily_Pass,2026-06-15,Success,10.0,89.0,4.0,0
019,Toffee,Daily_Pass,2026-07-02,Buffer_Timeout,1.0,2.0,1.0,1
019,Bioscope,Weekly_Pass,2026-07-07,Success,4.0,94.0,4.0,1
017,Toffee,Weekly_Pass,2026-07-09,Success,2.0,96.0,,0
015,Bioscope,WC_Premium,2026-06-23,Stuck_at_Number_Screen,0.0,2.0,1.0,1
013,Bioscope,Weekly_Pass,2026-06-28,Success,0.0,73.0,4.0,0
017,Toffee,Weekly_Pass,2026-06-17,Success,12.0,99.0,,0
017,Toffee,Daily_Pass,2026-06-23,Buffer_Timeout,3.0,3.0,,0
018,Toffee,Weekly_Pass,2026-07-09,Buffer_Timeout,8.0,3.0,1.0,0
017,Toffee,Weekly_Pass,2026-06-23,Success,2.0,99.0,,0
017,Bioscope,WC_Premium,2026-06-26,Buffer_Timeout,2.0,3.0,,0
017,Toffee,Daily_Pass,2026-06-26,Stuck_at_Number_Screen,0.0,1.0,2.0,1
019,Bioscope,Weekly_Pass,2026-06-14,OTP_Failed,2.0,1.0,,0
019,Toffee,Weekly_Pass,2026-07-01,Success,11.0,118.0,,0
017,Bioscope,WC_Premium,2026-07-08,Success,6.0,95.0,4.0,0
019,Bioscope,WC_Premium,2026-06-22,Success,6.0,90.0,4.0,0
019,Bioscope,Daily_Pass,2026-07-03,OTP_Failed,0.0,4.0,2.0,1
019,Bioscope,Weekly_Pass,2026-06-16,Stuck_at_Number_Screen,2.0,4.0,1.0,1
017,Toffee,WC_Premium,2026-07-01,OTP_Failed,0.0,0.0,1.0,0
016,Bioscope,WC_Premium,2026-06-13,Success,4.0,63.0,5.0,0
014,Toffee,Weekly_Pass,2026-07-09,Success,4.0,119.0,4.0,0
016,Toffee,Daily_Pass,2026-07-02,Success,4.0,61.0,5.0,0
017,Toffee,Daily_Pass,2026-07-08,OTP_Failed,1.0,2.0,1.0,1
018,Bioscope,Weekly_Pass,2026-07-02,Success,0.0,82.0,4.0,0
018,Bioscope,Weekly_Pass,2026-07-10,OTP_Failed,0.0,2.0,2.0,1
018,Bioscope,Daily_Pass,2026-06-23,Stuck_at_Number_Screen,2.0,0.0,2.0,0
017,Toffee,Daily_Pass,2026-07-02,Success,8.0,106.0,3.0,0
017,Toffee,Weekly_Pass,2026-06-21,Success,5.0,60.0,4.0,0
019,Other_Partner,WC_Premium,2026-06-21,Success,2.0,134.0,4.0,0
019,Bioscope,WC_Premium,2026-06-11,Buffer_Timeout,0.0,0.0,1.0,1
017,Toffee,Weekly_Pass,2026-06-28,Success,5.0,114.0,4.0,0
015,Bioscope,WC_Premium,2026-06-23,Success,17.0,122.0,4.0,0
017,Toffee,Daily_Pass,2026-06-19,OTP_Failed,3.0,0.0,1.0,1
016,Toffee,Weekly_Pass,2026-07-05,Success,26.0,92.0,1.0,0
019,Toffee,Daily_Pass,2026-07-05,Success,1.0,98.0,4.0,1
019,Toffee,WC_Premium,2026-07-07,OTP_Failed,0.0,6.0,1.0,1
014,Toffee,WC_Premium,2026-06-23,OTP_Failed,1.0,7.0,1.0,1
017,Bioscope,WC_Premium,2026-06-15,Success,5.0,74.0,,0
019,Bioscope,Weekly_Pass,2026-06-15,Success,15.0,108.0,3.0,0
017,Toffee,WC_Premium,2026-06-14,OTP_Failed,0.0,1.0,,0
016,Bioscope,WC_Premium,2026-06-18,Stuck_at_Number_Screen,1.0,2.0,1.0,1
016,Other_Partner,Daily_Pass,2026-06-18,Success,6.0,69.0,3.0,0
016,Toffee,WC_Premium,2026-06-12,OTP_Failed,0.0,9.0,2.0,1
017,Bioscope,Daily_Pass,2026-06-22,Buffer_Timeout,0.0,8.0,1.0,1
019,Bioscope,WC_Premium,2026-06-21,Success,1.0,70.0,5.0,0
017,Toffee,Daily_Pass,2026-06-19,Success,2.0,82.0,4.0,0
017,Toffee,Daily_Pass,2026-06-27,OTP_Failed,3.0,12.0,1.0,1
016,Toffee,WC_Premium,2026-06-14,Success,2.0,55.0,5.0,0
018,Bioscope,Daily_Pass,2026-06-29,Stuck_at_Number_Screen,1.0,15.0,1.0,1
019,Toffee,Daily_Pass,2026-06-12,Stuck_at_Number_Screen,2.0,1.0,1.0,1
013,Bioscope,Weekly_Pass,2026-07-10,Stuck_at_Number_Screen,1.0,3.0,2.0,1
017,Bioscope,WC_Premium,2026-07-06,Success,1.0,90.0,4.0,0
019,Toffee,Daily_Pass,2026-06-27,Stuck_at_Number_Screen,1.0,0.0,,1
018,Bioscope,WC_Premium,2026-07-05,Success,2.0,103.0,4.0,0
017,Bioscope,WC_Premium,2026-06-15,Success,10.0,74.0,4.0,0
016,Toffee,Weekly_Pass,2026-06-30,Success,25.0,75.0,1.0,0
018,Other_Partner,Weekly_Pass,2026-06-27,Buffer_Timeout,3.0,15.0,,0
018,Toffee,Daily_Pass,2026-06-21,Success,5.0,85.0,5.0,0
018,Toffee,Daily_Pass,2026-07-06,Stuck_at_Number_Screen,5.0,6.0,1.0,1
019,Toffee,Daily_Pass,2026-06-26,Success,2.0,88.0,5.0,0
019,Bioscope,Daily_Pass,2026-06-26,Stuck_at_Number_Screen,2.0,10.0,1.0,1
016,Bioscope,Daily_Pass,2026-06-16,Success,14.0,117.0,4.0,0
017,Toffee,Daily_Pass,2026-06-16,Success,15.0,94.0,5.0,0
019,Toffee,WC_Premium,2026-06-17,Buffer_Timeout,1.0,15.0,1.0,0
016,Toffee,Weekly_Pass,2026-07-03,Success,16.0,113.0,5.0,0
016,Bioscope,WC_Premium,2026-06-28,Success,51.0,111.0,1.0,0
013,Bioscope,Daily_Pass,2026-06-24,Buffer_Timeout,2.0,1.0,1.0,1
019,Bioscope,Daily_Pass,2026-07-02,Stuck_at_Number_Screen,2.0,15.0,2.0,1
016,Bioscope,Weekly_Pass,2026-06-13,Success,5.0,70.0,4.0,0
017,Bioscope,Daily_Pass,2026-06-28,OTP_Failed,1.0,10.0,1.0,1
013,Toffee,WC_Premium,2026-06-30,OTP_Failed,4.0,6.0,1.0,1
019,Toffee,Weekly_Pass,2026-06-24,Success,20.0,81.0,5.0,0
017,Bioscope,Weekly_Pass,2026-06-17,Success,10.0,122.0,3.0,0
015,Bioscope,Daily_Pass,2026-06-21,Success,2.0,92.0,4.0,0
016,Toffee,Daily_Pass,2026-06-25,Success,6.0,98.0,4.0,0
018,Other_Partner,Weekly_Pass,2026-06-25,Success,14.0,55.0,5.0,0
017,Bioscope,Daily_Pass,2026-06-15,Success,11.0,110.0,5.0,0
017,Toffee,Daily_Pass,2026-07-10,Success,69.0,98.0,,0
014,Bioscope,Weekly_Pass,2026-06-24,Success,26.0,83.0,2.0,0
017,Other_Partner,Daily_Pass,2026-07-03,Success,3.0,98.0,5.0,0
019,Toffee,WC_Premium,2026-07-06,Success,2.0,102.0,5.0,0
013,Bioscope,Daily_Pass,2026-06-14,Stuck_at_Number_Screen,4.0,6.0,1.0,0
017,Toffee,Daily_Pass,2026-06-27,Stuck_at_Number_Screen,1.0,2.0,,1
017,Toffee,Daily_Pass,2026-07-02,Success,11.0,105.0,3.0,0
018,Bioscope,Daily_Pass,2026-07-04,Success,1.0,96.0,5.0,0
015,Toffee,Daily_Pass,2026-07-07,OTP_Failed,0.0,0.0,1.0,1
013,Toffee,Daily_Pass,2026-06-27,Buffer_Timeout,1.0,14.0,,0
013,Toffee,Daily_Pass,2026-07-03,Success,1.0,113.0,5.0,1
017,Toffee,Daily_Pass,2026-06-17,Success,2.0,114.0,,0
018,Toffee,WC_Premium,2026-07-09,Success,9.0,94.0,5.0,0
013,Bioscope,WC_Premium,2026-06-11,OTP_Failed,0.0,8.0,,1
019,Toffee,Daily_Pass,2026-06-28,Buffer_Timeout,0.0,4.0,2.0,0
018,Bioscope,Daily_Pass,2026-07-06,Stuck_at_Number_Screen,5.0,6.0,1.0,0
018,Bioscope,Weekly_Pass,2026-06-28,Success,14.0,82.0,5.0,0
017,Toffee,WC_Premium,2026-07-06,OTP_Failed,0.0,4.0,,1
015,Bioscope,WC_Premium,2026-07-07,Success,22.0,92.0,1.0,0
017,Bioscope,Daily_Pass,2026-06-30,OTP_Failed,2.0,2.0,1.0,1
017,Toffee,Weekly_Pass,2026-06-12,Success,2.0,135.0,4.0,1
016,Toffee,WC_Premium,2026-06-15,Success,5.0,96.0,5.0,0
018,Bioscope,WC_Premium,2026-06-23,Success,5.0,105.0,4.0,0
013,Other_Partner,Daily_Pass,2026-06-25,Success,1.0,79.0,3.0,0
013,Toffee,Weekly_Pass,2026-06-24,OTP_Failed,0.0,10.0,1.0,1
019,Toffee,Daily_Pass,2026-07-04,OTP_Failed,2.0,5.0,2.0,1
017,Toffee,Daily_Pass,2026-06-28,Success,22.0,73.0,1.0,0
019,Toffee,Weekly_Pass,2026-07-04,Success,16.0,100.0,,0
018,Bioscope,Daily_Pass,2026-06-14,Success,18.0,120.0,5.0,0
013,Toffee,WC_Premium,2026-07-09,Success,3.0,85.0,,0
018,Toffee,WC_Premium,2026-07-03,Success,3.0,92.0,4.0,0
017,Toffee,WC_Premium,2026-06-21,Success,11.0,90.0,,0
019,Toffee,Daily_Pass,2026-07-02,OTP_Failed,3.0,6.0,1.0,1
018,Toffee,Daily_Pass,2026-06-30,OTP_Failed,1.0,6.0,,1
017,Toffee,Daily_Pass,2026-07-02,Success,1.0,124.0,,0
018,Toffee,Weekly_Pass,2026-06-22,OTP_Failed,2.0,6.0,1.0,1
015,Bioscope,Weekly_Pass,2026-07-08,Success,23.0,66.0,2.0,1
013,Other_Partner,Daily_Pass,2026-06-23,Success,15.0,92.0,4.0,0
014,Toffee,Weekly_Pass,2026-06-13,Stuck_at_Number_Screen,3.0,8.0,1.0,1
017,Bioscope,Weekly_Pass,2026-07-06,OTP_Failed,1.0,3.0,1.0,0
017,Toffee,Daily_Pass,2026-06-24,Success,2.0,121.0,,1
017,Toffee,Weekly_Pass,2026-07-09,Stuck_at_Number_Screen,2.0,2.0,1.0,1
013,Toffee,Weekly_Pass,2026-06-22,OTP_Failed,1.0,1.0,2.0,1
017,Toffee,WC_Premium,2026-06-30,Success,0.0,103.0,5.0,0
017,Bioscope,Weekly_Pass,2026-06-14,OTP_Failed,1.0,2.0,,0
014,Toffee,Daily_Pass,2026-06-22,Success,18.0,104.0,4.0,0
019,Toffee,Weekly_Pass,2026-07-09,OTP_Failed,0.0,4.0,1.0,1
016,Bioscope,WC_Premium,2026-06-19,OTP_Failed,5.0,4.0,1.0,1
017,Bioscope,Daily_Pass,2026-06-11,Buffer_Timeout,4.0,0.0,,0
017,Toffee,WC_Premium,2026-07-09,Success,10.0,90.0,4.0,0
017,Toffee,Daily_Pass,2026-07-04,Success,3.0,77.0,4.0,0
016,Toffee,Weekly_Pass,2026-06-19,Buffer_Timeout,1.0,1.0,1.0,0
014,Toffee,WC_Premium,2026-07-04,Success,4.0,118.0,4.0,0
013,Toffee,Weekly_Pass,2026-07-10,Stuck_at_Number_Screen,2.0,8.0,,1
017,Toffee,Weekly_Pass,2026-06-15,Success,2.0,81.0,3.0,0
018,Bioscope,Daily_Pass,2026-06-18,Success,11.0,64.0,4.0,0
017,Bioscope,Daily_Pass,2026-06-25,Success,7.0,50.0,,0
013,Bioscope,Weekly_Pass,2026-06-23,Stuck_at_Number_Screen,3.0,3.0,,0
018,Toffee,Weekly_Pass,2026-07-01,Success,13.0,114.0,3.0,0
016,Toffee,Daily_Pass,2026-07-03,Success,17.0,87.0,,0
017,Toffee,WC_Premium,2026-06-30,Success,10.0,78.0,,0
017,Bioscope,Daily_Pass,2026-07-06,Success,1.0,65.0,3.0,0
015,Toffee,Weekly_Pass,2026-06-25,Success,2.0,84.0,5.0,0
017,Bioscope,Weekly_Pass,2026-07-02,Success,2.0,76.0,4.0,0
017,Bioscope,Weekly_Pass,2026-06-16,Success,1.0,63.0,5.0,0
017,Bioscope,Weekly_Pass,2026-06-16,Success,7.0,81.0,3.0,0
017,Bioscope,Daily_Pass,2026-06-25,Stuck_at_Number_Screen,0.0,8.0,1.0,1
013,Other_Partner,WC_Premium,2026-06-11,Success,1.0,54.0,5.0,0
019,Bioscope,Weekly_Pass,2026-07-09,Success,32.0,89.0,1.0,0
017,Other_Partner,Weekly_Pass,2026-06-21,Success,2.0,45.0,,0
013,Toffee,Weekly_Pass,2026-07-08,Success,5.0,72.0,4.0,0
016,Toffee,Daily_Pass,2026-06-13,Stuck_at_Number_Screen,1.0,0.0,1.0,1
018,Bioscope,WC_Premium,2026-06-24,Buffer_Timeout,1.0,10.0,1.0,0
019,Other_Partner,Weekly_Pass,2026-06-27,Success,0.0,120.0,4.0,0
019,Toffee,Weekly_Pass,2026-07-05,OTP_Failed,1.0,6.0,1.0,1
017,Toffee,WC_Premium,2026-06-13,OTP_Failed,6.0,1.0,1.0,1
019,Bioscope,WC_Premium,2026-07-09,Stuck_at_Number_Screen,1.0,4.0,2.0,1
018,Bioscope,Daily_Pass,2026-07-04,Buffer_Timeout,1.0,0.0,1.0,0
015,Toffee,WC_Premium,2026-06-21,Success,6.0,110.0,4.0,0
018,Bioscope,Daily_Pass,2026-06-15,Buffer_Timeout,2.0,10.0,1.0,0
015,Other_Partner,Weekly_Pass,2026-07-08,Buffer_Timeout,1.0,8.0,1.0,0
019,Bioscope,Daily_Pass,2026-06-23,Success,29.0,92.0,1.0,1
017,Toffee,Daily_Pass,2026-07-03,Success,6.0,121.0,4.0,0
018,Toffee,Daily_Pass,2026-06-21,OTP_Failed,1.0,2.0,2.0,1
015,Toffee,Daily_Pass,2026-06-28,Success,3.0,52.0,5.0,0
019,Toffee,Daily_Pass,2026-06-25,OTP_Failed,5.0,4.0,1.0,1
017,Toffee,Weekly_Pass,2026-06-14,Success,2.0,66.0,3.0,0
016,Bioscope,Daily_Pass,2026-06-30,Success,1.0,116.0,,0
017,Toffee,WC_Premium,2026-06-21,Stuck_at_Number_Screen,3.0,2.0,1.0,1
017,Bioscope,Daily_Pass,2026-07-10,Buffer_Timeout,0.0,7.0,1.0,1
013,Other_Partner,Daily_Pass,2026-06-12,Success,1.0,125.0,,0
017,Toffee,Weekly_Pass,2026-06-20,OTP_Failed,5.0,9.0,1.0,0
019,Other_Partner,Daily_Pass,2026-07-10,Success,11.0,75.0,4.0,0
017,Bioscope,Daily_Pass,2026-06-19,Success,14.0,103.0,4.0,0
019,Bioscope,WC_Premium,2026-06-28,Success,9.0,91.0,4.0,0
017,Toffee,Daily_Pass,2026-06-27,OTP_Failed,1.0,0.0,1.0,1
017,Bioscope,WC_Premium,2026-06-15,Success,22.0,64.0,,0
017,Toffee,Daily_Pass,2026-06-18,Stuck_at_Number_Screen,1.0,9.0,2.0,1
017,Bioscope,WC_Premium,2026-07-09,OTP_Failed,1.0,10.0,1.0,1
017,Toffee,Daily_Pass,2026-07-10,Success,2.0,87.0,,0
017,Bioscope,WC_Premium,2026-06-18,OTP_Failed,1.0,0.0,1.0,1
018,Toffee,Daily_Pass,2026-06-24,Buffer_Timeout,0.0,3.0,1.0,0
017,Toffee,Daily_Pass,2026-06-15,Success,0.0,71.0,,0
013,Bioscope,Weekly_Pass,2026-06-27,Success,7.0,97.0,5.0,0
013,Bioscope,Weekly_Pass,2026-06-17,Buffer_Timeout,1.0,10.0,1.0,0
019,Toffee,Daily_Pass,2026-06-17,OTP_Failed,5.0,10.0,2.0,1
014,Toffee,Daily_Pass,2026-06-20,Buffer_Timeout,1.0,10.0,2.0,1
018,Bioscope,WC_Premium,2026-07-07,Success,5.0,88.0,5.0,0
017,Bioscope,Daily_Pass,2026-06-17,Buffer_Timeout,3.0,3.0,1.0,0
017,Toffee,Weekly_Pass,2026-07-02,OTP_Failed,4.0,5.0,2.0,1
015,Bioscope,Weekly_Pass,2026-06-22,Stuck_at_Number_Screen,0.0,4.0,2.0,1
017,Toffee,Weekly_Pass,2026-06-28,OTP_Failed,1.0,8.0,1.0,1
017,Toffee,Daily_Pass,2026-07-04,Success,15.0,108.0,5.0,0
017,Bioscope,Weekly_Pass,2026-06-27,Success,4.0,94.0,4.0,0
017,Bioscope,Daily_Pass,2026-06-21,Success,7.0,97.0,5.0,0
017,Bioscope,Daily_Pass,2026-06-27,Success,1.0,90.0,4.0,0
019,Toffee,Weekly_Pass,2026-06-17,OTP_Failed,1.0,2.0,1.0,1
017,Bioscope,WC_Premium,2026-06-26,Success,3.0,101.0,4.0,0
018,Toffee,Daily_Pass,2026-06-27,Success,5.0,41.0,,0
017,Other_Partner,Daily_Pass,2026-06-30,Success,16.0,76.0,5.0,0
017,Toffee,Weekly_Pass,2026-07-07,Success,3.0,86.0,,0
014,Toffee,Daily_Pass,2026-06-23,Success,2.0,115.0,5.0,0
017,Bioscope,Weekly_Pass,2026-06-20,Success,0.0,129.0,,0
019,Toffee,WC_Premium,2026-06-16,OTP_Failed,1.0,5.0,1.0,1
018,Bioscope,WC_Premium,2026-06-26,Stuck_at_Number_Screen,3.0,11.0,1.0,1
017,Bioscope,Daily_Pass,2026-07-01,Success,11.0,115.0,4.0,0
015,Toffee,Weekly_Pass,2026-07-05,Stuck_at_Number_Screen,2.0,0.0,1.0,1
017,Bioscope,WC_Premium,2026-07-08,Success,12.0,92.0,4.0,0
019,Toffee,Daily_Pass,2026-06-18,Buffer_Timeout,1.0,4.0,,0
017,Toffee,Weekly_Pass,2026-07-07,Buffer_Timeout,2.0,0.0,1.0,0
019,Other_Partner,Daily_Pass,2026-06-22,Success,17.0,82.0,5.0,0
017,Bioscope,Daily_Pass,2026-07-10,Success,15.0,114.0,,0
018,Toffee,WC_Premium,2026-06-22,Success,2.0,104.0,5.0,0
019,Bioscope,WC_Premium,2026-06-29,Success,7.0,64.0,4.0,0
014,Toffee,Daily_Pass,2026-06-29,OTP_Failed,0.0,0.0,2.0,1
014,Bioscope,WC_Premium,2026-07-02,Success,13.0,74.0,,0
019,Other_Partner,Weekly_Pass,2026-06-13,Success,26.0,93.0,2.0,0
019,Toffee,WC_Premium,2026-07-08,Success,14.0,91.0,4.0,0
017,Bioscope,Daily_Pass,2026-06-11,Success,3.0,53.0,4.0,0
017,Toffee,Daily_Pass,2026-06-16,Success,10.0,100.0,3.0,0
017,Toffee,Daily_Pass,2026-06-22,Success,7.0,76.0,,0
013,Other_Partner,Weekly_Pass,2026-06-11,OTP_Failed,1.0,3.0,2.0,1
013,Bioscope,Daily_Pass,2026-06-28,Success,14.0,105.0,4.0,0
018,Toffee,Daily_Pass,2026-07-05,OTP_Failed,1.0,0.0,1.0,1
017,Bioscope,WC_Premium,2026-06-12,OTP_Failed,4.0,13.0,2.0,1
016,Toffee,WC_Premium,2026-07-09,Success,4.0,114.0,3.0,0
017,Toffee,Weekly_Pass,2026-06-28,Success,7.0,101.0,5.0,0
017,Other_Partner,WC_Premium,2026-06-22,Success,5.0,82.0,4.0,0
018,Bioscope,WC_Premium,2026-06-15,Buffer_Timeout,2.0,13.0,1.0,0
019,Bioscope,Weekly_Pass,2026-06-30,Success,17.0,82.0,4.0,0
016,Toffee,Weekly_Pass,2026-06-14,Success,11.0,104.0,4.0,0
018,Bioscope,WC_Premium,2026-07-06,Stuck_at_Number_Screen,1.0,0.0,1.0,1
017,Other_Partner,Weekly_Pass,2026-06-13,Stuck_at_Number_Screen,2.0,4.0,2.0,1
018,Toffee,Daily_Pass,2026-06-14,Buffer_Timeout,0.0,0.0,,0
017,Toffee,Daily_Pass,2026-06-17,Success,10.0,55.0,4.0,0
013,Bioscope,Weekly_Pass,2026-07-09,Success,8.0,66.0,4.0,0
013,Toffee,WC_Premium,2026-07-08,OTP_Failed,0.0,5.0,,1
017,Toffee,Weekly_Pass,2026-06-29,Success,5.0,138.0,5.0,0
017,Bioscope,WC_Premium,2026-06-21,Success,3.0,83.0,4.0,0
015,Other_Partner,WC_Premium,2026-06-26,Success,3.0,100.0,4.0,0
015,Bioscope,Daily_Pass,2026-07-02,OTP_Failed,3.0,7.0,1.0,1
013,Bioscope,WC_Premium,2026-07-08,Stuck_at_Number_Screen,1.0,4.0,,1
017,Bioscope,Daily_Pass,2026-06-13,Success,8.0,41.0,4.0,0
017,Bioscope,Weekly_Pass,2026-07-02,Buffer_Timeout,9.0,6.0,1.0,1
013,Toffee,WC_Premium,2026-07-06,Success,11.0,73.0,5.0,0
014,Toffee,Weekly_Pass,2026-06-27,Success,1.0,88.0,,0
017,Toffee,WC_Premium,2026-06-25,OTP_Failed,1.0,10.0,1.0,1
019,Toffee,Daily_Pass,2026-06-13,Buffer_Timeout,2.0,5.0,1.0,0
017,Toffee,WC_Premium,2026-06-30,OTP_Failed,1.0,2.0,,0
015,Toffee,Daily_Pass,2026-06-21,OTP_Failed,0.0,0.0,2.0,1
013,Toffee,Weekly_Pass,2026-06-14,Success,5.0,103.0,4.0,0
019,Toffee,Weekly_Pass,2026-07-09,Success,3.0,97.0,,0
017,Bioscope,Weekly_Pass,2026-06-30,OTP_Failed,2.0,5.0,1.0,1
018,Toffee,Daily_Pass,2026-07-09,Success,21.0,80.0,,0
017,Bioscope,Daily_Pass,2026-06-24,Buffer_Timeout,1.0,10.0,,0
017,Toffee,Weekly_Pass,2026-06-11,Success,3.0,114.0,5.0,0
014,Bioscope,Weekly_Pass,2026-06-28,Success,1.0,101.0,,0
014,Other_Partner,Weekly_Pass,2026-06-27,Success,1.0,114.0,,0
019,Bioscope,Weekly_Pass,2026-06-25,Success,1.0,93.0,,0
018,Bioscope,WC_Premium,2026-06-30,Success,5.0,86.0,5.0,0
019,Other_Partner,WC_Premium,2026-07-05,Success,2.0,98.0,5.0,0
017,Toffee,Daily_Pass,2026-06-23,Success,2.0,88.0,5.0,0
017,Other_Partner,Daily_Pass,2026-07-04,Stuck_at_Number_Screen,0.0,5.0,1.0,1
017,Bioscope,Weekly_Pass,2026-06-11,Success,6.0,88.0,5.0,0
018,Bioscope,Daily_Pass,2026-07-04,Success,4.0,119.0,5.0,0
013,Toffee,Daily_Pass,2026-06-12,Success,1.0,88.0,5.0,0
017,Bioscope,Daily_Pass,2026-06-21,Success,2.0,89.0,5.0,0
018,Bioscope,Daily_Pass,2026-06-15,Stuck_at_Number_Screen,1.0,3.0,1.0,1
019,Bioscope,Weekly_Pass,2026-07-10,OTP_Failed,2.0,8.0,1.0,1
013,Bioscope,Daily_Pass,2026-06-25,Success,2.0,132.0,4.0,0
017,Toffee,Daily_Pass,2026-07-05,OTP_Failed,1.0,6.0,1.0,0
017,Toffee,WC_Premium,2026-06-19,Success,29.0,79.0,2.0,0
017,Toffee,WC_Premium,2026-06-11,OTP_Failed,2.0,12.0,2.0,1
017,Toffee,WC_Premium,2026-07-09,Success,16.0,81.0,5.0,0
018,Toffee,Daily_Pass,2026-06-19,Success,5.0,129.0,4.0,0
018,Toffee,Daily_Pass,2026-06-21,OTP_Failed,4.0,4.0,2.0,1
016,Toffee,Daily_Pass,2026-07-02,Success,8.0,97.0,4.0,0
013,Toffee,Daily_Pass,2026-06-22,Buffer_Timeout,1.0,9.0,,0
019,Toffee,Daily_Pass,2026-06-11,Success,10.0,81.0,4.0,0
017,Other_Partner,WC_Premium,2026-06-26,Buffer_Timeout,0.0,0.0,1.0,0
018,Bioscope,WC_Premium,2026-06-26,Success,8.0,84.0,,0
019,Bioscope,WC_Premium,2026-06-17,Success,31.0,88.0,1.0,1
017,Toffee,WC_Premium,2026-06-13,Success,3.0,62.0,5.0,0
017,Bioscope,Weekly_Pass,2026-06-15,Success,2.0,85.0,4.0,0
019,Bioscope,WC_Premium,2026-06-14,Success,3.0,109.0,,0
017,Other_Partner,WC_Premium,2026-07-10,Success,6.0,98.0,,0
016,Bioscope,Weekly_Pass,2026-07-09,Success,8.0,74.0,,0
017,Bioscope,Daily_Pass,2026-07-08,Success,1.0,110.0,4.0,0
016,Bioscope,Daily_Pass,2026-06-13,Success,8.0,64.0,4.0,0
017,Toffee,Weekly_Pass,2026-06-13,Success,8.0,86.0,4.0,0
017,Toffee,Daily_Pass,2026-06-30,OTP_Failed,4.0,1.0,1.0,1
018,Bioscope,WC_Premium,2026-06-13,Success,17.0,92.0,,0
017,Toffee,Weekly_Pass,2026-07-02,Buffer_Timeout,1.0,12.0,,0
013,Toffee,Weekly_Pass,2026-06-28,Success,17.0,126.0,4.0,0
017,Bioscope,Daily_Pass,2026-06-22,OTP_Failed,2.0,6.0,1.0,1
017,Toffee,Weekly_Pass,2026-06-27,Success,13.0,119.0,5.0,0
017,Bioscope,Weekly_Pass,2026-07-10,Success,3.0,93.0,4.0,0
017,Other_Partner,WC_Premium,2026-07-05,Success,15.0,101.0,4.0,0
014,Toffee,Daily_Pass,2026-07-03,Buffer_Timeout,0.0,9.0,2.0,1
017,Toffee,WC_Premium,2026-06-27,Stuck_at_Number_Screen,5.0,8.0,1.0,1
018,Toffee,Weekly_Pass,2026-06-18,OTP_Failed,2.0,6.0,1.0,1
017,Toffee,Weekly_Pass,2026-06-11,OTP_Failed,0.0,0.0,1.0,1
017,Toffee,WC_Premium,2026-06-27,OTP_Failed,2.0,12.0,1.0,1
014,Toffee,WC_Premium,2026-07-02,Success,0.0,94.0,3.0,0
017,Toffee,Daily_Pass,2026-07-06,OTP_Failed,0.0,12.0,1.0,1
015,Toffee,WC_Premium,2026-06-19,Success,7.0,96.0,5.0,0
017,Bioscope,Daily_Pass,2026-06-21,OTP_Failed,1.0,1.0,1.0,1
016,Bioscope,Weekly_Pass,2026-06-23,Success,13.0,55.0,5.0,1
018,Bioscope,Daily_Pass,2026-07-07,Success,3.0,97.0,5.0,0
019,Bioscope,Weekly_Pass,2026-06-13,Success,1.0,66.0,,0
018,Toffee,Weekly_Pass,2026-06-28,Success,2.0,122.0,4.0,0
018,Bioscope,Weekly_Pass,2026-06-20,OTP_Failed,4.0,3.0,1.0,1
017,Toffee,Weekly_Pass,2026-06-25,Success,3.0,78.0,5.0,0
017,Toffee,Weekly_Pass,2026-07-07,Buffer_Timeout,9.0,0.0,2.0,0
014,Bioscope,Daily_Pass,2026-07-07,Success,72.0,75.0,,0
017,Toffee,WC_Premium,2026-06-11,OTP_Failed,0.0,12.0,1.0,1
013,Toffee,Weekly_Pass,2026-06-16,Stuck_at_Number_Screen,1.0,5.0,1.0,1
019,Bioscope,Weekly_Pass,2026-07-01,Success,2.0,67.0,4.0,0
017,Other_Partner,WC_Premium,2026-06-25,OTP_Failed,5.0,10.0,1.0,0
015,Toffee,Daily_Pass,2026-07-10,Success,5.0,74.0,4.0,0
016,Toffee,Weekly_Pass,2026-07-06,Success,1.0,106.0,,0
018,Bioscope,Weekly_Pass,2026-07-09,Success,3.0,89.0,4.0,0
019,Bioscope,Daily_Pass,2026-06-17,Stuck_at_Number_Screen,1.0,1.0,1.0,1
017,Toffee,Daily_Pass,2026-07-01,Success,7.0,88.0,4.0,1
017,Bioscope,WC_Premium,2026-06-16,Success,1.0,99.0,,0
018,Other_Partner,Daily_Pass,2026-06-25,Success,6.0,93.0,4.0,0
017,Toffee,Weekly_Pass,2026-06-28,Success,2.0,94.0,5.0,0
016,Other_Partner,Weekly_Pass,2026-06-23,Success,42.0,56.0,1.0,0
014,Other_Partner,Weekly_Pass,2026-06-11,Success,5.0,77.0,4.0,0
013,Toffee,WC_Premium,2026-07-02,Success,2.0,66.0,5.0,0
017,Bioscope,WC_Premium,2026-06-28,Success,10.0,84.0,4.0,0
015,Toffee,Daily_Pass,2026-06-13,Success,3.0,47.0,4.0,0
013,Bioscope,WC_Premium,2026-06-22,Stuck_at_Number_Screen,0.0,8.0,1.0,1
018,Bioscope,WC_Premium,2026-06-11,Success,4.0,93.0,5.0,0
013,Toffee,Daily_Pass,2026-07-04,Buffer_Timeout,4.0,5.0,1.0,1
014,Bioscope,WC_Premium,2026-06-17,Success,2.0,91.0,5.0,0
018,Bioscope,WC_Premium,2026-07-06,Success,12.0,56.0,5.0,0
019,Toffee,Daily_Pass,2026-06-18,OTP_Failed,4.0,15.0,1.0,1
019,Toffee,Weekly_Pass,2026-06-25,OTP_Failed,3.0,4.0,1.0,0
017,Toffee,WC_Premium,2026-06-15,Buffer_Timeout,1.0,5.0,,0
013,Bioscope,Weekly_Pass,2026-07-02,Success,8.0,99.0,,1
019,Other_Partner,WC_Premium,2026-06-13,Success,3.0,45.0,5.0,0
013,Bioscope,Weekly_Pass,2026-06-17,Buffer_Timeout,4.0,0.0,1.0,0
019,Toffee,Weekly_Pass,2026-06-14,Success,2.0,137.0,4.0,1
014,Bioscope,Daily_Pass,2026-06-12,Success,2.0,105.0,4.0,0
018,Toffee,Weekly_Pass,2026-06-17,Success,0.0,81.0,5.0,0
016,Toffee,Weekly_Pass,2026-07-02,Success,18.0,49.0,,0
019,Toffee,WC_Premium,2026-06-11,Success,3.0,96.0,,0
019,Toffee,Weekly_Pass,2026-07-05,Buffer_Timeout,1.0,8.0,1.0,1
013,Bioscope,Daily_Pass,2026-06-21,Success,8.0,72.0,5.0,0
017,Other_Partner,Daily_Pass,2026-06-19,OTP_Failed,5.0,10.0,2.0,1
013,Bioscope,Weekly_Pass,2026-06-20,Success,21.0,123.0,2.0,0
016,Bioscope,WC_Premium,2026-06-29,Success,3.0,56.0,,0
018,Toffee,WC_Premium,2026-06-25,Success,21.0,106.0,1.0,0
016,Other_Partner,Weekly_Pass,2026-07-08,Success,16.0,106.0,5.0,0
013,Bioscope,Daily_Pass,2026-07-10,Success,2.0,104.0,4.0,0
018,Bioscope,Daily_Pass,2026-06-20,Stuck_at_Number_Screen,2.0,12.0,1.0,1
017,Toffee,Daily_Pass,2026-06-27,OTP_Failed,2.0,3.0,2.0,1
016,Bioscope,WC_Premium,2026-06-22,Success,9.0,56.0,4.0,0
018,Bioscope,Daily_Pass,2026-07-03,Success,5.0,66.0,5.0,0
017,Toffee,Weekly_Pass,2026-06-14,Success,3.0,82.0,,0
017,Bioscope,Weekly_Pass,2026-06-24,Success,10.0,73.0,4.0,0
016,Other_Partner,WC_Premium,2026-06-29,Stuck_at_Number_Screen,1.0,0.0,1.0,1
018,Toffee,WC_Premium,2026-07-04,OTP_Failed,2.0,9.0,1.0,1
017,Toffee,WC_Premium,2026-07-05,Success,5.0,85.0,3.0,0
015,Bioscope,WC_Premium,2026-06-23,Buffer_Timeout,0.0,11.0,,0
016,Toffee,WC_Premium,2026-07-04,Success,9.0,84.0,4.0,0
015,Bioscope,WC_Premium,2026-06-14,Success,3.0,90.0,4.0,0
013,Bioscope,WC_Premium,2026-06-17,Success,13.0,105.0,3.0,0
018,Toffee,WC_Premium,2026-07-08,Success,9.0,110.0,5.0,0
019,Bioscope,Weekly_Pass,2026-06-28,Buffer_Timeout,1.0,6.0,,0
018,Bioscope,Weekly_Pass,2026-06-21,Success,12.0,83.0,,0
016,Bioscope,Weekly_Pass,2026-06-23,Success,2.0,68.0,,0
017,Bioscope,Weekly_Pass,2026-06-27,Success,5.0,70.0,4.0,0
013,Bioscope,WC_Premium,2026-06-25,Success,1.0,107.0,5.0,0
017,Toffee,WC_Premium,2026-06-25,OTP_Failed,2.0,15.0,,0
017,Toffee,Weekly_Pass,2026-06-27,Buffer_Timeout,1.0,1.0,,0
017,Toffee,Daily_Pass,2026-07-06,OTP_Failed,3.0,0.0,1.0,1
017,Toffee,WC_Premium,2026-06-15,OTP_Failed,3.0,1.0,1.0,1
015,Bioscope,Daily_Pass,2026-06-19,Success,8.0,43.0,4.0,0
017,Toffee,Daily_Pass,2026-06-14,Success,7.0,83.0,,0
016,Bioscope,WC_Premium,2026-07-10,OTP_Failed,3.0,0.0,2.0,1
019,Toffee,Daily_Pass,2026-06-30,Stuck_at_Number_Screen,1.0,10.0,1.0,1
018,Toffee,Daily_Pass,2026-06-17,OTP_Failed,4.0,0.0,,1
017,Bioscope,Daily_Pass,2026-06-20,Success,8.0,85.0,5.0,0
016,Toffee,Daily_Pass,2026-06-11,OTP_Failed,2.0,8.0,1.0,1
018,Bioscope,Weekly_Pass,2026-06-12,Success,5.0,81.0,4.0,0
016,Toffee,Daily_Pass,2026-07-03,Success,11.0,96.0,5.0,0
019,Other_Partner,Weekly_Pass,2026-07-10,OTP_Failed,0.0,3.0,1.0,1
015,Bioscope,Daily_Pass,2026-06-20,Success,21.0,101.0,,0
018,Bioscope,WC_Premium,2026-06-18,Success,1.0,102.0,5.0,0
017,Toffee,Daily_Pass,2026-06-29,OTP_Failed,1.0,0.0,1.0,1
018,Toffee,Daily_Pass,2026-07-05,Success,2.0,100.0,5.0,0
017,Other_Partner,Daily_Pass,2026-06-11,Success,3.0,70.0,4.0,0
019,Bioscope,Weekly_Pass,2026-06-12,OTP_Failed,0.0,4.0,,1
017,Toffee,Weekly_Pass,2026-06-26,Success,7.0,52.0,5.0,0
017,Toffee,Weekly_Pass,2026-06-12,OTP_Failed,1.0,5.0,,1
019,Toffee,WC_Premium,2026-07-10,Success,11.0,82.0,3.0,0
018,Toffee,WC_Premium,2026-07-04,Stuck_at_Number_Screen,2.0,4.0,1.0,1
013,Bioscope,Weekly_Pass,2026-06-14,Stuck_at_Number_Screen,4.0,0.0,,1
018,Toffee,Daily_Pass,2026-06-26,Success,17.0,101.0,,0
019,Toffee,Weekly_Pass,2026-06-29,Success,0.0,109.0,,0
017,Bioscope,Daily_Pass,2026-06-18,Stuck_at_Number_Screen,6.0,6.0,2.0,1
019,Toffee,WC_Premium,2026-07-06,Success,3.0,93.0,5.0,0
017,Bioscope,Daily_Pass,2026-06-27,Success,0.0,80.0,5.0,0
019,Other_Partner,WC_Premium,2026-06-13,Success,11.0,81.0,4.0,0
019,Toffee,WC_Premium,2026-06-27,OTP_Failed,1.0,9.0,1.0,0
017,Bioscope,Weekly_Pass,2026-06-13,Success,7.0,117.0,3.0,0
013,Toffee,Weekly_Pass,2026-06-22,Success,3.0,97.0,5.0,0
017,Toffee,Weekly_Pass,2026-06-16,Buffer_Timeout,4.0,2.0,,1
016,Toffee,Daily_Pass,2026-06-24,Success,8.0,79.0,5.0,0
018,Toffee,WC_Premium,2026-07-10,OTP_Failed,1.0,0.0,,0
018,Toffee,Weekly_Pass,2026-06-18,OTP_Failed,2.0,5.0,1.0,1
017,Toffee,Daily_Pass,2026-07-10,Success,2.0,86.0,5.0,0
017,Bioscope,WC_Premium,2026-06-16,Stuck_at_Number_Screen,2.0,2.0,2.0,1
017,Bioscope,Daily_Pass,2026-06-23,Success,0.0,59.0,4.0,0
017,Other_Partner,Daily_Pass,2026-07-01,OTP_Failed,0.0,9.0,2.0,1
018,Bioscope,Weekly_Pass,2026-06-12,OTP_Failed,0.0,6.0,1.0,1
019,Toffee,Weekly_Pass,2026-06-15,Success,5.0,66.0,4.0,0
016,Toffee,Weekly_Pass,2026-07-02,Success,2.0,108.0,4.0,0
013,Toffee,Weekly_Pass,2026-07-04,OTP_Failed,0.0,6.0,1.0,1
015,Toffee,Daily_Pass,2026-06-19,OTP_Failed,2.0,3.0,,0
016,Bioscope,Weekly_Pass,2026-06-11,OTP_Failed,2.0,0.0,,1
014,Bioscope,Daily_Pass,2026-07-07,Success,5.0,82.0,4.0,0
018,Toffee,WC_Premium,2026-06-22,OTP_Failed,0.0,3.0,1.0,0
017,Toffee,Daily_Pass,2026-06-26,Success,3.0,100.0,4.0,0
017,Toffee,Daily_Pass,2026-06-28,OTP_Failed,1.0,11.0,,1
016,Toffee,WC_Premium,2026-06-25,Success,18.0,70.0,4.0,0
017,Toffee,WC_Premium,2026-06-20,Success,5.0,101.0,4.0,0
017,Bioscope,WC_Premium,2026-06-19,OTP_Failed,1.0,5.0,2.0,1
018,Toffee,Daily_Pass,2026-07-05,Success,5.0,122.0,4.0,0
018,Bioscope,Weekly_Pass,2026-07-10,Buffer_Timeout,4.0,12.0,,0
018,Toffee,Weekly_Pass,2026-06-15,OTP_Failed,4.0,1.0,2.0,1
017,Toffee,WC_Premium,2026-06-20,Stuck_at_Number_Screen,0.0,7.0,,1
013,Bioscope,Daily_Pass,2026-06-26,Success,0.0,81.0,5.0,0
018,Bioscope,Daily_Pass,2026-07-07,Success,13.0,71.0,4.0,0
015,Toffee,Weekly_Pass,2026-07-03,OTP_Failed,3.0,0.0,,0
016,Bioscope,Daily_Pass,2026-06-30,Success,2.0,85.0,5.0,0
014,Toffee,Weekly_Pass,2026-06-16,Success,7.0,78.0,,0
019,Toffee,WC_Premium,2026-06-20,OTP_Failed,5.0,15.0,,1
018,Bioscope,WC_Premium,2026-06-24,Stuck_at_Number_Screen,1.0,7.0,2.0,1
017,Bioscope,Weekly_Pass,2026-07-07,Success,6.0,103.0,4.0,0
016,Toffee,WC_Premium,2026-06-27,OTP_Failed,1.0,6.0,1.0,1
018,Toffee,Daily_Pass,2026-06-21,Success,10.0,119.0,5.0,0
018,Bioscope,Daily_Pass,2026-07-07,Success,11.0,79.0,5.0,0
018,Toffee,Weekly_Pass,2026-06-16,Success,12.0,96.0,5.0,0
018,Toffee,Daily_Pass,2026-06-24,Success,15.0,93.0,4.0,0
017,Bioscope,Daily_Pass,2026-07-06,Stuck_at_Number_Screen,7.0,14.0,1.0,0
018,Other_Partner,Daily_Pass,2026-06-29,OTP_Failed,4.0,10.0,1.0,1
017,Toffee,WC_Premium,2026-06-20,Success,4.0,104.0,5.0,0
019,Bioscope,WC_Premium,2026-07-04,OTP_Failed,2.0,10.0,1.0,1
017,Bioscope,Weekly_Pass,2026-06-23,Success,1.0,88.0,4.0,1
017,Toffee,Daily_Pass,2026-07-04,Stuck_at_Number_Screen,3.0,2.0,2.0,1
013,Bioscope,Daily_Pass,2026-07-09,OTP_Failed,2.0,8.0,1.0,1
016,Other_Partner,Daily_Pass,2026-07-07,OTP_Failed,2.0,3.0,1.0,1
013,Toffee,Daily_Pass,2026-06-17,Success,2.0,61.0,4.0,0
017,Toffee,Daily_Pass,2026-06-18,Success,24.0,96.0,,1
018,Other_Partner,Weekly_Pass,2026-06-13,Success,2.0,81.0,4.0,0
017,Bioscope,Weekly_Pass,2026-06-25,Success,8.0,95.0,5.0,0
014,Toffee,Daily_Pass,2026-07-08,Success,2.0,71.0,4.0,0
014,Bioscope,WC_Premium,2026-06-27,Success,2.0,73.0,,0
018,Bioscope,WC_Premium,2026-06-26,Stuck_at_Number_Screen,1.0,9.0,2.0,1
017,Bioscope,Weekly_Pass,2026-07-04,Success,1.0,94.0,5.0,0
016,Other_Partner,Daily_Pass,2026-06-15,Stuck_at_Number_Screen,4.0,0.0,,1
017,Toffee,WC_Premium,2026-06-21,Success,6.0,130.0,4.0,0
018,Toffee,Weekly_Pass,2026-06-21,Buffer_Timeout,1.0,9.0,1.0,1
017,Bioscope,Daily_Pass,2026-06-29,Buffer_Timeout,1.0,5.0,,0
014,Toffee,Weekly_Pass,2026-06-25,Success,27.0,97.0,1.0,0
017,Bioscope,Weekly_Pass,2026-06-24,Buffer_Timeout,3.0,5.0,2.0,0
018,Toffee,Weekly_Pass,2026-06-21,Stuck_at_Number_Screen,1.0,10.0,1.0,1
016,Toffee,Weekly_Pass,2026-06-21,Success,8.0,90.0,4.0,0
018,Toffee,Weekly_Pass,2026-06-22,Buffer_Timeout,1.0,8.0,1.0,1
017,Bioscope,WC_Premium,2026-07-04,Success,12.0,69.0,5.0,0
015,Bioscope,Weekly_Pass,2026-06-16,Success,11.0,55.0,3.0,0
018,Toffee,Daily_Pass,2026-06-11,OTP_Failed,1.0,0.0,1.0,1
018,Toffee,Daily_Pass,2026-06-22,Success,1.0,105.0,5.0,0
017,Toffee,Daily_Pass,2026-06-12,Success,5.0,99.0,5.0,0
018,Bioscope,Weekly_Pass,2026-06-14,Buffer_Timeout,0.0,0.0,1.0,0
013,Toffee,Daily_Pass,2026-06-19,Buffer_Timeout,0.0,2.0,2.0,1
017,Bioscope,Weekly_Pass,2026-06-26,Stuck_at_Number_Screen,3.0,0.0,1.0,1
017,Bioscope,Daily_Pass,2026-06-19,Success,3.0,90.0,4.0,0
019,Toffee,WC_Premium,2026-06-20,Buffer_Timeout,1.0,11.0,,0
017,Bioscope,WC_Premium,2026-06-12,Success,7.0,102.0,4.0,0
017,Toffee,Daily_Pass,2026-06-11,Buffer_Timeout,0.0,15.0,1.0,1
018,Bioscope,Weekly_Pass,2026-07-09,Success,1.0,84.0,,0
019,Toffee,WC_Premium,2026-06-11,Stuck_at_Number_Screen,1.0,9.0,1.0,1
017,Toffee,Daily_Pass,2026-06-12,OTP_Failed,0.0,9.0,1.0,0
018,Bioscope,WC_Premium,2026-07-09,Buffer_Timeout,1.0,7.0,,0
017,Toffee,Weekly_Pass,2026-06-20,Stuck_at_Number_Screen,1.0,0.0,,1
017,Bioscope,Weekly_Pass,2026-06-30,Buffer_Timeout,11.0,5.0,2.0,1
017,Bioscope,Daily_Pass,2026-06-19,OTP_Failed,2.0,12.0,,0
019,Bioscope,WC_Premium,2026-06-18,Stuck_at_Number_Screen,3.0,5.0,,0
017,Toffee,Weekly_Pass,2026-07-08,OTP_Failed,0.0,0.0,1.0,1
017,Bioscope,WC_Premium,2026-06-13,Success,1.0,93.0,,0
013,Bioscope,WC_Premium,2026-06-22,OTP_Failed,4.0,7.0,1.0,1
019,Toffee,Weekly_Pass,2026-06-21,Success,11.0,87.0,5.0,0
017,Bioscope,Daily_Pass,2026-06-11,Buffer_Timeout,6.0,1.0,2.0,0
013,Other_Partner,Daily_Pass,2026-06-26,Success,2.0,111.0,5.0,1
017,Toffee,Daily_Pass,2026-06-16,Buffer_Timeout,0.0,3.0,1.0,1
013,Other_Partner,WC_Premium,2026-06-20,Success,1.0,91.0,4.0,0
018,Toffee,Daily_Pass,2026-06-23,Success,0.0,87.0,4.0,0
018,Toffee,Daily_Pass,2026-06-23,Buffer_Timeout,0.0,15.0,1.0,0
017,Toffee,Daily_Pass,2026-07-07,Success,4.0,75.0,,1
017,Bioscope,WC_Premium,2026-07-03,Success,15.0,116.0,4.0,0
017,Toffee,Weekly_Pass,2026-06-12,OTP_Failed,1.0,12.0,2.0,1
013,Bioscope,WC_Premium,2026-06-21,Success,7.0,97.0,5.0,0
017,Bioscope,WC_Premium,2026-07-09,Success,1.0,104.0,,0
019,Bioscope,WC_Premium,2026-07-09,Stuck_at_Number_Screen,3.0,14.0,,1
015,Toffee,Daily_Pass,2026-06-16,Buffer_Timeout,3.0,12.0,1.0,0
015,Other_Partner,Daily_Pass,2026-06-18,Success,12.0,139.0,4.0,0
019,Bioscope,Daily_Pass,2026-06-24,Success,3.0,106.0,5.0,0
018,Toffee,Weekly_Pass,2026-06-24,Success,37.0,89.0,1.0,0
016,Bioscope,WC_Premium,2026-06-11,Success,3.0,100.0,4.0,0
017,Bioscope,Daily_Pass,2026-06-24,Success,16.0,92.0,4.0,0
018,Bioscope,Daily_Pass,2026-07-04,Success,8.0,76.0,5.0,0
018,Toffee,Weekly_Pass,2026-07-10,OTP_Failed,1.0,9.0,1.0,0
018,Toffee,Daily_Pass,2026-06-13,Stuck_at_Number_Screen,1.0,7.0,1.0,1
019,Toffee,Weekly_Pass,2026-06-21,Success,1.0,89.0,4.0,0
017,Toffee,Daily_Pass,2026-06-24,Success,19.0,101.0,,0
017,Bioscope,Weekly_Pass,2026-06-23,OTP_Failed,0.0,0.0,1.0,1
014,Other_Partner,Weekly_Pass,2026-06-23,Success,5.0,89.0,4.0,0
017,Other_Partner,Weekly_Pass,2026-07-05,Success,5.0,105.0,4.0,0
018,Bioscope,Daily_Pass,2026-07-06,Success,10.0,109.0,,0
014,Bioscope,Daily_Pass,2026-06-26,Success,1.0,116.0,5.0,0
018,Toffee,WC_Premium,2026-07-06,Success,2.0,74.0,4.0,0
018,Bioscope,WC_Premium,2026-06-18,Success,2.0,83.0,5.0,0
017,Toffee,Weekly_Pass,2026-06-12,Stuck_at_Number_Screen,0.0,8.0,2.0,1
017,Toffee,Weekly_Pass,2026-06-25,Buffer_Timeout,1.0,2.0,1.0,0
019,Bioscope,Daily_Pass,2026-07-10,Success,20.0,87.0,5.0,0
018,Toffee,WC_Premium,2026-07-08,OTP_Failed,0.0,0.0,1.0,1
018,Toffee,WC_Premium,2026-06-12,Success,1.0,78.0,3.0,0
017,Bioscope,Weekly_Pass,2026-07-02,Stuck_at_Number_Screen,1.0,4.0,1.0,1
017,Toffee,WC_Premium,2026-06-19,OTP_Failed,1.0,8.0,1.0,0
015,Toffee,Daily_Pass,2026-07-07,Success,27.0,106.0,1.0,0
013,Toffee,Weekly_Pass,2026-06-13,Success,2.0,103.0,4.0,0
018,Toffee,WC_Premium,2026-06-28,Success,5.0,69.0,4.0,0
017,Toffee,Daily_Pass,2026-06-22,Success,13.0,67.0,,0
016,Bioscope,Daily_Pass,2026-06-13,OTP_Failed,0.0,9.0,2.0,1
014,Toffee,WC_Premium,2026-06-25,Buffer_Timeout,2.0,2.0,1.0,0
018,Bioscope,Daily_Pass,2026-06-16,Stuck_at_Number_Screen,1.0,7.0,1.0,1
017,Toffee,WC_Premium,2026-06-14,Success,3.0,97.0,5.0,0
018,Toffee,Daily_Pass,2026-07-10,Success,1.0,76.0,4.0,0
019,Bioscope,Weekly_Pass,2026-06-28,Success,14.0,112.0,5.0,0
013,Bioscope,Daily_Pass,2026-06-22,OTP_Failed,5.0,13.0,1.0,1
019,Bioscope,Daily_Pass,2026-06-15,Success,1.0,52.0,4.0,0
018,Other_Partner,WC_Premium,2026-06-18,Success,16.0,129.0,4.0,1
019,Toffee,WC_Premium,2026-07-01,OTP_Failed,1.0,14.0,1.0,1
018,Toffee,Daily_Pass,2026-07-01,Success,1.0,100.0,4.0,0
017,Bioscope,Daily_Pass,2026-07-02,Success,5.0,40.0,3.0,0
017,Toffee,WC_Premium,2026-06-24,Success,14.0,63.0,5.0,0
017,Toffee,WC_Premium,2026-06-19,Success,5.0,84.0,,0
014,Toffee,WC_Premium,2026-06-11,Success,1.0,75.0,4.0,0
019,Bioscope,Weekly_Pass,2026-06-26,Success,26.0,82.0,1.0,1
016,Toffee,Daily_Pass,2026-06-28,Success,14.0,117.0,,0
017,Toffee,WC_Premium,2026-06-26,Success,3.0,86.0,4.0,0
017,Toffee,WC_Premium,2026-07-10,Success,3.0,101.0,4.0,0
019,Bioscope,Weekly_Pass,2026-07-04,Buffer_Timeout,2.0,5.0,1.0,0
018,Toffee,Weekly_Pass,2026-06-22,Success,5.0,78.0,4.0,0
017,Toffee,Weekly_Pass,2026-06-22,Success,5.0,130.0,3.0,0
018,Bioscope,WC_Premium,2026-06-24,OTP_Failed,3.0,0.0,2.0,1
017,Other_Partner,WC_Premium,2026-06-18,Success,9.0,91.0,5.0,0
017,Bioscope,WC_Premium,2026-06-15,Success,6.0,82.0,,0
018,Bioscope,Weekly_Pass,2026-07-10,Success,2.0,72.0,5.0,0
017,Toffee,Weekly_Pass,2026-07-01,Buffer_Timeout,0.0,15.0,2.0,0
015,Toffee,WC_Premium,2026-06-16,Buffer_Timeout,3.0,2.0,,1
017,Toffee,Daily_Pass,2026-07-04,OTP_Failed,3.0,5.0,2.0,0
017,Bioscope,Weekly_Pass,2026-06-23,Stuck_at_Number_Screen,1.0,6.0,1.0,1
017,Toffee,Weekly_Pass,2026-06-30,Success,3.0,114.0,5.0,0
019,Bioscope,WC_Premium,2026-06-30,Buffer_Timeout,3.0,9.0,2.0,1
013,Other_Partner,Daily_Pass,2026-06-24,Success,1.0,67.0,4.0,0
018,Toffee,Daily_Pass,2026-07-09,Success,13.0,76.0,4.0,1
017,Toffee,Daily_Pass,2026-07-08,Success,8.0,101.0,3.0,0
017,Toffee,Daily_Pass,2026-06-27,Success,3.0,92.0,,0
013,Toffee,Daily_Pass,2026-06-20,OTP_Failed,1.0,2.0,,0
019,Toffee,Weekly_Pass,2026-06-23,Success,0.0,106.0,3.0,0
019,Bioscope,WC_Premium,2026-06-21,OTP_Failed,1.0,1.0,2.0,1
017,Toffee,Weekly_Pass,2026-06-11,Success,4.0,72.0,3.0,0
018,Toffee,Daily_Pass,2026-06-17,Stuck_at_Number_Screen,2.0,0.0,1.0,1
014,Toffee,WC_Premium,2026-06-15,OTP_Failed,0.0,7.0,1.0,1
013,Other_Partner,Weekly_Pass,2026-06-15,Success,10.0,92.0,4.0,0
019,Bioscope,Daily_Pass,2026-07-08,Success,3.0,108.0,5.0,0
017,Other_Partner,Daily_Pass,2026-06-11,Stuck_at_Number_Screen,8.0,0.0,1.0,0
014,Other_Partner,WC_Premium,2026-06-12,Success,3.0,35.0,,0
019,Toffee,WC_Premium,2026-06-24,Success,6.0,94.0,,1
014,Toffee,Weekly_Pass,2026-06-29,OTP_Failed,3.0,1.0,1.0,0
016,Toffee,Daily_Pass,2026-07-01,OTP_Failed,3.0,5.0,1.0,0
013,Toffee,WC_Premium,2026-06-28,Success,5.0,94.0,5.0,0
014,Bioscope,Daily_Pass,2026-06-24,Success,6.0,79.0,3.0,0
017,Toffee,WC_Premium,2026-07-07,Success,1.0,99.0,5.0,0
017,Toffee,Weekly_Pass,2026-06-17,Success,26.0,65.0,1.0,0
016,Bioscope,Daily_Pass,2026-06-16,Buffer_Timeout,2.0,6.0,1.0,0
019,Bioscope,Daily_Pass,2026-06-26,Success,6.0,99.0,4.0,0
014,Bioscope,Daily_Pass,2026-07-06,OTP_Failed,2.0,5.0,1.0,1
017,Toffee,Daily_Pass,2026-07-04,OTP_Failed,0.0,5.0,1.0,1
019,Bioscope,Daily_Pass,2026-07-08,Success,12.0,88.0,4.0,0
016,Bioscope,Weekly_Pass,2026-06-11,Success,17.0,83.0,4.0,0
017,Toffee,Weekly_Pass,2026-07-04,Success,5.0,105.0,4.0,0
013,Bioscope,Weekly_Pass,2026-06-23,OTP_Failed,1.0,0.0,1.0,1
017,Other_Partner,Weekly_Pass,2026-06-13,Success,19.0,120.0,4.0,0
017,Toffee,WC_Premium,2026-07-04,Success,6.0,88.0,5.0,0
015,Toffee,WC_Premium,2026-07-02,Success,1.0,103.0,4.0,0
018,Toffee,Daily_Pass,2026-06-23,Success,2.0,93.0,4.0,0
016,Toffee,Weekly_Pass,2026-06-13,Success,7.0,49.0,4.0,0
015,Bioscope,Daily_Pass,2026-06-25,Success,5.0,112.0,5.0,0
013,Toffee,Daily_Pass,2026-06-28,Success,12.0,117.0,4.0,0
019,Bioscope,Weekly_Pass,2026-07-01,Stuck_at_Number_Screen,1.0,3.0,1.0,1
013,Bioscope,Weekly_Pass,2026-06-11,Success,7.0,50.0,4.0,0
019,Bioscope,WC_Premium,2026-06-13,OTP_Failed,1.0,0.0,,0
017,Toffee,Weekly_Pass,2026-06-30,OTP_Failed,1.0,3.0,2.0,1
014,Toffee,Daily_Pass,2026-06-16,Stuck_at_Number_Screen,2.0,5.0,2.0,1
017,Toffee,WC_Premium,2026-07-04,Success,22.0,108.0,1.0,0
017,Toffee,Daily_Pass,2026-06-20,Success,1.0,113.0,5.0,0
019,Toffee,Daily_Pass,2026-07-04,Stuck_at_Number_Screen,1.0,6.0,1.0,1
013,Bioscope,Daily_Pass,2026-07-02,Stuck_at_Number_Screen,0.0,8.0,1.0,0
018,Toffee,WC_Premium,2026-06-25,Success,13.0,68.0,,0
013,Bioscope,Weekly_Pass,2026-06-30,Success,3.0,73.0,5.0,0
016,Toffee,Weekly_Pass,2026-06-18,Stuck_at_Number_Screen,3.0,1.0,1.0,1
017,Bioscope,WC_Premium,2026-07-06,Success,9.0,84.0,4.0,0
017,Other_Partner,Weekly_Pass,2026-06-27,Stuck_at_Number_Screen,2.0,3.0,1.0,1
017,Toffee,WC_Premium,2026-06-14,Buffer_Timeout,0.0,10.0,,0
018,Bioscope,Weekly_Pass,2026-06-12,Success,8.0,82.0,5.0,0
017,Bioscope,WC_Premium,2026-06-22,Stuck_at_Number_Screen,1.0,6.0,,1
013,Bioscope,WC_Premium,2026-07-06,Success,31.0,55.0,,1
013,Bioscope,Weekly_Pass,2026-07-05,Stuck_at_Number_Screen,1.0,7.0,1.0,1
017,Toffee,Daily_Pass,2026-07-01,Success,12.0,90.0,5.0,0
018,Toffee,WC_Premium,2026-06-16,Success,9.0,105.0,3.0,0
019,Toffee,Weekly_Pass,2026-06-20,OTP_Failed,2.0,7.0,1.0,0
017,Bioscope,Weekly_Pass,2026-06-13,Success,9.0,71.0,,0
018,Other_Partner,WC_Premium,2026-06-18,Buffer_Timeout,1.0,8.0,1.0,0
016,Bioscope,Weekly_Pass,2026-06-23,Success,20.0,73.0,3.0,0
013,Toffee,Daily_Pass,2026-07-08,Success,8.0,82.0,4.0,0
016,Bioscope,Daily_Pass,2026-06-24,Success,39.0,97.0,1.0,1
013,Bioscope,Weekly_Pass,2026-06-14,Buffer_Timeout,1.0,9.0,1.0,1
018,Toffee,Daily_Pass,2026-07-04,Success,1.0,55.0,5.0,0
017,Toffee,Weekly_Pass,2026-06-14,Stuck_at_Number_Screen,1.0,10.0,,0
016,Toffee,WC_Premium,2026-06-13,Success,22.0,129.0,2.0,1
016,Bioscope,Daily_Pass,2026-06-29,Success,1.0,36.0,,0
017,Bioscope,Daily_Pass,2026-07-10,Buffer_Timeout,0.0,5.0,,0
013,Toffee,WC_Premium,2026-07-07,Success,9.0,45.0,5.0,0
015,Toffee,Weekly_Pass,2026-06-13,Success,9.0,31.0,4.0,0
013,Bioscope,Daily_Pass,2026-06-13,Buffer_Timeout,1.0,10.0,2.0,1
018,Other_Partner,WC_Premium,2026-06-26,Success,6.0,71.0,5.0,0
014,Bioscope,Weekly_Pass,2026-07-07,Stuck_at_Number_Screen,1.0,3.0,1.0,1
016,Bioscope,Daily_Pass,2026-07-10,Stuck_at_Number_Screen,0.0,2.0,1.0,1
018,Toffee,Daily_Pass,2026-07-01,Success,2.0,83.0,4.0,1
019,Bioscope,Daily_Pass,2026-06-18,Stuck_at_Number_Screen,1.0,5.0,2.0,1
019,Toffee,WC_Premium,2026-06-25,OTP_Failed,3.0,0.0,1.0,1
018,Bioscope,Weekly_Pass,2026-07-09,OTP_Failed,0.0,15.0,1.0,1
018,Toffee,Weekly_Pass,2026-06-30,Success,4.0,80.0,4.0,0
013,Bioscope,WC_Premium,2026-07-07,Buffer_Timeout,1.0,0.0,1.0,1
015,Toffee,Daily_Pass,2026-06-19,OTP_Failed,3.0,9.0,2.0,1
016,Bioscope,Daily_Pass,2026-06-16,Success,18.0,92.0,5.0,0
017,Toffee,Daily_Pass,2026-06-30,OTP_Failed,3.0,11.0,1.0,0
019,Toffee,Daily_Pass,2026-06-14,Success,10.0,92.0,4.0,0
018,Bioscope,Weekly_Pass,2026-06-20,OTP_Failed,2.0,2.0,1.0,1
017,Toffee,Weekly_Pass,2026-07-08,Buffer_Timeout,0.0,2.0,1.0,0
018,Other_Partner,Daily_Pass,2026-06-14,Success,8.0,107.0,,0
013,Bioscope,Daily_Pass,2026-06-30,Buffer_Timeout,0.0,9.0,1.0,0
019,Bioscope,Daily_Pass,2026-06-12,Success,9.0,106.0,3.0,0
017,Bioscope,WC_Premium,2026-06-16,Success,6.0,102.0,4.0,0
019,Bioscope,Weekly_Pass,2026-06-11,Success,10.0,125.0,,0
018,Bioscope,Weekly_Pass,2026-06-21,Success,5.0,88.0,5.0,0
017,Other_Partner,Daily_Pass,2026-07-06,Success,12.0,61.0,5.0,0
015,Toffee,Weekly_Pass,2026-06-13,Stuck_at_Number_Screen,2.0,2.0,1.0,1
018,Toffee,Daily_Pass,2026-06-15,Success,4.0,71.0,,1
017,Bioscope,WC_Premium,2026-07-02,Success,1.0,108.0,4.0,0
018,Toffee,WC_Premium,2026-06-18,OTP_Failed,3.0,0.0,1.0,1
019,Toffee,Weekly_Pass,2026-06-30,OTP_Failed,1.0,0.0,,1
017,Toffee,Weekly_Pass,2026-06-26,Buffer_Timeout,0.0,6.0,,0
017,Toffee,Weekly_Pass,2026-06-22,Success,4.0,121.0,3.0,0
017,Bioscope,Daily_Pass,2026-06-30,Buffer_Timeout,1.0,10.0,1.0,0
017,Bioscope,Daily_Pass,2026-06-24,Success,9.0,95.0,,0
019,Other_Partner,Weekly_Pass,2026-07-08,Success,1.0,113.0,4.0,0
018,Bioscope,Daily_Pass,2026-07-10,Buffer_Timeout,1.0,3.0,,0
017,Toffee,Daily_Pass,2026-06-11,Success,21.0,125.0,1.0,0
017,Toffee,Weekly_Pass,2026-06-21,OTP_Failed,1.0,0.0,1.0,1
017,Toffee,WC_Premium,2026-06-20,OTP_Failed,1.0,0.0,2.0,1
014,Bioscope,WC_Premium,2026-06-24,Success,12.0,103.0,4.0,0
017,Toffee,Daily_Pass,2026-06-25,OTP_Failed,1.0,9.0,1.0,1
015,Toffee,Daily_Pass,2026-06-25,OTP_Failed,0.0,13.0,1.0,1
018,Other_Partner,Weekly_Pass,2026-07-04,Success,15.0,77.0,5.0,0
017,Bioscope,WC_Premium,2026-06-12,Stuck_at_Number_Screen,3.0,11.0,2.0,1
019,Toffee,WC_Premium,2026-06-16,Buffer_Timeout,1.0,6.0,1.0,0
018,Toffee,WC_Premium,2026-06-19,Success,19.0,66.0,5.0,0
016,Bioscope,Weekly_Pass,2026-06-16,Buffer_Timeout,5.0,0.0,1.0,0
015,Bioscope,Daily_Pass,2026-06-11,Success,0.0,82.0,,1
017,Toffee,Daily_Pass,2026-06-15,Success,5.0,85.0,3.0,0
017,Toffee,Daily_Pass,2026-07-07,OTP_Failed,1.0,0.0,1.0,1
016,Bioscope,Weekly_Pass,2026-06-22,Success,4.0,100.0,5.0,0
017,Bioscope,Daily_Pass,2026-07-04,Buffer_Timeout,2.0,8.0,2.0,1
017,Bioscope,WC_Premium,2026-07-08,Stuck_at_Number_Screen,4.0,3.0,1.0,1
017,Bioscope,WC_Premium,2026-06-26,Buffer_Timeout,1.0,4.0,1.0,0
017,Other_Partner,Daily_Pass,2026-06-11,Success,30.0,112.0,2.0,0
019,Toffee,WC_Premium,2026-06-27,Stuck_at_Number_Screen,2.0,8.0,2.0,1
017,Toffee,Weekly_Pass,2026-07-06,OTP_Failed,1.0,8.0,1.0,1
018,Bioscope,WC_Premium,2026-06-28,Success,6.0,91.0,4.0,0
018,Bioscope,WC_Premium,2026-07-05,Buffer_Timeout,1.0,5.0,,0
013,Bioscope,Daily_Pass,2026-06-15,Success,3.0,93.0,5.0,0
017,Toffee,Daily_Pass,2026-07-09,Success,2.0,67.0,5.0,0
019,Bioscope,Daily_Pass,2026-06-30,Success,18.0,84.0,3.0,0
017,Toffee,WC_Premium,2026-07-09,Buffer_Timeout,0.0,6.0,,0
019,Bioscope,Weekly_Pass,2026-06-30,Success,13.0,104.0,4.0,0
019,Toffee,WC_Premium,2026-06-23,Success,16.0,101.0,,0
013,Bioscope,Daily_Pass,2026-07-01,Success,5.0,96.0,,0
018,Bioscope,Weekly_Pass,2026-06-27,Success,0.0,87.0,,0
018,Toffee,WC_Premium,2026-06-26,Success,2.0,103.0,5.0,1
013,Toffee,Weekly_Pass,2026-06-23,OTP_Failed,3.0,8.0,2.0,1
019,Bioscope,Daily_Pass,2026-06-30,Success,13.0,86.0,,0
019,Bioscope,Weekly_Pass,2026-06-13,Stuck_at_Number_Screen,1.0,4.0,2.0,1
017,Toffee,Daily_Pass,2026-06-16,Success,6.0,53.0,4.0,0
018,Toffee,Daily_Pass,2026-06-21,Success,9.0,130.0,4.0,0
014,Toffee,Daily_Pass,2026-07-06,Stuck_at_Number_Screen,3.0,7.0,1.0,1
015,Other_Partner,Daily_Pass,2026-06-17,Success,2.0,107.0,5.0,0
018,Toffee,WC_Premium,2026-06-24,Success,8.0,116.0,4.0,0
018,Toffee,Daily_Pass,2026-06-22,Buffer_Timeout,1.0,0.0,1.0,0
017,Bioscope,WC_Premium,2026-06-11,Success,11.0,85.0,5.0,0
015,Bioscope,Daily_Pass,2026-06-27,Success,0.0,82.0,,0
017,Toffee,Daily_Pass,2026-06-28,Success,2.0,83.0,4.0,0
018,Other_Partner,Daily_Pass,2026-06-21,Success,4.0,67.0,,0
017,Bioscope,Daily_Pass,2026-06-22,Success,0.0,116.0,,0
017,Bioscope,Daily_Pass,2026-06-23,Stuck_at_Number_Screen,9.0,6.0,1.0,1
013,Toffee,Weekly_Pass,2026-07-06,Success,5.0,92.0,3.0,0
015,Bioscope,WC_Premium,2026-07-08,Success,6.0,103.0,,0
017,Toffee,Daily_Pass,2026-06-23,Stuck_at_Number_Screen,1.0,0.0,1.0,1
018,Toffee,Daily_Pass,2026-06-15,Success,3.0,89.0,5.0,0
017,Toffee,Daily_Pass,2026-06-22,Success,4.0,107.0,,0
017,Bioscope,WC_Premium,2026-07-05,Success,3.0,121.0,4.0,0
013,Bioscope,Weekly_Pass,2026-07-10,Success,10.0,97.0,4.0,0
018,Bioscope,WC_Premium,2026-06-14,Success,8.0,105.0,4.0,0
017,Toffee,Daily_Pass,2026-06-30,OTP_Failed,1.0,9.0,1.0,1
017,Bioscope,Daily_Pass,2026-07-05,Buffer_Timeout,4.0,4.0,1.0,0
017,Bioscope,Daily_Pass,2026-06-20,Success,2.0,95.0,4.0,0
017,Toffee,WC_Premium,2026-06-27,OTP_Failed,1.0,3.0,,0
015,Bioscope,Daily_Pass,2026-06-23,Success,4.0,111.0,4.0,0
014,Toffee,Weekly_Pass,2026-06-25,Success,5.0,70.0,4.0,0
017,Bioscope,Weekly_Pass,2026-06-29,Success,2.0,74.0,5.0,0
018,Toffee,Weekly_Pass,2026-06-20,Success,6.0,71.0,,0
014,Bioscope,Daily_Pass,2026-06-17,Success,6.0,81.0,4.0,0
017,Other_Partner,Weekly_Pass,2026-07-08,Buffer_Timeout,1.0,2.0,1.0,0
019,Other_Partner,Daily_Pass,2026-06-22,Buffer_Timeout,7.0,4.0,1.0,0
014,Toffee,WC_Premium,2026-07-02,OTP_Failed,3.0,5.0,1.0,1
017,Toffee,Daily_Pass,2026-07-01,Success,16.0,107.0,,0
017,Toffee,Daily_Pass,2026-06-23,OTP_Failed,1.0,5.0,2.0,1
015,Bioscope,Daily_Pass,2026-06-25,Stuck_at_Number_Screen,0.0,3.0,1.0,1
018,Bioscope,WC_Premium,2026-06-26,Success,11.0,80.0,4.0,0
017,Toffee,Daily_Pass,2026-06-17,Success,5.0,113.0,4.0,0
017,Toffee,Weekly_Pass,2026-06-12,Success,12.0,93.0,5.0,0
013,Other_Partner,Daily_Pass,2026-06-28,Success,8.0,109.0,4.0,0
016,Bioscope,Daily_Pass,2026-06-25,Success,11.0,57.0,5.0,0
016,Toffee,Weekly_Pass,2026-06-25,Buffer_Timeout,1.0,2.0,1.0,0
015,Toffee,Daily_Pass,2026-07-03,Success,2.0,107.0,4.0,0
017,Toffee,Weekly_Pass,2026-07-04,Success,4.0,73.0,5.0,0
018,Bioscope,WC_Premium,2026-06-28,Buffer_Timeout,3.0,10.0,1.0,1
018,Other_Partner,WC_Premium,2026-07-09,Success,8.0,65.0,,0
013,Bioscope,Daily_Pass,2026-06-21,Stuck_at_Number_Screen,7.0,0.0,2.0,1
017,Toffee,Weekly_Pass,2026-06-11,Success,4.0,83.0,5.0,0
015,Bioscope,WC_Premium,2026-07-09,Success,10.0,73.0,3.0,0
019,Toffee,WC_Premium,2026-07-07,Success,19.0,73.0,,0
018,Toffee,Daily_Pass,2026-06-15,Success,3.0,113.0,3.0,0
018,Other_Partner,Weekly_Pass,2026-06-27,Success,25.0,72.0,1.0,0
017,Toffee,WC_Premium,2026-07-06,Success,0.0,100.0,4.0,0
018,Toffee,Weekly_Pass,2026-06-21,Success,15.0,105.0,4.0,0
016,Other_Partner,WC_Premium,2026-07-06,OTP_Failed,10.0,0.0,1.0,1
018,Toffee,Weekly_Pass,2026-06-19,Success,18.0,79.0,5.0,0
015,Bioscope,Daily_Pass,2026-07-01,OTP_Failed,0.0,0.0,1.0,1
018,Other_Partner,Daily_Pass,2026-06-18,Success,9.0,79.0,5.0,0
013,Bioscope,Daily_Pass,2026-06-30,Buffer_Timeout,1.0,13.0,1.0,1
019,Toffee,Daily_Pass,2026-06-11,Success,8.0,120.0,,0
017,Toffee,WC_Premium,2026-06-19,Success,9.0,113.0,5.0,0
013,Toffee,Weekly_Pass,2026-06-24,Success,12.0,124.0,5.0,0
017,Toffee,WC_Premium,2026-07-07,Stuck_at_Number_Screen,3.0,8.0,1.0,1
013,Bioscope,Weekly_Pass,2026-06-24,Buffer_Timeout,3.0,3.0,,0
019,Toffee,Daily_Pass,2026-06-14,Success,23.0,107.0,,1
018,Toffee,Daily_Pass,2026-07-07,OTP_Failed,1.0,11.0,1.0,1
019,Bioscope,WC_Premium,2026-06-24,Success,2.0,78.0,,0
018,Bioscope,Weekly_Pass,2026-06-13,Success,3.0,117.0,,0
017,Bioscope,Weekly_Pass,2026-07-10,Stuck_at_Number_Screen,1.0,4.0,1.0,1
019,Toffee,WC_Premium,2026-06-28,Success,8.0,72.0,,0
017,Bioscope,Daily_Pass,2026-06-27,Success,2.0,76.0,,0
017,Bioscope,WC_Premium,2026-06-19,OTP_Failed,2.0,4.0,,0
018,Toffee,WC_Premium,2026-06-27,Stuck_at_Number_Screen,1.0,8.0,1.0,1
017,Toffee,Daily_Pass,2026-06-30,Success,7.0,88.0,4.0,0
017,Toffee,Daily_Pass,2026-06-28,Success,12.0,100.0,5.0,0
018,Bioscope,WC_Premium,2026-06-25,Success,3.0,132.0,3.0,0
018,Toffee,Weekly_Pass,2026-07-08,Success,5.0,52.0,5.0,0
013,Other_Partner,Daily_Pass,2026-07-04,Success,7.0,96.0,,0
015,Bioscope,Weekly_Pass,2026-06-15,Buffer_Timeout,1.0,5.0,1.0,1
018,Other_Partner,Weekly_Pass,2026-07-07,Success,12.0,83.0,,0
019,Toffee,WC_Premium,2026-06-13,OTP_Failed,3.0,0.0,1.0,1
017,Toffee,WC_Premium,2026-07-08,Buffer_Timeout,1.0,3.0,,0
018,Toffee,WC_Premium,2026-06-24,OTP_Failed,0.0,9.0,1.0,1
019,Toffee,WC_Premium,2026-06-14,Success,1.0,98.0,,0
018,Bioscope,Daily_Pass,2026-06-13,Success,3.0,108.0,5.0,0
016,Toffee,WC_Premium,2026-07-06,Buffer_Timeout,1.0,5.0,,0
013,Toffee,Daily_Pass,2026-06-28,Success,5.0,49.0,5.0,0
017,Toffee,Daily_Pass,2026-06-16,Success,1.0,73.0,,0
018,Toffee,WC_Premium,2026-07-10,Success,11.0,62.0,4.0,0
013,Bioscope,Weekly_Pass,2026-07-10,Success,9.0,115.0,,0
019,Bioscope,WC_Premium,2026-06-16,Success,0.0,53.0,4.0,0
017,Bioscope,Daily_Pass,2026-06-29,Stuck_at_Number_Screen,0.0,7.0,1.0,1
015,Toffee,WC_Premium,2026-07-01,OTP_Failed,0.0,15.0,1.0,0
015,Other_Partner,Daily_Pass,2026-07-08,Success,5.0,51.0,3.0,0
017,Bioscope,Daily_Pass,2026-06-19,Stuck_at_Number_Screen,2.0,1.0,2.0,1
017,Toffee,Weekly_Pass,2026-06-23,Success,14.0,99.0,4.0,0
019,Toffee,Daily_Pass,2026-06-26,OTP_Failed,0.0,0.0,,0
015,Other_Partner,Weekly_Pass,2026-06-25,Success,5.0,62.0,4.0,0
013,Bioscope,WC_Premium,2026-06-25,OTP_Failed,2.0,1.0,2.0,1
017,Bioscope,Weekly_Pass,2026-06-20,Success,10.0,84.0,4.0,0
018,Toffee,Daily_Pass,2026-06-27,OTP_Failed,2.0,4.0,1.0,1
016,Toffee,Daily_Pass,2026-07-03,Success,3.0,92.0,5.0,0
017,Bioscope,Weekly_Pass,2026-06-24,Success,3.0,26.0,4.0,0
016,Bioscope,Weekly_Pass,2026-06-11,Success,6.0,113.0,5.0,0
017,Bioscope,Weekly_Pass,2026-07-02,Success,10.0,72.0,5.0,0
017,Bioscope,Daily_Pass,2026-06-23,Success,3.0,113.0,4.0,0
013,Toffee,WC_Premium,2026-06-26,Success,4.0,135.0,5.0,0
013,Bioscope,Daily_Pass,2026-07-01,Success,6.0,94.0,4.0,0
017,Other_Partner,Weekly_Pass,2026-06-14,Success,0.0,109.0,4.0,0
018,Bioscope,Weekly_Pass,2026-07-09,Success,9.0,114.0,3.0,0
017,Toffee,Daily_Pass,2026-06-13,Success,1.0,112.0,3.0,0
017,Toffee,WC_Premium,2026-06-20,Success,14.0,71.0,4.0,0
017,Bioscope,Weekly_Pass,2026-06-30,Success,32.0,61.0,,0
015,Bioscope,Weekly_Pass,2026-06-24,Success,0.0,117.0,4.0,0
013,Bioscope,Weekly_Pass,2026-06-22,Buffer_Timeout,0.0,0.0,,0
013,Other_Partner,WC_Premium,2026-06-21,OTP_Failed,0.0,6.0,1.0,1
018,Bioscope,Weekly_Pass,2026-06-27,Success,11.0,83.0,4.0,0
015,Bioscope,Daily_Pass,2026-06-15,Success,16.0,113.0,5.0,0
017,Toffee,Daily_Pass,2026-06-19,Success,17.0,86.0,4.0,0
016,Toffee,Daily_Pass,2026-07-02,Success,9.0,119.0,5.0,0
016,Toffee,Daily_Pass,2026-06-20,Buffer_Timeout,0.0,6.0,2.0,0
018,Other_Partner,WC_Premium,2026-07-06,Success,12.0,98.0,5.0,0
017,Toffee,Weekly_Pass,2026-06-30,OTP_Failed,1.0,4.0,,1
016,Toffee,WC_Premium,2026-07-01,Buffer_Timeout,1.0,0.0,1.0,0
017,Bioscope,Daily_Pass,2026-06-27,Success,21.0,73.0,1.0,0
018,Bioscope,Weekly_Pass,2026-06-23,Success,2.0,51.0,4.0,0
016,Bioscope,WC_Premium,2026-07-10,Success,18.0,71.0,4.0,0
017,Toffee,Daily_Pass,2026-06-14,Success,8.0,88.0,,0
019,Bioscope,Weekly_Pass,2026-06-30,Success,25.0,95.0,,0
017,Toffee,WC_Premium,2026-06-19,Buffer_Timeout,2.0,0.0,2.0,1
019,Toffee,WC_Premium,2026-06-15,Buffer_Timeout,0.0,5.0,2.0,0
018,Toffee,WC_Premium,2026-06-29,OTP_Failed,7.0,10.0,2.0,1
017,Toffee,WC_Premium,2026-07-06,OTP_Failed,2.0,0.0,1.0,1
017,Toffee,Weekly_Pass,2026-06-18,Success,5.0,84.0,,0
015,Bioscope,Daily_Pass,2026-06-20,Success,1.0,64.0,,0
017,Toffee,WC_Premium,2026-07-06,Success,2.0,78.0,5.0,0
017,Bioscope,WC_Premium,2026-07-10,Success,3.0,51.0,,0
017,Toffee,Weekly_Pass,2026-07-03,Success,7.0,105.0,4.0,0
018,Toffee,Daily_Pass,2026-07-04,OTP_Failed,2.0,0.0,1.0,1
018,Bioscope,Weekly_Pass,2026-06-14,Success,10.0,75.0,5.0,0
017,Other_Partner,Weekly_Pass,2026-07-03,Success,10.0,78.0,4.0,0
017,Bioscope,Daily_Pass,2026-07-07,OTP_Failed,0.0,3.0,1.0,1
017,Other_Partner,WC_Premium,2026-06-14,Success,3.0,81.0,5.0,0
017,Bioscope,Weekly_Pass,2026-07-05,Success,6.0,108.0,4.0,0
013,Bioscope,Weekly_Pass,2026-07-09,Success,1.0,93.0,3.0,0
016,Bioscope,Daily_Pass,2026-07-01,Buffer_Timeout,5.0,3.0,,0
017,Bioscope,Daily_Pass,2026-07-10,Success,4.0,140.0,4.0,0
013,Toffee,Weekly_Pass,2026-07-09,OTP_Failed,2.0,7.0,,1
013,Bioscope,Weekly_Pass,2026-06-15,Success,21.0,87.0,2.0,0
015,Toffee,Daily_Pass,2026-06-14,OTP_Failed,1.0,15.0,1.0,1
015,Toffee,Daily_Pass,2026-06-15,OTP_Failed,1.0,5.0,1.0,1
019,Bioscope,Daily_Pass,2026-06-27,Stuck_at_Number_Screen,0.0,2.0,1.0,1
017,Toffee,Weekly_Pass,2026-06-26,Success,2.0,92.0,5.0,0
017,Toffee,WC_Premium,2026-07-07,Success,11.0,68.0,,0
017,Toffee,WC_Premium,2026-06-22,Stuck_at_Number_Screen,0.0,0.0,,1
017,Other_Partner,WC_Premium,2026-06-11,Success,6.0,57.0,,0
018,Toffee,Weekly_Pass,2026-07-05,Stuck_at_Number_Screen,2.0,8.0,,0
019,Toffee,Weekly_Pass,2026-06-12,OTP_Failed,2.0,0.0,2.0,1
019,Bioscope,Daily_Pass,2026-06-18,Success,8.0,98.0,4.0,0
019,Toffee,WC_Premium,2026-06-21,Buffer_Timeout,3.0,6.0,,0
013,Toffee,Weekly_Pass,2026-06-12,Success,13.0,102.0,4.0,0
016,Toffee,WC_Premium,2026-06-23,OTP_Failed,1.0,7.0,1.0,1
017,Toffee,Weekly_Pass,2026-07-05,OTP_Failed,3.0,2.0,1.0,1
017,Toffee,Daily_Pass,2026-06-12,Success,2.0,142.0,5.0,0
016,Toffee,Daily_Pass,2026-06-24,OTP_Failed,2.0,2.0,,0
017,Toffee,WC_Premium,2026-06-26,OTP_Failed,0.0,3.0,2.0,1
013,Bioscope,Daily_Pass,2026-06-11,Success,3.0,78.0,5.0,0
017,Bioscope,Daily_Pass,2026-06-24,Success,2.0,63.0,3.0,0
016,Bioscope,WC_Premium,2026-07-09,OTP_Failed,4.0,2.0,1.0,1
019,Toffee,Weekly_Pass,2026-07-09,Success,2.0,114.0,4.0,0
017,Toffee,Daily_Pass,2026-06-26,Success,13.0,71.0,5.0,0
019,Bioscope,Daily_Pass,2026-07-04,Success,5.0,113.0,5.0,0
017,Toffee,Daily_Pass,2026-06-29,Success,17.0,106.0,5.0,0
013,Bioscope,Weekly_Pass,2026-07-10,Buffer_Timeout,2.0,12.0,1.0,1
016,Toffee,WC_Premium,2026-07-03,OTP_Failed,6.0,0.0,,0
016,Bioscope,Daily_Pass,2026-06-15,Buffer_Timeout,0.0,9.0,1.0,1
015,Toffee,WC_Premium,2026-07-03,Success,3.0,88.0,4.0,0
017,Toffee,Daily_Pass,2026-07-04,OTP_Failed,0.0,0.0,,0
016,Bioscope,Daily_Pass,2026-06-13,Success,14.0,68.0,,0
018,Bioscope,WC_Premium,2026-07-01,Success,0.0,90.0,4.0,0
014,Toffee,Daily_Pass,2026-07-01,Stuck_at_Number_Screen,3.0,4.0,1.0,1
017,Other_Partner,WC_Premium,2026-06-17,Success,11.0,107.0,5.0,0
019,Toffee,WC_Premium,2026-06-24,Success,23.0,109.0,,0
018,Toffee,Daily_Pass,2026-07-07,Success,2.0,111.0,5.0,0
017,Bioscope,Weekly_Pass,2026-06-28,Stuck_at_Number_Screen,1.0,4.0,1.0,1
018,Bioscope,Weekly_Pass,2026-06-18,OTP_Failed,1.0,9.0,1.0,1
017,Other_Partner,WC_Premium,2026-07-03,Success,9.0,88.0,4.0,0
018,Toffee,Weekly_Pass,2026-06-22,Success,1.0,80.0,4.0,0
019,Toffee,Weekly_Pass,2026-07-06,Success,7.0,109.0,4.0,0
018,Bioscope,Daily_Pass,2026-06-17,Success,1.0,108.0,,0
018,Toffee,Weekly_Pass,2026-07-01,Stuck_at_Number_Screen,0.0,0.0,1.0,1
018,Toffee,Daily_Pass,2026-07-04,Buffer_Timeout,2.0,9.0,1.0,0
017,Toffee,Daily_Pass,2026-06-27,Buffer_Timeout,4.0,0.0,1.0,0
017,Toffee,WC_Premium,2026-07-08,Stuck_at_Number_Screen,0.0,7.0,,1
018,Toffee,Daily_Pass,2026-07-03,Stuck_at_Number_Screen,8.0,5.0,2.0,1
017,Toffee,Daily_Pass,2026-07-09,Stuck_at_Number_Screen,3.0,5.0,2.0,1
017,Bioscope,Weekly_Pass,2026-06-21,Buffer_Timeout,5.0,5.0,,0
018,Bioscope,WC_Premium,2026-06-19,Stuck_at_Number_Screen,1.0,9.0,,1
017,Toffee,Daily_Pass,2026-07-04,Success,10.0,89.0,4.0,0
017,Toffee,Daily_Pass,2026-06-25,Success,11.0,107.0,5.0,0
018,Toffee,Daily_Pass,2026-06-25,OTP_Failed,0.0,8.0,,0
017,Toffee,Daily_Pass,2026-06-14,OTP_Failed,4.0,11.0,1.0,1
014,Bioscope,Weekly_Pass,2026-07-04,Success,15.0,92.0,5.0,1
019,Other_Partner,Weekly_Pass,2026-06-22,OTP_Failed,1.0,0.0,1.0,1
016,Bioscope,Weekly_Pass,2026-06-22,OTP_Failed,1.0,7.0,1.0,1
017,Bioscope,Weekly_Pass,2026-06-18,Success,16.0,74.0,,0
019,Toffee,WC_Premium,2026-06-27,Success,6.0,54.0,5.0,0
019,Toffee,Weekly_Pass,2026-07-10,Stuck_at_Number_Screen,2.0,5.0,1.0,1
019,Other_Partner,WC_Premium,2026-06-27,Success,1.0,128.0,3.0,0
017,Other_Partner,Weekly_Pass,2026-06-21,Success,11.0,88.0,,1
018,Toffee,WC_Premium,2026-06-19,Stuck_at_Number_Screen,2.0,9.0,2.0,1
019,Toffee,Weekly_Pass,2026-06-27,Success,13.0,88.0,,1
018,Bioscope,Weekly_Pass,2026-07-06,Success,7.0,115.0,4.0,0
018,Toffee,WC_Premium,2026-06-26,Success,8.0,120.0,5.0,0
018,Bioscope,Daily_Pass,2026-06-29,Buffer_Timeout,0.0,5.0,1.0,0
018,Bioscope,Weekly_Pass,2026-06-13,Stuck_at_Number_Screen,5.0,10.0,1.0,1
017,Toffee,WC_Premium,2026-06-30,Success,22.0,60.0,1.0,1
018,Other_Partner,WC_Premium,2026-06-23,Buffer_Timeout,1.0,3.0,2.0,0
017,Other_Partner,Weekly_Pass,2026-06-22,Buffer_Timeout,1.0,8.0,2.0,0
013,Other_Partner,Weekly_Pass,2026-06-29,OTP_Failed,0.0,2.0,1.0,1
017,Toffee,Daily_Pass,2026-07-10,Stuck_at_Number_Screen,0.0,5.0,2.0,1
018,Toffee,WC_Premium,2026-06-13,OTP_Failed,1.0,0.0,1.0,1
017,Bioscope,Daily_Pass,2026-06-15,OTP_Failed,1.0,14.0,,0
016,Toffee,WC_Premium,2026-06-15,Success,1.0,113.0,3.0,0
019,Toffee,Daily_Pass,2026-07-04,Success,0.0,74.0,5.0,0
017,Toffee,Daily_Pass,2026-06-23,Success,8.0,66.0,4.0,0
017,Bioscope,Daily_Pass,2026-07-03,Stuck_at_Number_Screen,0.0,8.0,,1
017,Toffee,Weekly_Pass,2026-06-23,Success,3.0,77.0,4.0,0
019,Toffee,Daily_Pass,2026-07-08,Success,3.0,81.0,4.0,0
018,Toffee,Daily_Pass,2026-07-05,Success,8.0,150.0,5.0,0
018,Bioscope,Daily_Pass,2026-06-25,Success,3.0,73.0,5.0,0
017,Bioscope,Daily_Pass,2026-06-22,Success,2.0,95.0,4.0,0
018,Toffee,Daily_Pass,2026-06-15,Stuck_at_Number_Screen,0.0,5.0,1.0,1
019,Other_Partner,Daily_Pass,2026-06-30,Buffer_Timeout,4.0,4.0,1.0,1
019,Toffee,WC_Premium,2026-07-08,Buffer_Timeout,1.0,11.0,1.0,1
018,Bioscope,Weekly_Pass,2026-06-14,OTP_Failed,2.0,5.0,1.0,1
017,Bioscope,Weekly_Pass,2026-06-23,Buffer_Timeout,1.0,4.0,1.0,0
017,Bioscope,WC_Premium,2026-07-09,Success,6.0,90.0,,0
017,Toffee,Weekly_Pass,2026-06-26,Success,10.0,90.0,,0
017,Other_Partner,WC_Premium,2026-07-09,Success,11.0,101.0,3.0,1
017,Other_Partner,Daily_Pass,2026-06-28,Stuck_at_Number_Screen,1.0,5.0,,1
017,Bioscope,Weekly_Pass,2026-07-10,Success,8.0,62.0,,0
013,Toffee,Daily_Pass,2026-07-05,OTP_Failed,0.0,0.0,1.0,1
014,Toffee,Weekly_Pass,2026-07-03,OTP_Failed,2.0,5.0,,1
018,Bioscope,Weekly_Pass,2026-07-07,Success,7.0,53.0,,0
019,Toffee,Daily_Pass,2026-06-12,Success,2.0,80.0,4.0,0
016,Bioscope,WC_Premium,2026-06-20,OTP_Failed,4.0,7.0,,1
017,Toffee,Weekly_Pass,2026-06-18,OTP_Failed,0.0,7.0,1.0,1
016,Bioscope,Daily_Pass,2026-06-28,Success,0.0,98.0,,0
017,Toffee,Weekly_Pass,2026-06-28,OTP_Failed,1.0,10.0,2.0,1
018,Toffee,WC_Premium,2026-06-30,Stuck_at_Number_Screen,5.0,5.0,,1
017,Toffee,Daily_Pass,2026-06-26,Buffer_Timeout,1.0,3.0,1.0,0
015,Toffee,Daily_Pass,2026-06-25,Success,1.0,75.0,,0
017,Bioscope,WC_Premium,2026-07-03,Success,2.0,85.0,,0
017,Bioscope,WC_Premium,2026-06-26,Success,1.0,110.0,4.0,0
014,Bioscope,Daily_Pass,2026-07-06,OTP_Failed,0.0,4.0,,0
017,Bioscope,WC_Premium,2026-07-05,Buffer_Timeout,0.0,5.0,1.0,1
016,Bioscope,Daily_Pass,2026-06-15,Buffer_Timeout,3.0,13.0,1.0,0
016,Toffee,WC_Premium,2026-06-13,Buffer_Timeout,4.0,3.0,,0
019,Toffee,Weekly_Pass,2026-06-25,OTP_Failed,1.0,5.0,1.0,1
015,Toffee,WC_Premium,2026-07-02,OTP_Failed,2.0,0.0,1.0,0
015,Bioscope,WC_Premium,2026-06-19,Success,9.0,70.0,4.0,1
017,Toffee,Daily_Pass,2026-06-12,Success,0.0,79.0,5.0,0
019,Toffee,Daily_Pass,2026-06-23,Buffer_Timeout,0.0,12.0,2.0,0
018,Bioscope,Weekly_Pass,2026-07-03,OTP_Failed,5.0,8.0,2.0,1
018,Other_Partner,Daily_Pass,2026-06-20,Success,1.0,93.0,3.0,0
017,Bioscope,Weekly_Pass,2026-07-07,Success,4.0,83.0,3.0,0
016,Bioscope,WC_Premium,2026-06-20,Success,3.0,48.0,4.0,0
015,Bioscope,Daily_Pass,2026-06-26,Success,12.0,64.0,,0
014,Toffee,Weekly_Pass,2026-06-14,Stuck_at_Number_Screen,1.0,2.0,1.0,1
013,Bioscope,Daily_Pass,2026-07-02,Success,4.0,110.0,4.0,0
017,Bioscope,Weekly_Pass,2026-06-14,Success,13.0,68.0,,0
013,Toffee,Daily_Pass,2026-06-25,OTP_Failed,3.0,6.0,,0
019,Toffee,Daily_Pass,2026-06-28,Success,36.0,120.0,1.0,0
016,Toffee,WC_Premium,2026-07-01,Success,20.0,101.0,,0
018,Toffee,WC_Premium,2026-06-24,Success,6.0,95.0,5.0,0
017,Bioscope,WC_Premium,2026-06-26,Success,5.0,139.0,4.0,0
013,Toffee,WC_Premium,2026-06-25,OTP_Failed,10.0,14.0,1.0,0
018,Toffee,Weekly_Pass,2026-06-29,Buffer_Timeout,0.0,4.0,1.0,1
014,Bioscope,WC_Premium,2026-07-06,Success,14.0,76.0,4.0,1
018,Bioscope,Daily_Pass,2026-06-13,OTP_Failed,1.0,2.0,1.0,1
017,Bioscope,Daily_Pass,2026-06-20,Success,15.0,41.0,,0
018,Bioscope,Daily_Pass,2026-06-24,Stuck_at_Number_Screen,1.0,15.0,2.0,1
017,Toffee,Daily_Pass,2026-06-13,OTP_Failed,4.0,0.0,1.0,1
015,Bioscope,Daily_Pass,2026-06-28,Success,11.0,104.0,5.0,0
013,Toffee,Daily_Pass,2026-06-30,OTP_Failed,3.0,2.0,2.0,1
018,Toffee,Weekly_Pass,2026-07-03,Success,35.0,82.0,2.0,1
013,Toffee,Daily_Pass,2026-06-12,OTP_Failed,2.0,0.0,1.0,1
016,Toffee,WC_Premium,2026-06-30,OTP_Failed,3.0,9.0,1.0,0
016,Other_Partner,Weekly_Pass,2026-07-01,Success,4.0,36.0,4.0,0
016,Other_Partner,WC_Premium,2026-07-06,Buffer_Timeout,1.0,12.0,1.0,0
017,Bioscope,Daily_Pass,2026-06-29,Buffer_Timeout,0.0,0.0,1.0,0
017,Toffee,Weekly_Pass,2026-07-01,Stuck_at_Number_Screen,1.0,0.0,1.0,1
017,Other_Partner,Weekly_Pass,2026-07-08,Stuck_at_Number_Screen,1.0,1.0,1.0,1
016,Bioscope,WC_Premium,2026-07-01,Success,35.0,108.0,1.0,1
017,Toffee,Daily_Pass,2026-06-28,Success,7.0,114.0,3.0,0
018,Bioscope,Daily_Pass,2026-06-11,Success,3.0,109.0,5.0,0
019,Toffee,Daily_Pass,2026-06-25,Success,14.0,80.0,,0
019,Toffee,Daily_Pass,2026-06-12,Success,7.0,129.0,4.0,0
013,Bioscope,Weekly_Pass,2026-07-08,Buffer_Timeout,3.0,8.0,1.0,1
018,Bioscope,WC_Premium,2026-06-26,Success,4.0,99.0,4.0,0
017,Toffee,Daily_Pass,2026-07-01,OTP_Failed,0.0,10.0,1.0,1
016,Bioscope,Daily_Pass,2026-07-04,Success,3.0,83.0,4.0,0
019,Other_Partner,Daily_Pass,2026-06-27,Success,1.0,106.0,4.0,0
017,Bioscope,Daily_Pass,2026-06-24,Stuck_at_Number_Screen,3.0,6.0,,0
013,Toffee,WC_Premium,2026-07-02,Success,12.0,119.0,4.0,0
019,Toffee,WC_Premium,2026-06-24,Buffer_Timeout,2.0,0.0,1.0,0
019,Toffee,Daily_Pass,2026-06-29,Success,14.0,84.0,3.0,0
017,Other_Partner,Daily_Pass,2026-07-09,Buffer_Timeout,2.0,0.0,,0
018,Toffee,WC_Premium,2026-07-01,Success,13.0,125.0,,1
017,Toffee,Daily_Pass,2026-07-06,Success,2.0,103.0,4.0,0
017,Toffee,Weekly_Pass,2026-07-07,Buffer_Timeout,2.0,8.0,1.0,1
014,Bioscope,WC_Premium,2026-06-11,OTP_Failed,0.0,7.0,1.0,1
019,Bioscope,Weekly_Pass,2026-06-15,Success,14.0,99.0,4.0,0
019,Bioscope,Daily_Pass,2026-06-20,OTP_Failed,6.0,15.0,1.0,1
017,Toffee,Daily_Pass,2026-06-12,Success,6.0,92.0,4.0,0
019,Toffee,WC_Premium,2026-06-19,Success,13.0,124.0,4.0,0
013,Other_Partner,Daily_Pass,2026-06-29,Success,1.0,115.0,3.0,0
017,Other_Partner,Daily_Pass,2026-07-07,Success,3.0,74.0,5.0,0
018,Other_Partner,WC_Premium,2026-07-06,Buffer_Timeout,1.0,4.0,,0
017,Other_Partner,WC_Premium,2026-07-07,Stuck_at_Number_Screen,3.0,0.0,1.0,0
019,Bioscope,Weekly_Pass,2026-07-07,Success,2.0,106.0,4.0,0
018,Bioscope,Daily_Pass,2026-07-06,Stuck_at_Number_Screen,1.0,6.0,1.0,1
017,Bioscope,Weekly_Pass,2026-06-15,Success,1.0,72.0,5.0,0
017,Bioscope,Daily_Pass,2026-06-15,Success,3.0,85.0,5.0,0
017,Toffee,Daily_Pass,2026-06-24,OTP_Failed,1.0,2.0,2.0,1
017,Toffee,WC_Premium,2026-06-13,Success,9.0,99.0,4.0,0
018,Other_Partner,Daily_Pass,2026-07-06,Success,23.0,72.0,,0
019,Toffee,Daily_Pass,2026-07-01,OTP_Failed,0.0,6.0,,0
017,Bioscope,Daily_Pass,2026-06-24,Buffer_Timeout,0.0,4.0,2.0,1
017,Toffee,Weekly_Pass,2026-07-10,OTP_Failed,0.0,3.0,,1
018,Toffee,WC_Premium,2026-06-15,Success,4.0,108.0,4.0,0
019,Toffee,WC_Premium,2026-06-18,Success,3.0,94.0,5.0,0
017,Toffee,Weekly_Pass,2026-06-18,OTP_Failed,1.0,0.0,2.0,1
017,Toffee,Weekly_Pass,2026-06-16,OTP_Failed,1.0,4.0,1.0,1
018,Toffee,Weekly_Pass,2026-06-12,Stuck_at_Number_Screen,9.0,0.0,1.0,1
017,Bioscope,Daily_Pass,2026-07-05,Buffer_Timeout,0.0,15.0,1.0,0
017,Toffee,Daily_Pass,2026-06-16,Stuck_at_Number_Screen,6.0,0.0,,1
016,Toffee,Weekly_Pass,2026-07-03,OTP_Failed,3.0,3.0,1.0,1
018,Toffee,Daily_Pass,2026-07-07,Success,10.0,102.0,5.0,0
018,Bioscope,Daily_Pass,2026-06-17,OTP_Failed,6.0,5.0,1.0,1
016,Bioscope,Weekly_Pass,2026-06-21,OTP_Failed,2.0,3.0,1.0,1
016,Bioscope,Weekly_Pass,2026-07-10,Success,31.0,94.0,,1
017,Toffee,Weekly_Pass,2026-06-15,Success,2.0,103.0,5.0,0
013,Toffee,WC_Premium,2026-06-20,Success,5.0,77.0,,0
017,Bioscope,Weekly_Pass,2026-06-30,Buffer_Timeout,3.0,4.0,1.0,0
017,Bioscope,WC_Premium,2026-06-25,Success,0.0,77.0,4.0,1
016,Toffee,Daily_Pass,2026-06-17,Stuck_at_Number_Screen,6.0,10.0,1.0,1
019,Toffee,Weekly_Pass,2026-06-16,Success,2.0,61.0,,0
015,Toffee,Daily_Pass,2026-06-17,OTP_Failed,1.0,3.0,1.0,1
018,Toffee,Daily_Pass,2026-06-14,Success,8.0,80.0,4.0,0
017,Bioscope,WC_Premium,2026-06-25,Stuck_at_Number_Screen,1.0,5.0,1.0,1
017,Bioscope,Daily_Pass,2026-06-28,Success,11.0,92.0,5.0,0
019,Toffee,Daily_Pass,2026-06-20,Success,4.0,64.0,5.0,0
018,Toffee,Weekly_Pass,2026-07-05,Success,2.0,100.0,5.0,0
018,Other_Partner,Daily_Pass,2026-06-17,Success,5.0,85.0,4.0,0
019,Bioscope,Weekly_Pass,2026-06-14,Stuck_at_Number_Screen,1.0,8.0,,1
016,Bioscope,Daily_Pass,2026-06-28,Stuck_at_Number_Screen,4.0,5.0,2.0,1
019,Toffee,Daily_Pass,2026-06-18,Success,3.0,73.0,5.0,0
017,Bioscope,WC_Premium,2026-06-18,Success,4.0,80.0,4.0,0
016,Toffee,Weekly_Pass,2026-06-20,Stuck_at_Number_Screen,4.0,3.0,1.0,1
019,Toffee,Weekly_Pass,2026-06-18,OTP_Failed,5.0,12.0,2.0,1
017,Toffee,Weekly_Pass,2026-06-29,Success,4.0,57.0,4.0,0
018,Bioscope,WC_Premium,2026-07-08,Success,3.0,76.0,4.0,1
017,Toffee,WC_Premium,2026-07-06,OTP_Failed,3.0,4.0,,0
015,Bioscope,Daily_Pass,2026-06-30,Success,0.0,100.0,,0
017,Toffee,Daily_Pass,2026-06-12,OTP_Failed,0.0,9.0,,1
018,Toffee,Daily_Pass,2026-06-24,OTP_Failed,2.0,5.0,1.0,1
017,Toffee,Daily_Pass,2026-07-03,Success,2.0,91.0,4.0,0
016,Toffee,Daily_Pass,2026-07-08,OTP_Failed,1.0,0.0,1.0,1
017,Toffee,Daily_Pass,2026-07-03,Stuck_at_Number_Screen,0.0,7.0,1.0,1
017,Toffee,WC_Premium,2026-06-27,Success,14.0,86.0,5.0,0
018,Toffee,Weekly_Pass,2026-06-19,Success,24.0,100.0,,0
014,Toffee,Daily_Pass,2026-07-05,OTP_Failed,1.0,13.0,1.0,0
017,Bioscope,Weekly_Pass,2026-07-01,Success,4.0,92.0,,0
017,Toffee,WC_Premium,2026-06-17,Stuck_at_Number_Screen,2.0,11.0,1.0,1
019,Bioscope,Daily_Pass,2026-07-06,Buffer_Timeout,0.0,6.0,,0
018,Bioscope,Weekly_Pass,2026-06-18,Buffer_Timeout,1.0,9.0,1.0,0
014,Toffee,Daily_Pass,2026-06-29,Success,4.0,82.0,3.0,0
017,Bioscope,Weekly_Pass,2026-06-17,OTP_Failed,1.0,0.0,1.0,1
018,Bioscope,Daily_Pass,2026-07-01,Buffer_Timeout,3.0,3.0,1.0,0
017,Toffee,Weekly_Pass,2026-06-30,Success,9.0,95.0,3.0,0
017,Other_Partner,Weekly_Pass,2026-07-06,Success,6.0,112.0,3.0,0
016,Bioscope,Weekly_Pass,2026-06-28,Success,45.0,91.0,1.0,1
018,Other_Partner,Weekly_Pass,2026-07-03,Stuck_at_Number_Screen,1.0,4.0,1.0,1
019,Bioscope,Weekly_Pass,2026-06-23,Success,3.0,82.0,4.0,0
017,Toffee,Daily_Pass,2026-07-03,Success,8.0,130.0,4.0,0
013,Toffee,Weekly_Pass,2026-06-20,OTP_Failed,0.0,15.0,1.0,1
013,Bioscope,WC_Premium,2026-06-20,Success,18.0,100.0,3.0,0
015,Other_Partner,WC_Premium,2026-07-08,Success,1.0,93.0,4.0,0
017,Bioscope,WC_Premium,2026-06-18,Success,22.0,100.0,,0
017,Bioscope,Daily_Pass,2026-07-07,OTP_Failed,0.0,0.0,1.0,1
013,Toffee,Daily_Pass,2026-06-30,OTP_Failed,0.0,6.0,,1
018,Toffee,Weekly_Pass,2026-07-10,OTP_Failed,0.0,10.0,,1
017,Other_Partner,Daily_Pass,2026-06-23,Success,9.0,85.0,5.0,0
014,Bioscope,Daily_Pass,2026-06-20,Buffer_Timeout,3.0,5.0,1.0,0
017,Other_Partner,Weekly_Pass,2026-06-12,Success,19.0,97.0,4.0,0
019,Bioscope,Daily_Pass,2026-06-21,Success,0.0,109.0,,0
017,Toffee,Daily_Pass,2026-06-29,OTP_Failed,1.0,11.0,1.0,1
016,Bioscope,WC_Premium,2026-06-27,Stuck_at_Number_Screen,1.0,15.0,,1
014,Other_Partner,Daily_Pass,2026-06-25,Success,19.0,38.0,,0
017,Bioscope,Daily_Pass,2026-07-07,Success,7.0,101.0,,0
015,Toffee,Daily_Pass,2026-06-22,Success,13.0,91.0,4.0,0
018,Toffee,WC_Premium,2026-07-02,Success,3.0,62.0,4.0,0
014,Bioscope,WC_Premium,2026-06-18,Success,0.0,61.0,5.0,0
016,Toffee,Daily_Pass,2026-06-20,OTP_Failed,1.0,4.0,,1
017,Bioscope,Daily_Pass,2026-07-08,Stuck_at_Number_Screen,3.0,8.0,1.0,1
017,Toffee,WC_Premium,2026-07-08,OTP_Failed,4.0,0.0,,1
017,Toffee,Daily_Pass,2026-07-08,Success,14.0,99.0,,0
017,Bioscope,WC_Premium,2026-07-04,Success,9.0,91.0,5.0,0
017,Toffee,Weekly_Pass,2026-06-14,OTP_Failed,1.0,6.0,1.0,1
017,Bioscope,Daily_Pass,2026-06-14,Stuck_at_Number_Screen,5.0,1.0,,1
013,Toffee,WC_Premium,2026-07-08,Stuck_at_Number_Screen,2.0,7.0,1.0,1
019,Other_Partner,Daily_Pass,2026-06-20,Buffer_Timeout,2.0,1.0,1.0,1
017,Toffee,Daily_Pass,2026-06-22,Stuck_at_Number_Screen,3.0,0.0,1.0,0
017,Toffee,Daily_Pass,2026-07-09,Success,1.0,97.0,4.0,0
018,Bioscope,WC_Premium,2026-06-22,Stuck_at_Number_Screen,3.0,11.0,1.0,1
017,Bioscope,Daily_Pass,2026-06-27,Success,1.0,100.0,4.0,0
017,Toffee,Daily_Pass,2026-07-02,Success,9.0,99.0,4.0,0
017,Other_Partner,Daily_Pass,2026-06-14,Success,3.0,70.0,4.0,1
014,Bioscope,WC_Premium,2026-07-05,Success,5.0,108.0,4.0,0
019,Other_Partner,Daily_Pass,2026-06-28,Success,5.0,63.0,5.0,0
013,Bioscope,Daily_Pass,2026-06-18,Buffer_Timeout,4.0,0.0,2.0,1
016,Toffee,Weekly_Pass,2026-07-09,Success,0.0,91.0,4.0,0
018,Toffee,WC_Premium,2026-06-17,Stuck_at_Number_Screen,0.0,3.0,1.0,1
016,Toffee,WC_Premium,2026-06-18,Buffer_Timeout,0.0,0.0,1.0,0
016,Bioscope,Daily_Pass,2026-06-28,Buffer_Timeout,0.0,9.0,1.0,0
018,Toffee,WC_Premium,2026-07-06,Buffer_Timeout,2.0,8.0,1.0,0
017,Toffee,Weekly_Pass,2026-07-08,OTP_Failed,3.0,1.0,1.0,1
017,Toffee,Daily_Pass,2026-06-19,Success,13.0,73.0,4.0,0
018,Toffee,WC_Premium,2026-07-09,OTP_Failed,0.0,4.0,,1
019,Bioscope,Weekly_Pass,2026-06-14,Stuck_at_Number_Screen,1.0,0.0,1.0,1
018,Bioscope,Weekly_Pass,2026-06-27,Buffer_Timeout,2.0,1.0,2.0,0
019,Bioscope,WC_Premium,2026-06-16,Buffer_Timeout,2.0,4.0,1.0,1
015,Other_Partner,Weekly_Pass,2026-06-14,OTP_Failed,4.0,0.0,2.0,1
017,Bioscope,Daily_Pass,2026-06-25,Success,4.0,61.0,5.0,0
016,Other_Partner,WC_Premium,2026-06-28,Buffer_Timeout,1.0,0.0,,0
016,Toffee,Daily_Pass,2026-06-27,Buffer_Timeout,1.0,0.0,1.0,0
015,Toffee,Weekly_Pass,2026-07-02,Success,12.0,74.0,4.0,0
015,Toffee,Daily_Pass,2026-06-18,OTP_Failed,1.0,8.0,,1
016,Toffee,Daily_Pass,2026-06-29,Stuck_at_Number_Screen,2.0,3.0,1.0,1
017,Bioscope,Weekly_Pass,2026-06-22,Success,19.0,76.0,4.0,0
019,Bioscope,Weekly_Pass,2026-06-20,Stuck_at_Number_Screen,0.0,4.0,1.0,1
017,Toffee,Weekly_Pass,2026-06-18,Success,22.0,94.0,1.0,1
019,Bioscope,WC_Premium,2026-07-05,Success,9.0,96.0,5.0,0
014,Bioscope,Daily_Pass,2026-06-12,Success,3.0,90.0,4.0,0
013,Toffee,Weekly_Pass,2026-06-14,OTP_Failed,1.0,6.0,2.0,1
018,Bioscope,WC_Premium,2026-06-16,Success,17.0,68.0,5.0,1
013,Other_Partner,WC_Premium,2026-07-03,Success,7.0,56.0,5.0,0
013,Bioscope,Weekly_Pass,2026-06-26,Buffer_Timeout,9.0,0.0,2.0,0
017,Bioscope,Daily_Pass,2026-06-14,Success,3.0,110.0,4.0,0
019,Toffee,Weekly_Pass,2026-06-30,Success,15.0,99.0,,0
014,Toffee,Weekly_Pass,2026-07-09,OTP_Failed,1.0,2.0,1.0,1
014,Toffee,Daily_Pass,2026-07-03,Success,3.0,44.0,4.0,0
017,Bioscope,Weekly_Pass,2026-07-03,Stuck_at_Number_Screen,3.0,11.0,1.0,1
019,Toffee,Daily_Pass,2026-07-03,Success,5.0,88.0,,0
016,Toffee,WC_Premium,2026-07-01,OTP_Failed,0.0,13.0,1.0,1
017,Other_Partner,WC_Premium,2026-06-14,Success,10.0,103.0,,0
017,Bioscope,Daily_Pass,2026-06-24,Buffer_Timeout,1.0,6.0,1.0,0
017,Bioscope,Daily_Pass,2026-06-23,Success,5.0,68.0,3.0,0
014,Toffee,WC_Premium,2026-07-02,Success,4.0,69.0,4.0,0
018,Toffee,WC_Premium,2026-07-03,Buffer_Timeout,1.0,2.0,2.0,0
016,Toffee,WC_Premium,2026-06-20,OTP_Failed,3.0,7.0,,1
017,Bioscope,Daily_Pass,2026-06-19,Stuck_at_Number_Screen,3.0,4.0,1.0,1
016,Toffee,Daily_Pass,2026-07-09,Success,22.0,118.0,,0
017,Bioscope,WC_Premium,2026-07-01,Success,3.0,86.0,4.0,0
013,Other_Partner,Daily_Pass,2026-06-16,Success,10.0,100.0,5.0,0
018,Toffee,WC_Premium,2026-07-10,Success,2.0,67.0,4.0,0
017,Toffee,Daily_Pass,2026-06-15,Success,8.0,122.0,4.0,0
019,Bioscope,WC_Premium,2026-06-15,Buffer_Timeout,2.0,0.0,1.0,0
017,Other_Partner,Daily_Pass,2026-07-10,Success,10.0,86.0,5.0,0
016,Bioscope,Weekly_Pass,2026-06-13,Success,1.0,111.0,,0
013,Toffee,Weekly_Pass,2026-06-11,Success,5.0,81.0,4.0,0
018,Toffee,WC_Premium,2026-06-28,OTP_Failed,1.0,3.0,1.0,0
017,Bioscope,Daily_Pass,2026-07-09,Success,2.0,68.0,5.0,0
017,Bioscope,Daily_Pass,2026-06-26,Success,0.0,87.0,4.0,0
014,Toffee,Daily_Pass,2026-06-17,Stuck_at_Number_Screen,5.0,7.0,1.0,1
017,Bioscope,WC_Premium,2026-06-21,Success,4.0,123.0,,0
019,Bioscope,Weekly_Pass,2026-06-26,Success,22.0,83.0,2.0,1
015,Toffee,Weekly_Pass,2026-07-08,Success,14.0,109.0,5.0,1
017,Bioscope,Daily_Pass,2026-06-30,Success,2.0,65.0,4.0,0
017,Toffee,Weekly_Pass,2026-06-21,Success,27.0,102.0,1.0,0
016,Bioscope,Daily_Pass,2026-06-20,Success,20.0,102.0,,0
015,Bioscope,Daily_Pass,2026-06-29,Success,21.0,118.0,1.0,1
014,Toffee,WC_Premium,2026-07-08,Success,0.0,55.0,4.0,0
018,Bioscope,Daily_Pass,2026-06-23,Success,11.0,65.0,5.0,0
019,Bioscope,Weekly_Pass,2026-06-14,Success,13.0,101.0,5.0,0
017,Other_Partner,WC_Premium,2026-06-18,Success,4.0,144.0,5.0,1
015,Toffee,WC_Premium,2026-06-17,Success,29.0,72.0,1.0,0
015,Bioscope,WC_Premium,2026-07-04,Success,12.0,102.0,3.0,0
017,Bioscope,Daily_Pass,2026-06-11,Buffer_Timeout,0.0,7.0,2.0,0
017,Bioscope,Weekly_Pass,2026-06-27,Success,7.0,92.0,4.0,0
017,Bioscope,Daily_Pass,2026-07-08,Stuck_at_Number_Screen,2.0,6.0,2.0,1
017,Toffee,Daily_Pass,2026-06-30,Stuck_at_Number_Screen,3.0,0.0,1.0,1
019,Toffee,Weekly_Pass,2026-06-23,OTP_Failed,5.0,11.0,,0
013,Bioscope,WC_Premium,2026-06-23,Stuck_at_Number_Screen,4.0,8.0,1.0,1
017,Toffee,Daily_Pass,2026-06-19,OTP_Failed,1.0,1.0,1.0,1
017,Other_Partner,Daily_Pass,2026-07-02,Success,2.0,91.0,3.0,0
015,Bioscope,Weekly_Pass,2026-06-25,Buffer_Timeout,1.0,5.0,,0
018,Toffee,Daily_Pass,2026-06-25,Success,25.0,71.0,1.0,0
013,Bioscope,Weekly_Pass,2026-06-12,Success,3.0,80.0,4.0,0
017,Toffee,Daily_Pass,2026-06-25,Success,10.0,74.0,4.0,0
015,Bioscope,Daily_Pass,2026-07-10,Stuck_at_Number_Screen,1.0,9.0,2.0,1
019,Toffee,Weekly_Pass,2026-06-14,Success,13.0,73.0,5.0,0
017,Toffee,WC_Premium,2026-06-23,Buffer_Timeout,3.0,15.0,,0
017,Toffee,Weekly_Pass,2026-06-30,Success,11.0,87.0,4.0,0
017,Bioscope,WC_Premium,2026-07-05,Success,28.0,102.0,1.0,1
017,Toffee,Daily_Pass,2026-07-01,Success,12.0,65.0,5.0,0
018,Toffee,WC_Premium,2026-07-02,OTP_Failed,1.0,0.0,,0
014,Toffee,Daily_Pass,2026-06-13,OTP_Failed,5.0,10.0,1.0,1
018,Toffee,WC_Premium,2026-06-19,Success,1.0,45.0,4.0,0
019,Other_Partner,Weekly_Pass,2026-06-30,Success,17.0,70.0,,0
013,Toffee,Daily_Pass,2026-07-09,Success,1.0,88.0,,0
016,Bioscope,Daily_Pass,2026-06-19,Success,5.0,115.0,,0
016,Bioscope,Weekly_Pass,2026-06-14,Success,5.0,95.0,5.0,0
017,Bioscope,Daily_Pass,2026-06-28,Buffer_Timeout,4.0,9.0,,0
013,Toffee,WC_Premium,2026-07-02,Stuck_at_Number_Screen,2.0,6.0,1.0,1
018,Other_Partner,Daily_Pass,2026-06-18,Success,0.0,83.0,4.0,0
017,Toffee,Daily_Pass,2026-07-01,Success,12.0,104.0,4.0,0
013,Bioscope,Daily_Pass,2026-06-12,Stuck_at_Number_Screen,1.0,13.0,,1
018,Other_Partner,Daily_Pass,2026-06-27,Success,1.0,94.0,,0
015,Bioscope,Weekly_Pass,2026-07-01,Success,11.0,72.0,,0
018,Bioscope,Weekly_Pass,2026-06-30,Success,2.0,45.0,4.0,0
019,Other_Partner,WC_Premium,2026-07-06,Success,19.0,90.0,4.0,0
013,Bioscope,Daily_Pass,2026-07-05,OTP_Failed,2.0,12.0,1.0,1
019,Toffee,WC_Premium,2026-06-14,Success,1.0,55.0,4.0,0
018,Toffee,Daily_Pass,2026-07-08,Buffer_Timeout,1.0,3.0,,0
019,Toffee,WC_Premium,2026-06-17,OTP_Failed,4.0,13.0,1.0,1
013,Toffee,Daily_Pass,2026-07-08,OTP_Failed,1.0,0.0,2.0,1
018,Bioscope,WC_Premium,2026-07-08,Success,11.0,105.0,5.0,0
018,Bioscope,Weekly_Pass,2026-06-16,Success,3.0,82.0,4.0,0
013,Toffee,Daily_Pass,2026-06-12,OTP_Failed,0.0,2.0,1.0,1
017,Bioscope,Daily_Pass,2026-06-30,Stuck_at_Number_Screen,5.0,1.0,1.0,1
017,Toffee,Weekly_Pass,2026-06-13,Success,14.0,110.0,,0
017,Other_Partner,Daily_Pass,2026-07-09,Success,1.0,96.0,5.0,0
019,Other_Partner,Weekly_Pass,2026-07-08,Success,2.0,99.0,4.0,0
017,Other_Partner,Weekly_Pass,2026-07-08,OTP_Failed,0.0,5.0,,1
017,Bioscope,WC_Premium,2026-06-16,Stuck_at_Number_Screen,0.0,6.0,1.0,1
016,Toffee,WC_Premium,2026-07-07,OTP_Failed,1.0,0.0,1.0,1
017,Bioscope,Daily_Pass,2026-06-17,Buffer_Timeout,1.0,1.0,,0
018,Toffee,Daily_Pass,2026-07-01,OTP_Failed,0.0,2.0,1.0,0
017,Toffee,Daily_Pass,2026-06-16,Success,24.0,93.0,1.0,0
015,Bioscope,WC_Premium,2026-06-24,OTP_Failed,3.0,1.0,,1
019,Toffee,WC_Premium,2026-06-30,OTP_Failed,6.0,8.0,1.0,1
019,Other_Partner,WC_Premium,2026-06-22,Success,24.0,105.0,1.0,0
013,Other_Partner,WC_Premium,2026-07-03,Success,3.0,105.0,,0
019,Toffee,WC_Premium,2026-06-30,OTP_Failed,0.0,10.0,1.0,1
017,Bioscope,WC_Premium,2026-06-13,Stuck_at_Number_Screen,0.0,6.0,,1
017,Toffee,Daily_Pass,2026-07-10,Stuck_at_Number_Screen,3.0,3.0,1.0,1
017,Bioscope,WC_Premium,2026-07-09,Stuck_at_Number_Screen,1.0,0.0,2.0,1
018,Bioscope,WC_Premium,2026-06-19,Success,10.0,80.0,4.0,0
018,Toffee,Daily_Pass,2026-06-23,OTP_Failed,3.0,1.0,1.0,1
018,Toffee,Daily_Pass,2026-06-29,OTP_Failed,4.0,2.0,,1
017,Toffee,Daily_Pass,2026-07-03,Success,11.0,104.0,,0
013,Other_Partner,WC_Premium,2026-06-15,Success,11.0,141.0,,0
016,Toffee,Weekly_Pass,2026-06-24,Success,0.0,147.0,5.0,0
013,Toffee,Daily_Pass,2026-06-25,Success,9.0,100.0,5.0,0
016,Bioscope,WC_Premium,2026-06-25,Stuck_at_Number_Screen,1.0,3.0,2.0,1
017,Bioscope,Daily_Pass,2026-07-10,Success,9.0,84.0,5.0,0
019,Bioscope,WC_Premium,2026-07-08,Success,10.0,51.0,,0
018,Bioscope,WC_Premium,2026-06-13,Success,13.0,74.0,3.0,0
017,Bioscope,WC_Premium,2026-06-21,Stuck_at_Number_Screen,3.0,4.0,2.0,1
017,Bioscope,Daily_Pass,2026-07-09,Success,17.0,111.0,4.0,0
018,Toffee,WC_Premium,2026-06-15,Success,4.0,90.0,5.0,0
019,Bioscope,Daily_Pass,2026-06-18,Success,18.0,108.0,5.0,0
013,Toffee,Weekly_Pass,2026-06-28,Success,19.0,106.0,3.0,0
017,Toffee,Weekly_Pass,2026-07-01,Success,11.0,77.0,5.0,0
019,Other_Partner,Weekly_Pass,2026-06-25,OTP_Failed,0.0,3.0,1.0,1
016,Toffee,WC_Premium,2026-06-23,Success,9.0,93.0,5.0,0
013,Other_Partner,Weekly_Pass,2026-06-22,Success,0.0,94.0,,0
018,Toffee,WC_Premium,2026-06-11,Success,1.0,134.0,5.0,0
017,Toffee,Daily_Pass,2026-06-25,Stuck_at_Number_Screen,0.0,1.0,,1
018,Bioscope,Daily_Pass,2026-06-17,Success,0.0,111.0,,0
013,Bioscope,Weekly_Pass,2026-06-18,Buffer_Timeout,1.0,5.0,2.0,1
015,Bioscope,Daily_Pass,2026-07-04,Stuck_at_Number_Screen,0.0,11.0,1.0,1
018,Bioscope,WC_Premium,2026-06-17,Success,1.0,134.0,5.0,0
018,Toffee,WC_Premium,2026-07-05,OTP_Failed,5.0,4.0,,1
018,Other_Partner,Weekly_Pass,2026-06-27,Success,6.0,103.0,4.0,0
014,Toffee,WC_Premium,2026-06-15,OTP_Failed,1.0,8.0,2.0,1
019,Bioscope,Weekly_Pass,2026-06-24,Success,1.0,65.0,4.0,0
018,Toffee,Daily_Pass,2026-06-27,OTP_Failed,2.0,8.0,1.0,1
016,Bioscope,Weekly_Pass,2026-07-10,Success,6.0,66.0,4.0,0
018,Bioscope,Weekly_Pass,2026-06-20,OTP_Failed,2.0,5.0,1.0,0
018,Toffee,WC_Premium,2026-07-03,OTP_Failed,0.0,7.0,1.0,1
017,Other_Partner,Daily_Pass,2026-06-21,Success,14.0,100.0,3.0,0
018,Toffee,Weekly_Pass,2026-06-28,Buffer_Timeout,10.0,2.0,2.0,0
017,Toffee,Daily_Pass,2026-06-28,Success,2.0,107.0,3.0,0
014,Bioscope,Daily_Pass,2026-07-04,Buffer_Timeout,1.0,2.0,1.0,1
017,Toffee,Weekly_Pass,2026-06-18,OTP_Failed,1.0,12.0,1.0,1
015,Toffee,Daily_Pass,2026-06-11,OTP_Failed,6.0,12.0,1.0,1
018,Bioscope,WC_Premium,2026-06-19,Buffer_Timeout,1.0,4.0,1.0,0
018,Bioscope,Weekly_Pass,2026-06-20,Stuck_at_Number_Screen,0.0,11.0,,1
018,Toffee,Daily_Pass,2026-06-26,Success,26.0,102.0,1.0,0
017,Bioscope,Weekly_Pass,2026-07-06,Stuck_at_Number_Screen,3.0,6.0,1.0,1
013,Bioscope,Daily_Pass,2026-06-20,Success,1.0,106.0,4.0,0
017,Bioscope,WC_Premium,2026-07-06,Success,6.0,98.0,,0
018,Other_Partner,Daily_Pass,2026-07-06,Buffer_Timeout,2.0,10.0,,0
013,Bioscope,Daily_Pass,2026-06-23,Success,23.0,73.0,1.0,0
019,Bioscope,Weekly_Pass,2026-06-28,Success,3.0,111.0,5.0,0
017,Toffee,WC_Premium,2026-07-07,OTP_Failed,1.0,7.0,,1
017,Toffee,WC_Premium,2026-07-05,Success,5.0,78.0,4.0,0
013,Bioscope,Daily_Pass,2026-06-13,Success,0.0,88.0,4.0,0
014,Other_Partner,Daily_Pass,2026-07-08,Success,6.0,101.0,3.0,0
016,Bioscope,Weekly_Pass,2026-06-27,OTP_Failed,5.0,7.0,2.0,1
013,Toffee,WC_Premium,2026-06-25,Success,16.0,71.0,3.0,1
018,Toffee,Daily_Pass,2026-06-13,Success,12.0,69.0,4.0,0
017,Bioscope,Weekly_Pass,2026-07-06,Buffer_Timeout,3.0,8.0,1.0,0
015,Bioscope,Daily_Pass,2026-06-20,Buffer_Timeout,1.0,3.0,1.0,0
016,Bioscope,Daily_Pass,2026-07-05,Stuck_at_Number_Screen,0.0,10.0,2.0,1
017,Bioscope,Weekly_Pass,2026-06-23,Success,1.0,105.0,4.0,0
018,Toffee,Daily_Pass,2026-06-12,Success,0.0,107.0,5.0,0
017,Other_Partner,Daily_Pass,2026-06-13,Stuck_at_Number_Screen,3.0,1.0,1.0,0
015,Bioscope,Daily_Pass,2026-07-05,Success,1.0,133.0,4.0,0
017,Toffee,Weekly_Pass,2026-07-09,Buffer_Timeout,4.0,10.0,,0
018,Toffee,Daily_Pass,2026-07-02,Success,6.0,121.0,5.0,0
017,Other_Partner,Weekly_Pass,2026-06-28,Stuck_at_Number_Screen,8.0,3.0,1.0,1
016,Bioscope,WC_Premium,2026-07-01,Success,7.0,123.0,4.0,0
019,Toffee,Daily_Pass,2026-06-21,Success,5.0,83.0,4.0,0
016,Toffee,Weekly_Pass,2026-06-27,OTP_Failed,0.0,6.0,1.0,1
018,Toffee,WC_Premium,2026-07-06,Stuck_at_Number_Screen,1.0,5.0,1.0,1
019,Toffee,Daily_Pass,2026-07-01,OTP_Failed,1.0,0.0,,0
017,Bioscope,Daily_Pass,2026-07-05,Success,4.0,65.0,4.0,0
017,Bioscope,Daily_Pass,2026-06-21,Buffer_Timeout,4.0,5.0,,0
017,Bioscope,Weekly_Pass,2026-06-27,Success,11.0,89.0,4.0,0
015,Bioscope,Weekly_Pass,2026-06-25,Success,11.0,113.0,,1
013,Toffee,Daily_Pass,2026-06-20,Success,13.0,92.0,4.0,0
016,Toffee,WC_Premium,2026-06-14,OTP_Failed,2.0,3.0,,0
016,Toffee,WC_Premium,2026-07-10,Success,6.0,126.0,,0
017,Toffee,Daily_Pass,2026-07-05,Stuck_at_Number_Screen,3.0,15.0,,0
017,Toffee,WC_Premium,2026-06-12,Success,5.0,66.0,4.0,0
017,Bioscope,Daily_Pass,2026-07-04,Success,6.0,102.0,5.0,0
013,Bioscope,Weekly_Pass,2026-06-24,Success,1.0,60.0,,0
017,Bioscope,Daily_Pass,2026-06-15,Success,1.0,81.0,3.0,0
017,Bioscope,Weekly_Pass,2026-06-19,Success,9.0,75.0,5.0,0
019,Bioscope,Daily_Pass,2026-06-11,Success,34.0,58.0,,1
015,Bioscope,Weekly_Pass,2026-07-10,Success,2.0,98.0,4.0,0
017,Toffee,Daily_Pass,2026-06-22,Success,5.0,115.0,,0
017,Other_Partner,WC_Premium,2026-06-17,Success,0.0,94.0,4.0,0
017,Toffee,Daily_Pass,2026-07-08,Success,2.0,68.0,5.0,1
016,Toffee,Daily_Pass,2026-06-22,Success,4.0,70.0,5.0,0
019,Toffee,Daily_Pass,2026-06-30,Success,14.0,109.0,4.0,0
017,Other_Partner,Daily_Pass,2026-06-20,Buffer_Timeout,1.0,9.0,1.0,1
017,Other_Partner,WC_Premium,2026-07-10,Success,16.0,69.0,4.0,0
019,Bioscope,WC_Premium,2026-06-30,Success,2.0,63.0,4.0,0
018,Bioscope,WC_Premium,2026-07-08,Success,7.0,72.0,4.0,0
017,Bioscope,WC_Premium,2026-06-13,Success,2.0,84.0,,0
018,Other_Partner,Daily_Pass,2026-07-08,Success,4.0,111.0,3.0,0
017,Bioscope,Daily_Pass,2026-06-18,Success,9.0,84.0,5.0,0
013,Other_Partner,Weekly_Pass,2026-06-17,Success,3.0,104.0,4.0,0
019,Toffee,WC_Premium,2026-06-12,OTP_Failed,2.0,9.0,2.0,1
019,Toffee,Weekly_Pass,2026-06-28,Buffer_Timeout,6.0,7.0,1.0,1
013,Bioscope,Daily_Pass,2026-06-20,Buffer_Timeout,3.0,7.0,2.0,0
014,Toffee,Daily_Pass,2026-06-26,Success,8.0,91.0,4.0,0
013,Other_Partner,Daily_Pass,2026-06-18,Success,1.0,74.0,4.0,0
019,Bioscope,Daily_Pass,2026-07-01,Success,22.0,76.0,1.0,0
018,Other_Partner,WC_Premium,2026-07-01,Success,3.0,82.0,3.0,0
019,Toffee,Daily_Pass,2026-06-21,Success,8.0,78.0,4.0,0
014,Bioscope,WC_Premium,2026-06-24,Success,11.0,101.0,5.0,0
017,Toffee,WC_Premium,2026-07-01,OTP_Failed,1.0,12.0,1.0,1
014,Bioscope,WC_Premium,2026-07-07,Stuck_at_Number_Screen,1.0,11.0,,1
019,Bioscope,WC_Premium,2026-07-09,Stuck_at_Number_Screen,3.0,3.0,1.0,1
019,Other_Partner,Daily_Pass,2026-06-24,Success,4.0,68.0,4.0,0
017,Bioscope,WC_Premium,2026-06-19,Stuck_at_Number_Screen,3.0,3.0,1.0,1
019,Toffee,Daily_Pass,2026-06-21,Stuck_at_Number_Screen,3.0,5.0,2.0,1
019,Other_Partner,WC_Premium,2026-06-17,Success,11.0,70.0,4.0,0
017,Toffee,Daily_Pass,2026-06-15,Success,16.0,76.0,4.0,0
015,Toffee,Weekly_Pass,2026-06-18,OTP_Failed,0.0,0.0,2.0,1
017,Toffee,Daily_Pass,2026-06-19,Success,3.0,90.0,5.0,0
017,Bioscope,Daily_Pass,2026-07-07,OTP_Failed,0.0,5.0,1.0,1
018,Toffee,WC_Premium,2026-06-13,Success,8.0,97.0,4.0,0
018,Toffee,WC_Premium,2026-06-11,Buffer_Timeout,1.0,2.0,1.0,0
018,Other_Partner,Weekly_Pass,2026-06-29,Buffer_Timeout,0.0,1.0,1.0,0
017,Bioscope,Weekly_Pass,2026-06-25,Success,8.0,66.0,5.0,0
015,Toffee,WC_Premium,2026-06-26,Success,11.0,74.0,4.0,0
017,Bioscope,Daily_Pass,2026-06-19,Success,38.0,122.0,1.0,1
017,Other_Partner,WC_Premium,2026-06-19,Success,4.0,122.0,4.0,0
017,Toffee,Weekly_Pass,2026-06-21,Success,0.0,114.0,5.0,0
018,Bioscope,Weekly_Pass,2026-06-13,Stuck_at_Number_Screen,2.0,9.0,1.0,1
014,Bioscope,WC_Premium,2026-06-22,Stuck_at_Number_Screen,2.0,11.0,1.0,1
016,Bioscope,Weekly_Pass,2026-06-22,Buffer_Timeout,2.0,6.0,1.0,0
019,Toffee,Weekly_Pass,2026-07-10,Success,0.0,107.0,3.0,0
017,Bioscope,WC_Premium,2026-06-12,Stuck_at_Number_Screen,3.0,6.0,2.0,1
018,Toffee,WC_Premium,2026-06-28,Success,0.0,87.0,5.0,0
018,Bioscope,WC_Premium,2026-07-05,Success,7.0,84.0,,0
018,Toffee,Weekly_Pass,2026-06-29,Success,1.0,116.0,4.0,0
017,Toffee,Daily_Pass,2026-07-05,Stuck_at_Number_Screen,2.0,0.0,1.0,1
016,Toffee,Daily_Pass,2026-06-14,Success,9.0,50.0,,0
018,Bioscope,Daily_Pass,2026-06-12,Buffer_Timeout,0.0,3.0,1.0,0
019,Toffee,WC_Premium,2026-07-10,OTP_Failed,0.0,5.0,1.0,1
018,Toffee,Daily_Pass,2026-06-19,Success,15.0,80.0,4.0,0
017,Toffee,Weekly_Pass,2026-06-13,Success,2.0,99.0,4.0,0
018,Bioscope,WC_Premium,2026-06-12,Success,0.0,123.0,5.0,0
017,Toffee,WC_Premium,2026-06-27,OTP_Failed,2.0,7.0,1.0,1
019,Bioscope,Daily_Pass,2026-07-03,Success,4.0,90.0,5.0,0
018,Toffee,Daily_Pass,2026-06-25,Success,9.0,57.0,4.0,0
017,Toffee,WC_Premium,2026-07-06,Success,19.0,52.0,5.0,0
015,Bioscope,Weekly_Pass,2026-06-18,Stuck_at_Number_Screen,6.0,4.0,1.0,1
018,Other_Partner,WC_Premium,2026-06-29,Success,17.0,97.0,4.0,0
017,Toffee,WC_Premium,2026-06-17,OTP_Failed,2.0,12.0,1.0,0
018,Toffee,Weekly_Pass,2026-06-20,OTP_Failed,5.0,10.0,,1
017,Toffee,Daily_Pass,2026-06-27,Success,14.0,107.0,4.0,0
019,Bioscope,Weekly_Pass,2026-06-19,Buffer_Timeout,2.0,0.0,1.0,0
019,Toffee,Weekly_Pass,2026-07-06,OTP_Failed,1.0,8.0,,0
015,Bioscope,Daily_Pass,2026-07-02,Success,1.0,104.0,5.0,0
018,Toffee,WC_Premium,2026-06-29,Stuck_at_Number_Screen,2.0,2.0,1.0,1
018,Toffee,WC_Premium,2026-06-16,Buffer_Timeout,1.0,0.0,1.0,0
019,Toffee,Daily_Pass,2026-07-10,OTP_Failed,0.0,9.0,1.0,1
017,Bioscope,WC_Premium,2026-06-11,Success,6.0,94.0,5.0,0
018,Bioscope,Weekly_Pass,2026-06-24,Buffer_Timeout,0.0,4.0,,0
018,Toffee,WC_Premium,2026-06-15,Success,0.0,93.0,4.0,0
017,Other_Partner,Daily_Pass,2026-06-20,Success,12.0,107.0,,0
013,Toffee,Daily_Pass,2026-06-22,Success,8.0,139.0,5.0,0
019,Bioscope,Daily_Pass,2026-07-05,Success,1.0,50.0,4.0,0
019,Bioscope,Daily_Pass,2026-06-30,Buffer_Timeout,1.0,10.0,1.0,0
017,Toffee,Daily_Pass,2026-06-30,OTP_Failed,2.0,7.0,,1
017,Bioscope,WC_Premium,2026-06-21,Stuck_at_Number_Screen,1.0,3.0,1.0,1
017,Bioscope,Weekly_Pass,2026-06-29,Success,5.0,119.0,4.0,0
019,Toffee,WC_Premium,2026-06-29,Buffer_Timeout,4.0,1.0,1.0,0
017,Bioscope,Weekly_Pass,2026-06-12,Success,0.0,99.0,5.0,0
016,Toffee,Daily_Pass,2026-06-26,Success,2.0,89.0,3.0,1
017,Bioscope,Weekly_Pass,2026-06-14,OTP_Failed,1.0,0.0,1.0,0
018,Toffee,WC_Premium,2026-07-05,Success,4.0,66.0,4.0,0
013,Bioscope,Weekly_Pass,2026-06-14,Success,6.0,72.0,5.0,0
019,Toffee,Daily_Pass,2026-07-01,Buffer_Timeout,1.0,12.0,,1
017,Toffee,WC_Premium,2026-06-30,OTP_Failed,1.0,4.0,,0
018,Toffee,Daily_Pass,2026-07-08,Buffer_Timeout,0.0,2.0,2.0,0
017,Toffee,Weekly_Pass,2026-06-20,OTP_Failed,3.0,5.0,,1
016,Bioscope,Weekly_Pass,2026-07-04,Success,5.0,75.0,4.0,0
019,Toffee,Daily_Pass,2026-06-26,Success,4.0,90.0,,0
017,Bioscope,Daily_Pass,2026-06-19,Buffer_Timeout,0.0,2.0,1.0,0
019,Toffee,WC_Premium,2026-06-16,Success,5.0,63.0,5.0,0
018,Bioscope,WC_Premium,2026-06-15,OTP_Failed,6.0,14.0,1.0,1
017,Bioscope,Weekly_Pass,2026-06-20,Success,2.0,61.0,4.0,0
013,Other_Partner,Daily_Pass,2026-07-09,Success,6.0,120.0,,0
017,Other_Partner,Daily_Pass,2026-06-14,Success,9.0,50.0,4.0,1
016,Bioscope,Daily_Pass,2026-06-19,Success,2.0,106.0,5.0,0
019,Bioscope,Weekly_Pass,2026-06-30,Stuck_at_Number_Screen,0.0,0.0,2.0,1
017,Toffee,Daily_Pass,2026-06-12,Success,4.0,88.0,5.0,0
018,Bioscope,Daily_Pass,2026-06-19,Success,21.0,115.0,1.0,0
019,Other_Partner,Weekly_Pass,2026-07-09,OTP_Failed,0.0,10.0,,1
014,Toffee,WC_Premium,2026-06-19,OTP_Failed,0.0,11.0,2.0,1
018,Bioscope,WC_Premium,2026-06-16,Success,4.0,133.0,3.0,0
015,Toffee,Weekly_Pass,2026-06-24,OTP_Failed,0.0,4.0,,1
018,Bioscope,WC_Premium,2026-06-11,Buffer_Timeout,6.0,10.0,1.0,0
013,Toffee,Daily_Pass,2026-06-28,OTP_Failed,1.0,9.0,1.0,1
019,Bioscope,Weekly_Pass,2026-07-06,Stuck_at_Number_Screen,3.0,6.0,2.0,1
018,Bioscope,WC_Premium,2026-06-22,Buffer_Timeout,0.0,4.0,1.0,1
018,Other_Partner,WC_Premium,2026-07-03,Stuck_at_Number_Screen,1.0,3.0,,0
018,Bioscope,Weekly_Pass,2026-06-11,Success,1.0,91.0,,0
019,Bioscope,Weekly_Pass,2026-06-16,Buffer_Timeout,1.0,5.0,1.0,0
019,Toffee,WC_Premium,2026-07-05,Success,1.0,61.0,4.0,0
013,Toffee,Weekly_Pass,2026-06-16,Buffer_Timeout,0.0,14.0,1.0,0
017,Toffee,Weekly_Pass,2026-07-07,Success,17.0,87.0,4.0,0
018,Toffee,WC_Premium,2026-07-03,Success,4.0,95.0,5.0,0
018,Toffee,Daily_Pass,2026-06-14,Stuck_at_Number_Screen,1.0,15.0,1.0,1
017,Bioscope,Weekly_Pass,2026-06-21,Success,1.0,74.0,,0
019,Bioscope,WC_Premium,2026-07-06,Success,3.0,83.0,4.0,0
018,Bioscope,Daily_Pass,2026-07-09,OTP_Failed,3.0,0.0,1.0,1
017,Toffee,Daily_Pass,2026-07-08,OTP_Failed,1.0,10.0,1.0,1
017,Toffee,Weekly_Pass,2026-06-11,Success,6.0,70.0,3.0,0
017,Bioscope,Daily_Pass,2026-07-07,Success,2.0,129.0,5.0,0
014,Toffee,Weekly_Pass,2026-06-11,Success,4.0,70.0,5.0,0
017,Toffee,Daily_Pass,2026-06-18,Success,5.0,91.0,5.0,0
017,Toffee,Weekly_Pass,2026-07-01,Success,9.0,74.0,3.0,0
018,Toffee,Weekly_Pass,2026-07-03,Success,2.0,122.0,5.0,0
017,Toffee,Weekly_Pass,2026-07-05,Success,5.0,90.0,3.0,0
017,Toffee,Daily_Pass,2026-06-13,OTP_Failed,2.0,3.0,1.0,1
017,Toffee,Daily_Pass,2026-06-22,Stuck_at_Number_Screen,1.0,6.0,,1
018,Bioscope,Daily_Pass,2026-07-02,Success,8.0,92.0,5.0,0
018,Toffee,Weekly_Pass,2026-06-16,Success,16.0,135.0,5.0,0
013,Toffee,Daily_Pass,2026-06-16,OTP_Failed,3.0,13.0,2.0,1
013,Other_Partner,WC_Premium,2026-06-27,Stuck_at_Number_Screen,0.0,4.0,1.0,1
015,Bioscope,WC_Premium,2026-07-07,Success,9.0,93.0,5.0,0
013,Toffee,Daily_Pass,2026-07-06,Success,1.0,120.0,4.0,0
017,Other_Partner,Daily_Pass,2026-07-05,Buffer_Timeout,2.0,6.0,1.0,0
017,Toffee,Daily_Pass,2026-07-05,OTP_Failed,0.0,11.0,,1
018,Toffee,Weekly_Pass,2026-07-09,Stuck_at_Number_Screen,1.0,5.0,,1
019,Other_Partner,Daily_Pass,2026-07-04,Success,17.0,87.0,4.0,0
017,Bioscope,Daily_Pass,2026-06-19,Success,9.0,67.0,3.0,0
016,Toffee,Daily_Pass,2026-06-24,Success,5.0,82.0,,0
017,Bioscope,WC_Premium,2026-06-29,OTP_Failed,4.0,6.0,1.0,1
013,Bioscope,Weekly_Pass,2026-06-23,Success,18.0,88.0,5.0,0
019,Toffee,WC_Premium,2026-06-15,Success,25.0,90.0,2.0,1
017,Toffee,Daily_Pass,2026-06-19,Success,10.0,81.0,,0
018,Toffee,Daily_Pass,2026-07-10,Stuck_at_Number_Screen,0.0,3.0,1.0,1
017,Other_Partner,Daily_Pass,2026-07-08,Stuck_at_Number_Screen,0.0,5.0,2.0,1
016,Toffee,WC_Premium,2026-06-20,Success,1.0,102.0,4.0,0
017,Bioscope,Daily_Pass,2026-06-14,Stuck_at_Number_Screen,3.0,10.0,1.0,1
019,Toffee,Weekly_Pass,2026-07-04,Success,2.0,69.0,5.0,0
017,Toffee,Daily_Pass,2026-06-17,Success,1.0,85.0,4.0,0
019,Bioscope,WC_Premium,2026-06-29,Success,6.0,92.0,4.0,0
013,Bioscope,Daily_Pass,2026-06-27,OTP_Failed,1.0,8.0,1.0,1
016,Toffee,Weekly_Pass,2026-06-24,Success,1.0,95.0,,0
017,Toffee,WC_Premium,2026-06-27,Success,6.0,88.0,,0
014,Bioscope,Weekly_Pass,2026-07-06,Success,15.0,105.0,4.0,0
017,Toffee,Weekly_Pass,2026-06-30,Success,6.0,56.0,4.0,0
017,Toffee,Weekly_Pass,2026-06-24,Buffer_Timeout,2.0,9.0,,1
018,Bioscope,WC_Premium,2026-06-17,Success,7.0,85.0,4.0,0
017,Bioscope,Daily_Pass,2026-06-25,Success,20.0,98.0,4.0,0
017,Toffee,Daily_Pass,2026-07-08,Success,15.0,116.0,5.0,0
014,Bioscope,WC_Premium,2026-07-10,Success,2.0,67.0,5.0,0
015,Other_Partner,Weekly_Pass,2026-07-08,Success,1.0,104.0,4.0,0
013,Toffee,WC_Premium,2026-06-22,Success,2.0,79.0,4.0,0
014,Bioscope,Weekly_Pass,2026-06-23,Success,14.0,75.0,4.0,0
018,Toffee,Weekly_Pass,2026-06-28,Success,5.0,100.0,5.0,0
017,Toffee,Daily_Pass,2026-07-10,Success,9.0,68.0,4.0,0
016,Toffee,WC_Premium,2026-06-16,Success,17.0,87.0,4.0,0
016,Toffee,Weekly_Pass,2026-06-16,Stuck_at_Number_Screen,2.0,0.0,1.0,1
015,Bioscope,Weekly_Pass,2026-06-16,Success,6.0,113.0,,0
017,Toffee,Daily_Pass,2026-06-13,OTP_Failed,1.0,4.0,,1
016,Bioscope,WC_Premium,2026-06-17,Stuck_at_Number_Screen,0.0,11.0,1.0,1
017,Toffee,Daily_Pass,2026-06-22,Success,1.0,100.0,3.0,0
017,Toffee,Daily_Pass,2026-06-12,OTP_Failed,0.0,0.0,1.0,1
017,Bioscope,WC_Premium,2026-06-28,OTP_Failed,1.0,0.0,,1
015,Bioscope,WC_Premium,2026-06-11,Stuck_at_Number_Screen,1.0,2.0,,1
019,Bioscope,Weekly_Pass,2026-07-07,Buffer_Timeout,2.0,9.0,1.0,0
019,Bioscope,WC_Premium,2026-07-02,Success,0.0,74.0,,0
018,Toffee,Daily_Pass,2026-06-25,Success,21.0,100.0,1.0,0
017,Bioscope,Daily_Pass,2026-06-21,Success,9.0,96.0,5.0,0
017,Toffee,Weekly_Pass,2026-07-04,Success,6.0,80.0,5.0,0
017,Bioscope,Daily_Pass,2026-07-07,Success,4.0,76.0,5.0,0
013,Other_Partner,WC_Premium,2026-07-10,Stuck_at_Number_Screen,3.0,2.0,1.0,1
019,Toffee,WC_Premium,2026-07-09,Success,10.0,130.0,5.0,0
018,Toffee,Daily_Pass,2026-06-30,Success,14.0,104.0,4.0,0
017,Bioscope,WC_Premium,2026-06-30,Success,12.0,101.0,5.0,0
017,Bioscope,Daily_Pass,2026-07-03,Success,0.0,93.0,4.0,0
017,Toffee,Weekly_Pass,2026-06-18,Success,11.0,78.0,4.0,0
013,Other_Partner,WC_Premium,2026-07-10,Stuck_at_Number_Screen,1.0,0.0,2.0,1
014,Bioscope,WC_Premium,2026-06-22,Buffer_Timeout,4.0,7.0,1.0,0
018,Toffee,Daily_Pass,2026-06-28,Success,0.0,93.0,5.0,0
019,Toffee,Daily_Pass,2026-06-15,Success,12.0,64.0,4.0,0
018,Bioscope,Daily_Pass,2026-06-29,Stuck_at_Number_Screen,2.0,3.0,2.0,1
013,Toffee,Weekly_Pass,2026-06-25,Stuck_at_Number_Screen,0.0,0.0,1.0,1
017,Toffee,Weekly_Pass,2026-07-04,Buffer_Timeout,1.0,5.0,1.0,0
019,Bioscope,Daily_Pass,2026-06-27,OTP_Failed,3.0,9.0,,1
019,Bioscope,Weekly_Pass,2026-07-03,Success,21.0,51.0,1.0,0
017,Bioscope,WC_Premium,2026-06-21,OTP_Failed,0.0,0.0,2.0,1
018,Toffee,Weekly_Pass,2026-06-16,Success,5.0,76.0,4.0,0
018,Bioscope,Daily_Pass,2026-06-28,OTP_Failed,6.0,8.0,,0
018,Other_Partner,WC_Premium,2026-06-24,OTP_Failed,0.0,9.0,2.0,1
014,Toffee,Daily_Pass,2026-06-16,OTP_Failed,1.0,15.0,1.0,1
018,Bioscope,WC_Premium,2026-06-18,Success,4.0,73.0,4.0,0
018,Other_Partner,Daily_Pass,2026-06-22,OTP_Failed,3.0,7.0,1.0,1
017,Bioscope,Weekly_Pass,2026-07-10,OTP_Failed,2.0,3.0,2.0,0
017,Bioscope,Weekly_Pass,2026-06-27,Success,1.0,80.0,3.0,0
017,Toffee,Weekly_Pass,2026-07-04,Stuck_at_Number_Screen,2.0,6.0,1.0,1
017,Bioscope,Weekly_Pass,2026-06-20,OTP_Failed,2.0,5.0,2.0,1
016,Bioscope,Daily_Pass,2026-07-10,Stuck_at_Number_Screen,4.0,0.0,1.0,1
016,Bioscope,Weekly_Pass,2026-06-11,Success,1.0,103.0,5.0,0
017,Other_Partner,Weekly_Pass,2026-07-09,Buffer_Timeout,0.0,3.0,1.0,0
019,Toffee,Daily_Pass,2026-07-05,Success,2.0,83.0,4.0,0
017,Toffee,WC_Premium,2026-06-25,OTP_Failed,2.0,6.0,,1
017,Toffee,WC_Premium,2026-06-27,Buffer_Timeout,0.0,15.0,2.0,1
017,Bioscope,WC_Premium,2026-06-18,Buffer_Timeout,4.0,6.0,1.0,0
013,Toffee,Weekly_Pass,2026-06-18,OTP_Failed,1.0,2.0,1.0,1
017,Bioscope,Daily_Pass,2026-06-20,Success,4.0,80.0,4.0,0
018,Toffee,Weekly_Pass,2026-06-24,Buffer_Timeout,2.0,1.0,1.0,1
013,Toffee,WC_Premium,2026-07-05,Buffer_Timeout,1.0,9.0,,0
015,Toffee,Daily_Pass,2026-06-25,Success,2.0,86.0,5.0,0
017,Bioscope,Weekly_Pass,2026-06-20,Success,12.0,85.0,4.0,0
017,Bioscope,Daily_Pass,2026-07-08,Success,16.0,57.0,4.0,0
017,Other_Partner,Daily_Pass,2026-07-06,Success,14.0,83.0,4.0,0
018,Bioscope,Daily_Pass,2026-06-30,Success,6.0,99.0,4.0,0
017,Toffee,WC_Premium,2026-06-23,Success,9.0,68.0,,0
019,Toffee,WC_Premium,2026-06-29,Buffer_Timeout,3.0,4.0,1.0,0
018,Other_Partner,Daily_Pass,2026-06-30,Success,11.0,44.0,,0
018,Bioscope,Weekly_Pass,2026-06-24,Buffer_Timeout,1.0,0.0,2.0,0
018,Toffee,Daily_Pass,2026-07-09,Stuck_at_Number_Screen,0.0,3.0,2.0,0
017,Bioscope,Weekly_Pass,2026-06-24,Buffer_Timeout,0.0,8.0,1.0,0
017,Toffee,WC_Premium,2026-06-18,Success,10.0,92.0,5.0,0
017,Toffee,Weekly_Pass,2026-06-24,Success,10.0,102.0,4.0,0
018,Toffee,WC_Premium,2026-06-30,Success,23.0,108.0,2.0,1
017,Bioscope,Weekly_Pass,2026-06-19,Buffer_Timeout,1.0,2.0,1.0,0
017,Toffee,Weekly_Pass,2026-06-13,Success,7.0,100.0,3.0,0
015,Toffee,Weekly_Pass,2026-06-15,Success,4.0,102.0,4.0,0
017,Toffee,WC_Premium,2026-07-04,Success,4.0,56.0,4.0,0
019,Toffee,Weekly_Pass,2026-06-25,Success,37.0,75.0,1.0,1
019,Bioscope,WC_Premium,2026-07-04,Buffer_Timeout,1.0,12.0,1.0,0
017,Toffee,WC_Premium,2026-06-23,OTP_Failed,1.0,0.0,2.0,1
017,Toffee,WC_Premium,2026-06-11,OTP_Failed,2.0,6.0,2.0,1
017,Other_Partner,WC_Premium,2026-06-17,Success,3.0,86.0,4.0,0
016,Toffee,Daily_Pass,2026-06-22,Stuck_at_Number_Screen,0.0,10.0,1.0,1
018,Toffee,Weekly_Pass,2026-07-01,Success,21.0,91.0,,0
019,Toffee,Weekly_Pass,2026-06-22,Buffer_Timeout,4.0,11.0,1.0,0
014,Bioscope,Weekly_Pass,2026-06-14,Success,0.0,88.0,4.0,0
016,Bioscope,WC_Premium,2026-06-11,OTP_Failed,0.0,9.0,1.0,1
017,Toffee,Daily_Pass,2026-06-14,Success,23.0,107.0,2.0,0
017,Bioscope,Daily_Pass,2026-06-29,Success,1.0,69.0,,0
019,Bioscope,WC_Premium,2026-06-27,Success,7.0,99.0,4.0,0
017,Bioscope,Daily_Pass,2026-06-19,Success,2.0,64.0,4.0,0
017,Toffee,Daily_Pass,2026-06-17,Success,5.0,100.0,5.0,0
016,Toffee,Daily_Pass,2026-06-17,OTP_Failed,1.0,8.0,,1
013,Bioscope,WC_Premium,2026-06-28,Success,1.0,109.0,4.0,0
014,Bioscope,Weekly_Pass,2026-07-07,Success,5.0,120.0,,0
016,Bioscope,WC_Premium,2026-07-09,Success,11.0,72.0,5.0,1
017,Toffee,Daily_Pass,2026-07-03,Success,4.0,89.0,4.0,0
014,Toffee,WC_Premium,2026-06-14,Success,2.0,62.0,3.0,0
017,Bioscope,Daily_Pass,2026-06-30,Success,5.0,108.0,4.0,0
017,Bioscope,Daily_Pass,2026-07-05,Success,7.0,137.0,,0
013,Toffee,Weekly_Pass,2026-06-14,Success,3.0,83.0,5.0,0
017,Toffee,Daily_Pass,2026-06-13,OTP_Failed,3.0,0.0,1.0,1
018,Toffee,Daily_Pass,2026-07-01,Success,1.0,85.0,5.0,0
017,Bioscope,Daily_Pass,2026-07-02,Buffer_Timeout,3.0,7.0,1.0,0
013,Bioscope,Daily_Pass,2026-07-04,Buffer_Timeout,4.0,5.0,1.0,0
013,Bioscope,WC_Premium,2026-07-10,OTP_Failed,6.0,2.0,,1
019,Bioscope,Daily_Pass,2026-06-30,Success,7.0,73.0,5.0,0
019,Toffee,WC_Premium,2026-07-05,OTP_Failed,1.0,0.0,1.0,1
017,Bioscope,WC_Premium,2026-07-10,OTP_Failed,0.0,4.0,,1
013,Other_Partner,Daily_Pass,2026-06-29,Success,18.0,67.0,,0
013,Other_Partner,Weekly_Pass,2026-07-01,Success,13.0,65.0,3.0,0
017,Bioscope,Weekly_Pass,2026-07-10,Success,3.0,65.0,4.0,0
019,Toffee,WC_Premium,2026-06-26,Success,6.0,76.0,5.0,0
016,Bioscope,WC_Premium,2026-07-07,OTP_Failed,3.0,8.0,2.0,1
017,Bioscope,Weekly_Pass,2026-06-13,Buffer_Timeout,3.0,1.0,2.0,0
013,Bioscope,Daily_Pass,2026-07-02,Success,5.0,88.0,4.0,0
017,Toffee,Weekly_Pass,2026-06-13,Success,0.0,55.0,,0
018,Other_Partner,WC_Premium,2026-07-10,Success,0.0,112.0,4.0,0
017,Toffee,WC_Premium,2026-06-26,Success,10.0,55.0,5.0,0
015,Toffee,WC_Premium,2026-07-03,Success,5.0,106.0,5.0,0
019,Toffee,Weekly_Pass,2026-07-08,Success,9.0,103.0,,0
013,Bioscope,Daily_Pass,2026-06-21,Success,4.0,101.0,4.0,0
018,Toffee,WC_Premium,2026-06-22,OTP_Failed,1.0,15.0,2.0,1
014,Toffee,WC_Premium,2026-06-13,OTP_Failed,0.0,15.0,1.0,1
018,Bioscope,Daily_Pass,2026-06-15,Buffer_Timeout,5.0,0.0,2.0,0
017,Bioscope,Daily_Pass,2026-06-17,OTP_Failed,2.0,2.0,1.0,0
013,Bioscope,Weekly_Pass,2026-07-04,Success,15.0,101.0,5.0,0
019,Toffee,WC_Premium,2026-06-19,OTP_Failed,5.0,0.0,1.0,1
018,Bioscope,Daily_Pass,2026-06-22,Success,43.0,89.0,1.0,0
016,Toffee,Daily_Pass,2026-06-16,OTP_Failed,6.0,8.0,1.0,0
019,Toffee,Weekly_Pass,2026-07-02,Success,3.0,109.0,,0
019,Toffee,Daily_Pass,2026-06-27,Success,20.0,99.0,5.0,0
014,Bioscope,Daily_Pass,2026-07-02,Success,14.0,95.0,5.0,0
017,Toffee,Weekly_Pass,2026-07-01,Success,18.0,142.0,3.0,0
018,Toffee,WC_Premium,2026-07-05,Success,6.0,114.0,5.0,0
016,Toffee,Weekly_Pass,2026-07-07,Success,22.0,97.0,,0
019,Toffee,Weekly_Pass,2026-06-23,OTP_Failed,1.0,5.0,1.0,1
018,Other_Partner,Weekly_Pass,2026-06-30,Success,0.0,109.0,,0
017,Other_Partner,Weekly_Pass,2026-06-23,Success,9.0,63.0,5.0,0
019,Toffee,Daily_Pass,2026-06-30,OTP_Failed,3.0,9.0,2.0,1
016,Toffee,Daily_Pass,2026-07-10,Success,16.0,85.0,5.0,0
017,Toffee,Daily_Pass,2026-06-24,Stuck_at_Number_Screen,2.0,5.0,1.0,1
018,Bioscope,WC_Premium,2026-07-07,Stuck_at_Number_Screen,2.0,10.0,1.0,1
017,Toffee,WC_Premium,2026-06-25,Buffer_Timeout,0.0,0.0,,0
017,Toffee,Weekly_Pass,2026-06-28,Success,13.0,63.0,5.0,0
017,Bioscope,WC_Premium,2026-06-21,Success,23.0,108.0,1.0,1
013,Toffee,WC_Premium,2026-07-03,OTP_Failed,0.0,4.0,2.0,1
018,Toffee,WC_Premium,2026-06-21,Success,9.0,104.0,4.0,0
018,Toffee,Daily_Pass,2026-06-16,Success,1.0,68.0,,0
016,Toffee,WC_Premium,2026-06-17,Success,2.0,79.0,4.0,0
019,Bioscope,Weekly_Pass,2026-06-19,Stuck_at_Number_Screen,3.0,9.0,1.0,1
017,Other_Partner,WC_Premium,2026-06-12,Success,5.0,77.0,4.0,0
017,Toffee,Daily_Pass,2026-06-23,OTP_Failed,5.0,9.0,,1
019,Toffee,Weekly_Pass,2026-06-26,Success,14.0,92.0,5.0,0
017,Other_Partner,Weekly_Pass,2026-07-06,Success,18.0,61.0,,0
015,Bioscope,WC_Premium,2026-07-04,Success,21.0,63.0,1.0,0
019,Toffee,WC_Premium,2026-07-07,Success,7.0,103.0,4.0,0
018,Bioscope,Daily_Pass,2026-06-18,Success,3.0,105.0,,0
015,Toffee,Daily_Pass,2026-06-19,Success,10.0,79.0,,0
017,Bioscope,WC_Premium,2026-07-02,Success,12.0,82.0,4.0,0
017,Other_Partner,Weekly_Pass,2026-06-12,Success,29.0,88.0,2.0,0
018,Bioscope,Weekly_Pass,2026-07-01,Buffer_Timeout,2.0,8.0,1.0,0
013,Toffee,WC_Premium,2026-06-28,OTP_Failed,2.0,3.0,2.0,1
014,Toffee,WC_Premium,2026-06-30,Stuck_at_Number_Screen,2.0,1.0,1.0,1
017,Bioscope,Daily_Pass,2026-06-22,Buffer_Timeout,1.0,2.0,1.0,1
018,Bioscope,Weekly_Pass,2026-07-01,Success,12.0,79.0,4.0,0
018,Bioscope,WC_Premium,2026-06-18,Success,16.0,106.0,4.0,0
016,Toffee,WC_Premium,2026-06-20,Buffer_Timeout,1.0,0.0,1.0,0
017,Bioscope,Daily_Pass,2026-06-19,OTP_Failed,1.0,0.0,2.0,1
013,Bioscope,Daily_Pass,2026-06-25,Buffer_Timeout,2.0,2.0,1.0,0
019,Toffee,Daily_Pass,2026-07-09,OTP_Failed,5.0,5.0,1.0,1
017,Toffee,WC_Premium,2026-07-07,OTP_Failed,0.0,11.0,2.0,1
019,Toffee,Weekly_Pass,2026-06-21,Stuck_at_Number_Screen,3.0,9.0,,1
018,Bioscope,Weekly_Pass,2026-07-01,Stuck_at_Number_Screen,1.0,5.0,1.0,1
019,Bioscope,Daily_Pass,2026-06-21,Success,13.0,117.0,5.0,0
016,Bioscope,Daily_Pass,2026-06-16,Success,3.0,88.0,,0
017,Toffee,Weekly_Pass,2026-07-08,Stuck_at_Number_Screen,4.0,11.0,1.0,0
018,Other_Partner,Weekly_Pass,2026-06-27,OTP_Failed,4.0,12.0,1.0,0
019,Bioscope,Weekly_Pass,2026-06-11,Success,21.0,102.0,1.0,0
013,Toffee,Daily_Pass,2026-06-27,Success,1.0,83.0,4.0,1
015,Toffee,Daily_Pass,2026-06-12,OTP_Failed,1.0,0.0,1.0,1
018,Toffee,WC_Premium,2026-07-04,Success,10.0,129.0,5.0,0
017,Other_Partner,Daily_Pass,2026-07-01,Success,0.0,94.0,5.0,0
013,Toffee,WC_Premium,2026-06-21,Success,7.0,86.0,4.0,0
015,Toffee,Daily_Pass,2026-06-20,Stuck_at_Number_Screen,1.0,8.0,1.0,1
017,Toffee,Daily_Pass,2026-06-13,Success,66.0,67.0,2.0,1
019,Bioscope,Weekly_Pass,2026-06-15,Success,6.0,82.0,4.0,0
019,Toffee,WC_Premium,2026-06-21,Stuck_at_Number_Screen,1.0,9.0,1.0,1
013,Toffee,Daily_Pass,2026-07-04,Success,1.0,79.0,,0
017,Toffee,Weekly_Pass,2026-06-17,Success,9.0,122.0,5.0,0
016,Toffee,Weekly_Pass,2026-07-06,Buffer_Timeout,5.0,12.0,1.0,0
017,Toffee,Daily_Pass,2026-06-28,OTP_Failed,2.0,5.0,2.0,1
019,Bioscope,Daily_Pass,2026-07-06,Success,3.0,78.0,,0
013,Bioscope,WC_Premium,2026-06-19,Stuck_at_Number_Screen,0.0,12.0,,1
018,Bioscope,Daily_Pass,2026-06-22,Stuck_at_Number_Screen,0.0,8.0,,1
019,Bioscope,Weekly_Pass,2026-06-20,Stuck_at_Number_Screen,0.0,2.0,2.0,1
013,Toffee,WC_Premium,2026-06-30,Success,2.0,81.0,,0
013,Bioscope,Daily_Pass,2026-06-16,Success,19.0,65.0,5.0,0
013,Toffee,Daily_Pass,2026-06-12,OTP_Failed,8.0,7.0,1.0,1
013,Toffee,Daily_Pass,2026-07-07,Success,11.0,86.0,5.0,0
018,Other_Partner,Daily_Pass,2026-07-01,Success,1.0,96.0,,0
019,Bioscope,Daily_Pass,2026-07-02,Success,1.0,56.0,4.0,1
013,Bioscope,Weekly_Pass,2026-06-12,Success,0.0,80.0,5.0,0
018,Bioscope,WC_Premium,2026-06-11,Success,2.0,70.0,3.0,0
016,Other_Partner,Weekly_Pass,2026-06-25,Success,1.0,100.0,4.0,0
017,Bioscope,WC_Premium,2026-06-24,Stuck_at_Number_Screen,3.0,2.0,1.0,1
017,Bioscope,Daily_Pass,2026-07-06,Success,5.0,123.0,5.0,0
014,Bioscope,Daily_Pass,2026-06-21,Success,19.0,91.0,,0
016,Toffee,Daily_Pass,2026-07-07,OTP_Failed,0.0,10.0,2.0,1
018,Toffee,Daily_Pass,2026-06-13,Success,17.0,75.0,3.0,0
018,Bioscope,Daily_Pass,2026-07-07,OTP_Failed,1.0,5.0,1.0,1
017,Toffee,Weekly_Pass,2026-06-12,Success,8.0,81.0,5.0,0
018,Toffee,WC_Premium,2026-06-22,Success,16.0,131.0,,0
018,Toffee,WC_Premium,2026-07-02,OTP_Failed,0.0,0.0,,1
018,Toffee,Daily_Pass,2026-07-07,Buffer_Timeout,1.0,9.0,,0
013,Other_Partner,WC_Premium,2026-06-29,Success,19.0,78.0,,0
017,Bioscope,WC_Premium,2026-06-12,OTP_Failed,0.0,1.0,,1
017,Bioscope,Daily_Pass,2026-07-09,Success,12.0,92.0,4.0,0
015,Other_Partner,Daily_Pass,2026-06-24,Success,2.0,82.0,4.0,0
013,Other_Partner,WC_Premium,2026-07-03,Success,25.0,101.0,2.0,0
018,Bioscope,Weekly_Pass,2026-06-27,Buffer_Timeout,1.0,0.0,2.0,1
017,Other_Partner,WC_Premium,2026-06-19,Success,19.0,99.0,,0
017,Toffee,Weekly_Pass,2026-06-25,Success,1.0,64.0,5.0,0
016,Toffee,Daily_Pass,2026-06-11,OTP_Failed,3.0,14.0,1.0,1
018,Toffee,Daily_Pass,2026-06-15,Success,7.0,100.0,,0
018,Bioscope,WC_Premium,2026-06-17,Success,6.0,56.0,4.0,0
017,Bioscope,Daily_Pass,2026-06-20,Success,7.0,106.0,5.0,0
016,Bioscope,Daily_Pass,2026-07-01,Buffer_Timeout,1.0,0.0,1.0,0
017,Bioscope,Weekly_Pass,2026-06-13,Success,3.0,87.0,3.0,0
017,Toffee,Daily_Pass,2026-06-28,Buffer_Timeout,3.0,3.0,2.0,0
018,Toffee,Daily_Pass,2026-06-12,Success,11.0,105.0,4.0,0
017,Bioscope,Weekly_Pass,2026-06-19,Success,6.0,90.0,5.0,0
017,Toffee,Daily_Pass,2026-06-21,Stuck_at_Number_Screen,0.0,3.0,2.0,1
018,Bioscope,Weekly_Pass,2026-06-26,Success,5.0,78.0,3.0,0
016,Bioscope,Daily_Pass,2026-07-02,Success,1.0,109.0,4.0,0
019,Bioscope,Weekly_Pass,2026-06-24,Success,5.0,106.0,4.0,0
013,Toffee,Daily_Pass,2026-06-14,Success,3.0,35.0,5.0,1
017,Bioscope,Daily_Pass,2026-06-20,OTP_Failed,1.0,1.0,2.0,1
017,Bioscope,WC_Premium,2026-06-26,OTP_Failed,1.0,15.0,,1
015,Other_Partner,Daily_Pass,2026-06-20,Success,23.0,98.0,1.0,0
018,Bioscope,Daily_Pass,2026-06-17,Buffer_Timeout,3.0,9.0,1.0,0
016,Bioscope,Weekly_Pass,2026-06-28,Success,5.0,84.0,,0
017,Toffee,Daily_Pass,2026-06-30,Success,5.0,112.0,,0
018,Bioscope,Daily_Pass,2026-07-10,Success,9.0,90.0,4.0,0
017,Other_Partner,Weekly_Pass,2026-06-27,Stuck_at_Number_Screen,0.0,2.0,2.0,1
018,Toffee,WC_Premium,2026-06-21,Success,7.0,93.0,4.0,0
014,Toffee,WC_Premium,2026-06-14,OTP_Failed,2.0,7.0,,1
015,Toffee,Weekly_Pass,2026-07-03,Buffer_Timeout,3.0,15.0,1.0,0
018,Bioscope,Weekly_Pass,2026-06-20,OTP_Failed,2.0,7.0,,1
018,Toffee,WC_Premium,2026-06-19,OTP_Failed,0.0,0.0,1.0,1
014,Toffee,Daily_Pass,2026-06-21,Success,16.0,81.0,3.0,0
016,Bioscope,Daily_Pass,2026-06-15,OTP_Failed,0.0,0.0,1.0,1
017,Bioscope,Weekly_Pass,2026-07-02,Success,30.0,102.0,1.0,0
018,Toffee,Weekly_Pass,2026-06-17,Buffer_Timeout,1.0,1.0,2.0,1
017,Toffee,WC_Premium,2026-06-19,Success,0.0,65.0,4.0,0
018,Toffee,Daily_Pass,2026-06-21,Success,2.0,75.0,4.0,0
018,Toffee,Daily_Pass,2026-07-06,Success,31.0,90.0,1.0,1
018,Toffee,WC_Premium,2026-06-21,Success,12.0,72.0,4.0,0
013,Bioscope,Weekly_Pass,2026-06-26,Success,8.0,83.0,5.0,0
017,Bioscope,Weekly_Pass,2026-07-06,Stuck_at_Number_Screen,1.0,15.0,1.0,1
018,Bioscope,Daily_Pass,2026-06-18,Buffer_Timeout,2.0,7.0,1.0,0
019,Toffee,Daily_Pass,2026-07-05,OTP_Failed,6.0,0.0,2.0,1
016,Bioscope,Daily_Pass,2026-07-01,Success,1.0,114.0,5.0,0
017,Bioscope,Weekly_Pass,2026-07-05,Success,11.0,103.0,4.0,0
014,Toffee,WC_Premium,2026-06-18,Buffer_Timeout,1.0,11.0,1.0,0
014,Toffee,WC_Premium,2026-06-12,Success,4.0,82.0,5.0,0
017,Bioscope,Weekly_Pass,2026-07-08,Success,39.0,65.0,1.0,1
017,Bioscope,WC_Premium,2026-06-27,Success,3.0,106.0,5.0,0
016,Toffee,Weekly_Pass,2026-07-10,Buffer_Timeout,4.0,3.0,,0
019,Bioscope,Daily_Pass,2026-07-09,Success,3.0,75.0,3.0,0
015,Bioscope,Daily_Pass,2026-06-30,Success,2.0,103.0,5.0,0
019,Other_Partner,Weekly_Pass,2026-07-08,OTP_Failed,0.0,6.0,1.0,1
018,Toffee,Daily_Pass,2026-06-12,Success,1.0,87.0,,0
018,Bioscope,Weekly_Pass,2026-06-29,OTP_Failed,1.0,1.0,1.0,1
017,Toffee,WC_Premium,2026-06-23,Success,7.0,97.0,5.0,0
017,Bioscope,Daily_Pass,2026-07-03,Success,15.0,100.0,4.0,0
018,Bioscope,Daily_Pass,2026-06-20,Success,1.0,95.0,5.0,0
018,Toffee,Daily_Pass,2026-06-24,Success,5.0,73.0,5.0,0
018,Bioscope,Weekly_Pass,2026-06-15,Buffer_Timeout,4.0,0.0,1.0,0
016,Toffee,Daily_Pass,2026-06-13,Buffer_Timeout,1.0,4.0,2.0,0
017,Bioscope,Weekly_Pass,2026-06-12,Stuck_at_Number_Screen,1.0,0.0,1.0,1
018,Toffee,Daily_Pass,2026-06-19,OTP_Failed,0.0,15.0,1.0,1
017,Bioscope,Weekly_Pass,2026-06-17,Success,1.0,79.0,5.0,0
013,Toffee,Daily_Pass,2026-07-05,Success,4.0,106.0,3.0,0
019,Bioscope,WC_Premium,2026-06-14,OTP_Failed,0.0,0.0,1.0,1
016,Bioscope,Weekly_Pass,2026-06-13,Success,0.0,101.0,4.0,0
015,Bioscope,WC_Premium,2026-06-24,Success,1.0,103.0,5.0,0
017,Toffee,WC_Premium,2026-07-10,OTP_Failed,1.0,7.0,1.0,1
018,Bioscope,Weekly_Pass,2026-06-20,OTP_Failed,1.0,9.0,1.0,1
017,Toffee,Daily_Pass,2026-06-29,Success,16.0,88.0,4.0,0
013,Bioscope,Weekly_Pass,2026-06-29,Stuck_at_Number_Screen,2.0,4.0,1.0,1
019,Bioscope,Weekly_Pass,2026-06-27,Buffer_Timeout,2.0,7.0,1.0,0
016,Bioscope,Weekly_Pass,2026-06-20,Success,15.0,89.0,3.0,0
019,Bioscope,Daily_Pass,2026-07-04,OTP_Failed,6.0,3.0,1.0,1
017,Toffee,Daily_Pass,2026-06-17,Success,7.0,66.0,4.0,0
019,Bioscope,Daily_Pass,2026-06-30,Buffer_Timeout,1.0,8.0,1.0,0
017,Toffee,Daily_Pass,2026-06-12,Success,8.0,107.0,5.0,0
019,Other_Partner,WC_Premium,2026-06-17,Stuck_at_Number_Screen,3.0,1.0,1.0,1
017,Bioscope,Daily_Pass,2026-06-18,Buffer_Timeout,1.0,7.0,1.0,1
017,Bioscope,Daily_Pass,2026-06-25,Stuck_at_Number_Screen,2.0,4.0,1.0,1
018,Other_Partner,WC_Premium,2026-06-27,Stuck_at_Number_Screen,0.0,5.0,1.0,1
014,Toffee,WC_Premium,2026-07-08,Success,3.0,76.0,4.0,0
017,Other_Partner,Weekly_Pass,2026-06-24,Buffer_Timeout,2.0,2.0,1.0,0
013,Toffee,Daily_Pass,2026-06-18,OTP_Failed,1.0,11.0,1.0,1
019,Bioscope,Daily_Pass,2026-06-25,Success,2.0,67.0,4.0,0
013,Bioscope,Weekly_Pass,2026-06-22,Success,7.0,116.0,,0
017,Toffee,Daily_Pass,2026-07-09,Success,2.0,97.0,5.0,0
013,Toffee,Daily_Pass,2026-06-28,Stuck_at_Number_Screen,2.0,2.0,2.0,1
013,Toffee,Daily_Pass,2026-06-25,Stuck_at_Number_Screen,1.0,11.0,1.0,1
014,Other_Partner,WC_Premium,2026-06-16,Stuck_at_Number_Screen,1.0,0.0,1.0,1
019,Toffee,Daily_Pass,2026-07-04,Success,1.0,98.0,4.0,0
018,Bioscope,Weekly_Pass,2026-07-09,Success,4.0,80.0,,0
015,Bioscope,WC_Premium,2026-06-18,OTP_Failed,1.0,0.0,1.0,1
018,Toffee,Weekly_Pass,2026-07-05,OTP_Failed,1.0,4.0,,1
017,Toffee,Daily_Pass,2026-06-24,Success,0.0,103.0,5.0,0
017,Bioscope,Daily_Pass,2026-06-28,OTP_Failed,0.0,0.0,,1
013,Toffee,WC_Premium,2026-06-28,OTP_Failed,1.0,12.0,2.0,1
017,Bioscope,Daily_Pass,2026-06-20,Success,9.0,118.0,5.0,0
014,Toffee,Weekly_Pass,2026-06-15,OTP_Failed,1.0,15.0,2.0,1
019,Toffee,WC_Premium,2026-06-13,OTP_Failed,8.0,0.0,1.0,0
017,Bioscope,Daily_Pass,2026-07-04,Success,2.0,72.0,5.0,0
018,Toffee,WC_Premium,2026-07-07,Stuck_at_Number_Screen,3.0,9.0,1.0,1
016,Other_Partner,WC_Premium,2026-07-04,Success,0.0,74.0,3.0,0
014,Bioscope,Weekly_Pass,2026-06-18,Stuck_at_Number_Screen,1.0,4.0,1.0,1
019,Toffee,Weekly_Pass,2026-07-07,Success,7.0,123.0,,0
018,Toffee,WC_Premium,2026-07-04,OTP_Failed,3.0,2.0,1.0,1
019,Toffee,Weekly_Pass,2026-07-04,Stuck_at_Number_Screen,4.0,10.0,1.0,1
018,Toffee,WC_Premium,2026-07-01,Success,1.0,60.0,5.0,0
018,Bioscope,Weekly_Pass,2026-06-23,Buffer_Timeout,3.0,10.0,1.0,0
017,Bioscope,Daily_Pass,2026-06-22,Success,3.0,110.0,4.0,0
017,Toffee,Daily_Pass,2026-06-17,Success,3.0,60.0,3.0,0
018,Toffee,Daily_Pass,2026-07-07,Stuck_at_Number_Screen,7.0,3.0,1.0,1
017,Toffee,Daily_Pass,2026-07-09,OTP_Failed,3.0,11.0,1.0,1
017,Toffee,Daily_Pass,2026-07-08,Success,5.0,86.0,3.0,0
016,Bioscope,Weekly_Pass,2026-06-11,Buffer_Timeout,0.0,0.0,1.0,1
017,Bioscope,Daily_Pass,2026-06-11,OTP_Failed,1.0,4.0,1.0,0
018,Toffee,WC_Premium,2026-07-04,Success,0.0,117.0,4.0,0
018,Toffee,WC_Premium,2026-06-15,Stuck_at_Number_Screen,4.0,0.0,1.0,1
015,Other_Partner,Weekly_Pass,2026-06-22,Success,2.0,72.0,,0
018,Toffee,Weekly_Pass,2026-06-14,Success,22.0,41.0,1.0,1
017,Bioscope,Daily_Pass,2026-06-17,Stuck_at_Number_Screen,1.0,11.0,1.0,1
018,Toffee,Weekly_Pass,2026-06-23,OTP_Failed,0.0,3.0,1.0,1
019,Bioscope,Weekly_Pass,2026-06-26,OTP_Failed,1.0,11.0,1.0,1
015,Bioscope,WC_Premium,2026-06-18,Buffer_Timeout,1.0,13.0,1.0,0
013,Toffee,Daily_Pass,2026-06-25,Stuck_at_Number_Screen,1.0,0.0,1.0,1
017,Bioscope,WC_Premium,2026-07-06,Success,5.0,86.0,4.0,0
014,Bioscope,WC_Premium,2026-07-03,Buffer_Timeout,0.0,7.0,1.0,0
017,Toffee,Weekly_Pass,2026-07-05,Success,3.0,81.0,5.0,1
018,Toffee,Daily_Pass,2026-07-05,Success,7.0,106.0,5.0,0
013,Bioscope,Weekly_Pass,2026-06-20,Buffer_Timeout,1.0,5.0,2.0,0
017,Bioscope,Weekly_Pass,2026-07-05,Stuck_at_Number_Screen,0.0,0.0,1.0,1
017,Bioscope,Weekly_Pass,2026-07-05,Success,1.0,65.0,,0
017,Bioscope,Weekly_Pass,2026-07-05,OTP_Failed,0.0,0.0,,1
016,Bioscope,Daily_Pass,2026-06-27,Success,2.0,87.0,4.0,1
014,Bioscope,Daily_Pass,2026-06-21,Success,2.0,56.0,4.0,0
017,Bioscope,Daily_Pass,2026-07-01,Buffer_Timeout,2.0,6.0,,0
019,Toffee,Daily_Pass,2026-07-06,Stuck_at_Number_Screen,1.0,0.0,1.0,1
017,Other_Partner,Daily_Pass,2026-06-26,OTP_Failed,3.0,9.0,2.0,0
018,Toffee,Daily_Pass,2026-06-25,OTP_Failed,1.0,3.0,,0
017,Toffee,Daily_Pass,2026-06-11,Success,10.0,94.0,4.0,0
014,Bioscope,WC_Premium,2026-06-16,Buffer_Timeout,2.0,3.0,1.0,0
019,Toffee,WC_Premium,2026-06-17,Success,3.0,80.0,4.0,0
016,Toffee,Daily_Pass,2026-06-21,Success,11.0,95.0,5.0,0
019,Toffee,Daily_Pass,2026-06-15,Buffer_Timeout,1.0,0.0,2.0,0
018,Bioscope,WC_Premium,2026-06-12,Buffer_Timeout,3.0,6.0,1.0,0
015,Other_Partner,Weekly_Pass,2026-06-25,Success,3.0,122.0,,0
016,Bioscope,Daily_Pass,2026-07-05,Success,14.0,116.0,,0
014,Bioscope,WC_Premium,2026-06-18,Success,4.0,89.0,4.0,0
018,Toffee,Daily_Pass,2026-06-11,Success,4.0,101.0,,0
017,Toffee,Weekly_Pass,2026-07-10,OTP_Failed,7.0,10.0,1.0,1
018,Toffee,WC_Premium,2026-07-04,OTP_Failed,1.0,5.0,1.0,1
017,Toffee,Daily_Pass,2026-06-11,OTP_Failed,5.0,3.0,2.0,0
018,Toffee,WC_Premium,2026-06-24,OTP_Failed,3.0,6.0,2.0,0
018,Toffee,Daily_Pass,2026-06-25,OTP_Failed,0.0,1.0,1.0,1
018,Toffee,Weekly_Pass,2026-07-08,Stuck_at_Number_Screen,6.0,7.0,1.0,0
017,Bioscope,Weekly_Pass,2026-06-21,Stuck_at_Number_Screen,5.0,3.0,2.0,1
017,Bioscope,WC_Premium,2026-06-15,Buffer_Timeout,4.0,12.0,1.0,1
018,Other_Partner,Daily_Pass,2026-07-06,Stuck_at_Number_Screen,3.0,1.0,1.0,1
015,Bioscope,Weekly_Pass,2026-06-17,Success,4.0,91.0,5.0,0
013,Toffee,WC_Premium,2026-07-02,Buffer_Timeout,2.0,11.0,,0
013,Bioscope,Weekly_Pass,2026-06-12,Success,3.0,44.0,,0
016,Toffee,Daily_Pass,2026-06-13,Buffer_Timeout,0.0,3.0,1.0,0
018,Bioscope,Daily_Pass,2026-06-16,Stuck_at_Number_Screen,2.0,14.0,1.0,1
017,Bioscope,Weekly_Pass,2026-06-13,OTP_Failed,0.0,15.0,1.0,1
013,Bioscope,WC_Premium,2026-06-11,Success,1.0,94.0,5.0,0
017,Other_Partner,Weekly_Pass,2026-06-12,Success,1.0,97.0,3.0,0
015,Bioscope,Weekly_Pass,2026-06-19,Success,3.0,63.0,,0
017,Bioscope,Daily_Pass,2026-06-21,Buffer_Timeout,4.0,11.0,2.0,0
013,Toffee,Weekly_Pass,2026-07-10,Success,6.0,115.0,4.0,0
017,Other_Partner,Daily_Pass,2026-06-13,Success,2.0,61.0,5.0,0
017,Toffee,Weekly_Pass,2026-06-29,Buffer_Timeout,1.0,7.0,1.0,1
019,Other_Partner,WC_Premium,2026-06-15,Success,12.0,87.0,,0
017,Toffee,WC_Premium,2026-07-09,OTP_Failed,1.0,11.0,1.0,1
017,Toffee,Daily_Pass,2026-06-27,Success,7.0,106.0,5.0,0
018,Bioscope,Weekly_Pass,2026-06-21,Success,10.0,80.0,4.0,0
017,Toffee,Daily_Pass,2026-06-11,Stuck_at_Number_Screen,2.0,0.0,1.0,1
017,Bioscope,Daily_Pass,2026-06-11,OTP_Failed,2.0,3.0,1.0,1
019,Toffee,Daily_Pass,2026-06-24,Success,12.0,102.0,4.0,0
019,Bioscope,Daily_Pass,2026-07-10,Success,5.0,104.0,5.0,0
014,Bioscope,Weekly_Pass,2026-06-23,Buffer_Timeout,3.0,0.0,1.0,0
019,Bioscope,Weekly_Pass,2026-06-30,Success,15.0,143.0,,0
016,Toffee,WC_Premium,2026-06-23,Success,10.0,73.0,4.0,0
017,Toffee,Daily_Pass,2026-06-19,Stuck_at_Number_Screen,0.0,0.0,1.0,1
019,Bioscope,Daily_Pass,2026-07-01,Buffer_Timeout,0.0,14.0,1.0,0
019,Toffee,Daily_Pass,2026-06-18,OTP_Failed,4.0,9.0,1.0,1
019,Toffee,Daily_Pass,2026-06-21,Success,14.0,60.0,,0
018,Bioscope,WC_Premium,2026-06-13,Success,20.0,87.0,,0
017,Toffee,Daily_Pass,2026-06-26,OTP_Failed,1.0,2.0,,1
019,Toffee,WC_Premium,2026-07-06,Success,2.0,106.0,3.0,0
016,Toffee,Daily_Pass,2026-06-30,OTP_Failed,5.0,5.0,,0
015,Toffee,Daily_Pass,2026-07-01,OTP_Failed,1.0,0.0,,1
017,Bioscope,Daily_Pass,2026-06-22,Stuck_at_Number_Screen,1.0,5.0,1.0,1
017,Toffee,WC_Premium,2026-06-12,Success,20.0,42.0,3.0,0
017,Other_Partner,Daily_Pass,2026-06-29,Success,17.0,82.0,4.0,0
019,Toffee,WC_Premium,2026-06-11,Success,2.0,106.0,,0
017,Toffee,Weekly_Pass,2026-07-09,OTP_Failed,2.0,11.0,,1
017,Bioscope,Daily_Pass,2026-07-03,Stuck_at_Number_Screen,1.0,4.0,,1
015,Toffee,Weekly_Pass,2026-06-26,Success,9.0,67.0,4.0,0
017,Bioscope,Daily_Pass,2026-06-16,Success,0.0,80.0,4.0,0
019,Bioscope,Daily_Pass,2026-06-21,OTP_Failed,0.0,10.0,1.0,1
013,Toffee,WC_Premium,2026-06-12,Buffer_Timeout,1.0,5.0,1.0,0
019,Bioscope,Weekly_Pass,2026-06-19,Stuck_at_Number_Screen,0.0,10.0,1.0,1
018,Toffee,Weekly_Pass,2026-06-29,OTP_Failed,1.0,0.0,,1
014,Toffee,Daily_Pass,2026-06-29,Buffer_Timeout,1.0,5.0,1.0,1
014,Toffee,Daily_Pass,2026-07-07,Success,0.0,76.0,5.0,0
017,Other_Partner,Daily_Pass,2026-06-23,Success,7.0,78.0,5.0,0
017,Toffee,Weekly_Pass,2026-07-09,Success,7.0,96.0,4.0,0
017,Bioscope,WC_Premium,2026-07-10,Buffer_Timeout,2.0,4.0,1.0,1
016,Bioscope,Weekly_Pass,2026-06-11,Success,28.0,60.0,1.0,1
019,Toffee,WC_Premium,2026-07-09,Success,27.0,90.0,2.0,0
018,Toffee,Daily_Pass,2026-06-20,Success,1.0,112.0,4.0,0
018,Bioscope,Daily_Pass,2026-06-25,Success,12.0,76.0,5.0,0
017,Bioscope,Daily_Pass,2026-06-17,Success,6.0,70.0,5.0,0
019,Toffee,WC_Premium,2026-06-11,Success,4.0,70.0,4.0,0
015,Bioscope,WC_Premium,2026-07-04,Buffer_Timeout,0.0,6.0,,0
017,Toffee,Daily_Pass,2026-07-07,Success,5.0,71.0,3.0,0
018,Other_Partner,Daily_Pass,2026-06-28,Success,3.0,101.0,3.0,0
017,Bioscope,Weekly_Pass,2026-06-13,Success,17.0,82.0,,0
018,Bioscope,WC_Premium,2026-07-05,Stuck_at_Number_Screen,2.0,0.0,1.0,1
018,Bioscope,WC_Premium,2026-07-10,Success,6.0,79.0,4.0,0
017,Bioscope,Daily_Pass,2026-06-25,Success,3.0,60.0,5.0,0
013,Bioscope,Weekly_Pass,2026-07-07,Buffer_Timeout,1.0,10.0,1.0,0
017,Bioscope,WC_Premium,2026-06-25,Stuck_at_Number_Screen,3.0,6.0,1.0,1
018,Toffee,Daily_Pass,2026-07-08,Buffer_Timeout,0.0,7.0,1.0,0
018,Bioscope,Weekly_Pass,2026-06-26,Success,3.0,114.0,4.0,0
017,Toffee,Daily_Pass,2026-06-20,Success,1.0,105.0,,1
019,Toffee,Daily_Pass,2026-07-10,Buffer_Timeout,2.0,9.0,1.0,0
016,Toffee,WC_Premium,2026-07-10,Stuck_at_Number_Screen,0.0,13.0,1.0,1
013,Toffee,WC_Premium,2026-07-04,Stuck_at_Number_Screen,2.0,9.0,1.0,1
017,Toffee,Weekly_Pass,2026-07-02,OTP_Failed,2.0,0.0,1.0,1
019,Bioscope,Daily_Pass,2026-07-03,Stuck_at_Number_Screen,1.0,8.0,2.0,1
015,Toffee,WC_Premium,2026-06-11,Stuck_at_Number_Screen,0.0,8.0,,0
017,Bioscope,Daily_Pass,2026-06-27,Success,24.0,77.0,,0
017,Toffee,Daily_Pass,2026-07-07,OTP_Failed,0.0,1.0,1.0,1
017,Toffee,Daily_Pass,2026-06-21,Stuck_at_Number_Screen,1.0,4.0,1.0,1
018,Toffee,Weekly_Pass,2026-06-12,Success,1.0,96.0,4.0,0
017,Toffee,Daily_Pass,2026-07-09,Success,2.0,96.0,5.0,0
013,Bioscope,Weekly_Pass,2026-07-06,Success,22.0,48.0,1.0,1
016,Bioscope,Daily_Pass,2026-06-16,Buffer_Timeout,0.0,10.0,1.0,0
018,Toffee,WC_Premium,2026-06-22,OTP_Failed,0.0,6.0,,0
013,Toffee,WC_Premium,2026-07-03,OTP_Failed,6.0,6.0,1.0,1
013,Bioscope,WC_Premium,2026-06-28,Stuck_at_Number_Screen,0.0,11.0,,1
018,Toffee,Weekly_Pass,2026-06-13,Success,3.0,109.0,5.0,1
017,Toffee,Daily_Pass,2026-06-23,Stuck_at_Number_Screen,0.0,8.0,1.0,1
017,Bioscope,WC_Premium,2026-06-23,Success,19.0,96.0,3.0,0
019,Toffee,WC_Premium,2026-06-12,OTP_Failed,0.0,5.0,,0
017,Other_Partner,Daily_Pass,2026-07-08,Success,14.0,78.0,,0
016,Bioscope,Weekly_Pass,2026-06-12,Success,14.0,71.0,5.0,0
014,Toffee,Daily_Pass,2026-06-11,Success,6.0,93.0,5.0,0
017,Toffee,Daily_Pass,2026-06-23,Success,4.0,63.0,4.0,0
013,Bioscope,Weekly_Pass,2026-06-26,Stuck_at_Number_Screen,2.0,0.0,1.0,1
018,Toffee,WC_Premium,2026-06-11,Success,9.0,96.0,4.0,0
019,Other_Partner,Daily_Pass,2026-07-04,Success,5.0,81.0,4.0,0
014,Bioscope,Weekly_Pass,2026-06-22,Buffer_Timeout,0.0,0.0,1.0,0
016,Toffee,WC_Premium,2026-07-08,Success,19.0,111.0,5.0,0
017,Bioscope,Weekly_Pass,2026-07-07,Buffer_Timeout,1.0,6.0,1.0,0
016,Toffee,WC_Premium,2026-07-06,Buffer_Timeout,1.0,12.0,1.0,0
013,Toffee,Daily_Pass,2026-06-28,Success,6.0,96.0,5.0,0
018,Bioscope,WC_Premium,2026-06-24,Success,1.0,63.0,,0
017,Bioscope,Daily_Pass,2026-07-06,OTP_Failed,1.0,0.0,1.0,1
017,Bioscope,WC_Premium,2026-07-04,Stuck_at_Number_Screen,1.0,3.0,2.0,1
019,Toffee,Daily_Pass,2026-06-19,Success,5.0,73.0,5.0,0
018,Bioscope,Weekly_Pass,2026-06-26,Success,29.0,94.0,1.0,0
017,Toffee,Daily_Pass,2026-07-10,Stuck_at_Number_Screen,2.0,9.0,1.0,1
013,Bioscope,Weekly_Pass,2026-06-18,Success,11.0,99.0,5.0,0
019,Bioscope,Daily_Pass,2026-06-14,Success,9.0,99.0,5.0,0
016,Bioscope,WC_Premium,2026-06-24,Buffer_Timeout,0.0,13.0,1.0,0
017,Bioscope,Daily_Pass,2026-07-08,Buffer_Timeout,2.0,0.0,2.0,1
017,Bioscope,Weekly_Pass,2026-06-24,Success,19.0,118.0,5.0,0
017,Other_Partner,Daily_Pass,2026-07-05,Success,1.0,91.0,5.0,0
014,Other_Partner,WC_Premium,2026-07-06,Success,20.0,96.0,4.0,0
018,Bioscope,Weekly_Pass,2026-06-20,Success,14.0,92.0,4.0,0
018,Other_Partner,WC_Premium,2026-06-11,Success,31.0,94.0,1.0,1
018,Bioscope,Weekly_Pass,2026-07-10,Buffer_Timeout,0.0,13.0,1.0,0
013,Bioscope,Daily_Pass,2026-06-24,Buffer_Timeout,1.0,11.0,2.0,0
019,Toffee,Daily_Pass,2026-06-29,Success,5.0,122.0,5.0,0
018,Toffee,WC_Premium,2026-06-13,OTP_Failed,1.0,9.0,1.0,1
017,Bioscope,Weekly_Pass,2026-07-02,Success,0.0,68.0,5.0,0
017,Toffee,WC_Premium,2026-06-16,Success,10.0,90.0,5.0,0
018,Bioscope,Daily_Pass,2026-06-17,Success,2.0,103.0,4.0,0
014,Toffee,Weekly_Pass,2026-07-06,Success,6.0,86.0,4.0,0
017,Toffee,WC_Premium,2026-07-06,OTP_Failed,1.0,15.0,1.0,1
019,Bioscope,Daily_Pass,2026-07-03,Stuck_at_Number_Screen,3.0,8.0,1.0,1
019,Other_Partner,Daily_Pass,2026-07-05,Success,4.0,82.0,4.0,0
017,Toffee,WC_Premium,2026-06-25,Success,7.0,107.0,5.0,1
017,Bioscope,Daily_Pass,2026-06-23,Success,2.0,74.0,4.0,0
017,Bioscope,Weekly_Pass,2026-07-08,Stuck_at_Number_Screen,5.0,7.0,1.0,1
016,Toffee,Weekly_Pass,2026-06-20,Success,5.0,101.0,4.0,0
017,Toffee,WC_Premium,2026-07-02,Success,7.0,122.0,4.0,0
013,Toffee,WC_Premium,2026-06-28,Success,5.0,121.0,5.0,0
018,Toffee,Weekly_Pass,2026-06-15,Success,10.0,103.0,5.0,0
016,Toffee,Daily_Pass,2026-07-07,Success,20.0,61.0,4.0,0
017,Toffee,Daily_Pass,2026-06-22,Success,12.0,88.0,5.0,0
013,Toffee,WC_Premium,2026-06-23,Stuck_at_Number_Screen,3.0,4.0,1.0,1
018,Bioscope,Weekly_Pass,2026-06-27,Buffer_Timeout,1.0,2.0,,0
018,Bioscope,WC_Premium,2026-06-29,Success,1.0,79.0,4.0,1
019,Bioscope,Weekly_Pass,2026-06-14,Success,16.0,108.0,5.0,0
017,Toffee,Daily_Pass,2026-07-07,Success,4.0,114.0,,0
019,Bioscope,Daily_Pass,2026-06-25,Buffer_Timeout,6.0,7.0,1.0,0
016,Bioscope,Daily_Pass,2026-07-01,Success,1.0,93.0,3.0,0
018,Bioscope,WC_Premium,2026-07-04,OTP_Failed,5.0,14.0,2.0,1
016,Other_Partner,WC_Premium,2026-06-30,Success,5.0,97.0,4.0,0
013,Bioscope,Daily_Pass,2026-07-04,Success,19.0,65.0,4.0,0
017,Bioscope,Weekly_Pass,2026-06-25,Success,8.0,86.0,4.0,0
016,Bioscope,WC_Premium,2026-06-18,Success,3.0,95.0,4.0,0
018,Toffee,Weekly_Pass,2026-07-06,Success,1.0,64.0,4.0,0
018,Toffee,Weekly_Pass,2026-07-03,Success,7.0,95.0,4.0,0
017,Toffee,Daily_Pass,2026-06-19,Success,12.0,64.0,5.0,0
014,Toffee,WC_Premium,2026-07-07,OTP_Failed,1.0,6.0,1.0,1
018,Toffee,Weekly_Pass,2026-06-24,OTP_Failed,0.0,4.0,2.0,1
017,Bioscope,WC_Premium,2026-06-19,Success,5.0,105.0,,0
013,Toffee,WC_Premium,2026-06-21,Success,17.0,87.0,4.0,0
019,Other_Partner,WC_Premium,2026-06-17,Success,16.0,104.0,5.0,0
019,Bioscope,WC_Premium,2026-06-21,Stuck_at_Number_Screen,2.0,4.0,1.0,1
018,Toffee,WC_Premium,2026-07-02,Success,7.0,68.0,5.0,0
019,Toffee,Daily_Pass,2026-06-13,Buffer_Timeout,2.0,8.0,,0
017,Toffee,Daily_Pass,2026-06-27,Stuck_at_Number_Screen,5.0,5.0,2.0,1
013,Other_Partner,Daily_Pass,2026-06-28,Success,0.0,48.0,3.0,0
019,Bioscope,Daily_Pass,2026-06-21,Buffer_Timeout,7.0,0.0,1.0,0
019,Toffee,Daily_Pass,2026-07-01,OTP_Failed,7.0,1.0,2.0,1
016,Other_Partner,Weekly_Pass,2026-06-24,Success,19.0,116.0,4.0,0
019,Bioscope,Daily_Pass,2026-06-23,Buffer_Timeout,0.0,15.0,2.0,0
017,Toffee,Weekly_Pass,2026-06-24,Success,28.0,82.0,1.0,0
019,Bioscope,WC_Premium,2026-07-05,Stuck_at_Number_Screen,1.0,5.0,1.0,1
017,Bioscope,WC_Premium,2026-07-05,OTP_Failed,4.0,0.0,1.0,1
017,Toffee,WC_Premium,2026-07-03,OTP_Failed,17.0,8.0,2.0,1
017,Bioscope,Daily_Pass,2026-07-09,OTP_Failed,1.0,6.0,1.0,1
013,Toffee,Weekly_Pass,2026-07-02,Success,1.0,85.0,4.0,0
017,Toffee,Daily_Pass,2026-07-06,Success,15.0,63.0,5.0,0
017,Toffee,Weekly_Pass,2026-06-20,Buffer_Timeout,4.0,1.0,1.0,0
017,Other_Partner,Weekly_Pass,2026-06-22,Success,8.0,65.0,5.0,0
017,Bioscope,Daily_Pass,2026-07-03,Success,2.0,70.0,5.0,0
018,Toffee,Daily_Pass,2026-06-21,Success,3.0,67.0,,0
013,Toffee,WC_Premium,2026-06-16,Success,3.0,89.0,4.0,0
017,Toffee,WC_Premium,2026-06-15,Success,18.0,68.0,4.0,1
016,Bioscope,Weekly_Pass,2026-07-02,Success,33.0,110.0,1.0,1
019,Toffee,Daily_Pass,2026-06-27,Success,3.0,86.0,5.0,0
019,Bioscope,Weekly_Pass,2026-07-01,Buffer_Timeout,1.0,1.0,,0
017,Other_Partner,Daily_Pass,2026-06-23,Success,1.0,76.0,,0
016,Bioscope,WC_Premium,2026-06-27,OTP_Failed,1.0,0.0,1.0,1
017,Toffee,WC_Premium,2026-07-01,Success,2.0,74.0,5.0,0
017,Toffee,Daily_Pass,2026-07-10,Stuck_at_Number_Screen,0.0,11.0,1.0,1
017,Toffee,Daily_Pass,2026-06-12,OTP_Failed,1.0,11.0,1.0,1
019,Bioscope,Weekly_Pass,2026-07-07,Success,4.0,63.0,4.0,0
017,Bioscope,Daily_Pass,2026-06-20,Success,6.0,91.0,4.0,0
017,Bioscope,WC_Premium,2026-06-15,Stuck_at_Number_Screen,1.0,8.0,1.0,1
017,Toffee,WC_Premium,2026-07-06,OTP_Failed,1.0,7.0,2.0,1
019,Bioscope,Daily_Pass,2026-06-14,Buffer_Timeout,6.0,5.0,,0
018,Toffee,Daily_Pass,2026-06-23,Success,5.0,65.0,5.0,0
017,Toffee,WC_Premium,2026-06-30,Buffer_Timeout,3.0,9.0,2.0,0
018,Bioscope,Weekly_Pass,2026-07-02,Success,3.0,84.0,4.0,0
018,Toffee,Weekly_Pass,2026-07-06,Success,1.0,90.0,4.0,0
016,Bioscope,Daily_Pass,2026-06-18,Success,9.0,111.0,5.0,0
017,Bioscope,Daily_Pass,2026-06-16,Success,6.0,89.0,4.0,0
019,Bioscope,Weekly_Pass,2026-06-27,OTP_Failed,2.0,12.0,2.0,1
017,Toffee,Weekly_Pass,2026-06-21,Buffer_Timeout,2.0,0.0,2.0,0
016,Toffee,Daily_Pass,2026-07-05,Buffer_Timeout,0.0,12.0,1.0,1
017,Toffee,Daily_Pass,2026-06-14,OTP_Failed,3.0,2.0,1.0,1
013,Toffee,Weekly_Pass,2026-06-24,Success,2.0,92.0,,0
013,Other_Partner,WC_Premium,2026-06-17,Buffer_Timeout,1.0,14.0,,0
018,Bioscope,Daily_Pass,2026-06-27,Success,4.0,83.0,3.0,0
017,Toffee,WC_Premium,2026-07-08,Buffer_Timeout,2.0,2.0,1.0,0
019,Other_Partner,Daily_Pass,2026-06-25,Buffer_Timeout,2.0,3.0,,0
017,Bioscope,Daily_Pass,2026-07-05,Success,9.0,83.0,4.0,0
016,Toffee,WC_Premium,2026-06-29,Success,9.0,101.0,,0
019,Toffee,Weekly_Pass,2026-06-23,Success,27.0,95.0,1.0,0
018,Toffee,Daily_Pass,2026-06-13,Stuck_at_Number_Screen,2.0,15.0,,1
016,Other_Partner,Daily_Pass,2026-06-20,Stuck_at_Number_Screen,0.0,0.0,1.0,1
016,Bioscope,Daily_Pass,2026-06-18,OTP_Failed,2.0,0.0,,0
013,Bioscope,WC_Premium,2026-07-10,Success,13.0,99.0,,0
019,Toffee,Daily_Pass,2026-06-28,Success,3.0,50.0,4.0,0
017,Bioscope,Daily_Pass,2026-07-05,Buffer_Timeout,1.0,9.0,1.0,1
018,Toffee,Daily_Pass,2026-06-13,Success,1.0,70.0,4.0,0
016,Other_Partner,Weekly_Pass,2026-06-28,Success,8.0,58.0,5.0,0
013,Other_Partner,WC_Premium,2026-07-01,Buffer_Timeout,0.0,0.0,1.0,0
017,Toffee,Daily_Pass,2026-07-05,Stuck_at_Number_Screen,0.0,15.0,1.0,1
018,Bioscope,Weekly_Pass,2026-06-22,Success,10.0,79.0,4.0,0
019,Bioscope,Daily_Pass,2026-07-05,Success,41.0,91.0,1.0,0
014,Other_Partner,Weekly_Pass,2026-07-04,OTP_Failed,1.0,13.0,2.0,1
018,Toffee,Daily_Pass,2026-06-18,Success,9.0,104.0,4.0,0
016,Toffee,Daily_Pass,2026-06-25,OTP_Failed,2.0,10.0,2.0,1
014,Bioscope,Daily_Pass,2026-06-17,Success,11.0,100.0,4.0,0
017,Bioscope,WC_Premium,2026-06-29,Stuck_at_Number_Screen,1.0,1.0,1.0,1
017,Toffee,WC_Premium,2026-06-13,Buffer_Timeout,1.0,15.0,1.0,0
016,Bioscope,Weekly_Pass,2026-06-15,Buffer_Timeout,5.0,8.0,1.0,0
019,Toffee,Daily_Pass,2026-06-19,Success,7.0,96.0,5.0,0
019,Bioscope,Daily_Pass,2026-06-11,Success,13.0,73.0,4.0,0
013,Toffee,Weekly_Pass,2026-07-10,Success,5.0,107.0,4.0,0
017,Toffee,WC_Premium,2026-06-29,Success,13.0,84.0,,0
013,Toffee,WC_Premium,2026-06-19,Success,10.0,99.0,3.0,0
017,Toffee,Weekly_Pass,2026-07-03,OTP_Failed,3.0,5.0,1.0,1
017,Bioscope,Daily_Pass,2026-06-12,Success,1.0,84.0,4.0,0
019,Bioscope,Weekly_Pass,2026-06-28,Success,10.0,52.0,4.0,0
017,Toffee,Daily_Pass,2026-06-27,OTP_Failed,2.0,7.0,1.0,0
019,Toffee,Weekly_Pass,2026-07-06,Success,1.0,77.0,4.0,0
013,Bioscope,Daily_Pass,2026-06-13,Success,6.0,94.0,5.0,0
018,Toffee,Daily_Pass,2026-06-14,Success,9.0,90.0,,0
017,Bioscope,Daily_Pass,2026-06-25,OTP_Failed,3.0,0.0,2.0,1
017,Bioscope,Weekly_Pass,2026-06-11,OTP_Failed,1.0,7.0,2.0,1
017,Other_Partner,Weekly_Pass,2026-06-24,Success,9.0,77.0,4.0,0
015,Bioscope,WC_Premium,2026-06-23,Success,15.0,91.0,4.0,0
019,Toffee,WC_Premium,2026-06-26,Success,1.0,67.0,4.0,0
018,Bioscope,WC_Premium,2026-06-26,Success,14.0,86.0,4.0,0
017,Other_Partner,Daily_Pass,2026-06-11,Success,25.0,115.0,2.0,0
014,Toffee,Weekly_Pass,2026-06-13,Stuck_at_Number_Screen,1.0,7.0,2.0,1
017,Other_Partner,Weekly_Pass,2026-06-15,Success,1.0,72.0,5.0,0
017,Bioscope,WC_Premium,2026-07-04,Success,5.0,73.0,4.0,0
018,Toffee,Daily_Pass,2026-06-15,Success,8.0,95.0,5.0,0
014,Toffee,Daily_Pass,2026-06-22,Success,13.0,129.0,5.0,0
017,Bioscope,Daily_Pass,2026-06-25,Success,16.0,90.0,4.0,0
017,Toffee,WC_Premium,2026-06-17,Success,6.0,56.0,3.0,0
014,Toffee,WC_Premium,2026-06-19,Success,4.0,99.0,4.0,1
017,Toffee,Daily_Pass,2026-06-11,Buffer_Timeout,0.0,6.0,1.0,0
017,Toffee,WC_Premium,2026-06-15,Buffer_Timeout,2.0,0.0,1.0,1
018,Toffee,Daily_Pass,2026-06-28,OTP_Failed,2.0,4.0,1.0,1
019,Bioscope,Daily_Pass,2026-06-11,Success,0.0,87.0,4.0,0
018,Toffee,WC_Premium,2026-06-25,Success,24.0,107.0,1.0,0
015,Other_Partner,Daily_Pass,2026-06-17,Success,5.0,85.0,3.0,0
016,Toffee,Daily_Pass,2026-07-03,Success,4.0,135.0,4.0,0
017,Toffee,WC_Premium,2026-06-27,Success,3.0,86.0,4.0,0
015,Toffee,Weekly_Pass,2026-06-20,OTP_Failed,1.0,8.0,,1
013,Toffee,WC_Premium,2026-07-10,Success,1.0,120.0,3.0,0
017,Toffee,Daily_Pass,2026-06-17,Success,8.0,90.0,5.0,0
018,Bioscope,Daily_Pass,2026-06-26,Success,9.0,75.0,3.0,0
017,Bioscope,Daily_Pass,2026-06-16,Stuck_at_Number_Screen,2.0,7.0,,1
017,Toffee,WC_Premium,2026-07-02,OTP_Failed,4.0,3.0,,1
017,Toffee,Daily_Pass,2026-06-22,OTP_Failed,1.0,3.0,1.0,1
013,Toffee,Daily_Pass,2026-06-27,Success,6.0,109.0,4.0,0
019,Bioscope,Daily_Pass,2026-06-21,Stuck_at_Number_Screen,0.0,0.0,2.0,1
018,Bioscope,WC_Premium,2026-06-20,Buffer_Timeout,10.0,0.0,1.0,0
015,Toffee,Daily_Pass,2026-06-17,OTP_Failed,10.0,10.0,1.0,1
017,Toffee,Daily_Pass,2026-06-27,Success,28.0,76.0,1.0,0
017,Other_Partner,Weekly_Pass,2026-07-06,OTP_Failed,1.0,8.0,1.0,1
017,Toffee,Daily_Pass,2026-07-06,OTP_Failed,4.0,15.0,1.0,1
017,Bioscope,Daily_Pass,2026-06-22,Buffer_Timeout,1.0,1.0,1.0,1
017,Toffee,Daily_Pass,2026-07-08,OTP_Failed,1.0,3.0,1.0,1
019,Bioscope,WC_Premium,2026-06-15,Stuck_at_Number_Screen,1.0,1.0,1.0,1
014,Other_Partner,Daily_Pass,2026-06-11,Success,1.0,101.0,4.0,0
015,Other_Partner,Daily_Pass,2026-06-22,Success,5.0,99.0,5.0,0
017,Bioscope,Daily_Pass,2026-06-11,Success,4.0,105.0,5.0,0
019,Toffee,WC_Premium,2026-06-23,Success,19.0,82.0,4.0,0
017,Toffee,Daily_Pass,2026-07-10,Success,1.0,68.0,3.0,0
017,Toffee,WC_Premium,2026-06-22,OTP_Failed,1.0,9.0,2.0,1
019,Other_Partner,WC_Premium,2026-06-25,Success,10.0,81.0,3.0,0
018,Bioscope,Daily_Pass,2026-06-18,Success,14.0,96.0,5.0,0
017,Toffee,Daily_Pass,2026-06-22,Success,13.0,77.0,5.0,0
013,Toffee,Weekly_Pass,2026-07-01,Success,7.0,108.0,5.0,0
017,Bioscope,WC_Premium,2026-07-07,Stuck_at_Number_Screen,3.0,4.0,1.0,1
016,Other_Partner,WC_Premium,2026-06-21,OTP_Failed,3.0,2.0,1.0,1
018,Bioscope,WC_Premium,2026-06-15,Stuck_at_Number_Screen,2.0,2.0,,0
015,Toffee,Daily_Pass,2026-07-07,Success,4.0,68.0,4.0,0
017,Toffee,Weekly_Pass,2026-06-13,Success,2.0,105.0,5.0,0
013,Toffee,Daily_Pass,2026-07-07,Buffer_Timeout,2.0,7.0,1.0,0
018,Other_Partner,Weekly_Pass,2026-06-21,Success,11.0,73.0,,0
018,Other_Partner,Weekly_Pass,2026-06-28,Success,6.0,66.0,4.0,0
017,Other_Partner,Daily_Pass,2026-06-20,OTP_Failed,0.0,8.0,,0
016,Bioscope,Daily_Pass,2026-06-30,Success,0.0,108.0,,0
019,Bioscope,Daily_Pass,2026-06-11,Success,4.0,104.0,4.0,0
014,Bioscope,Weekly_Pass,2026-07-03,Success,15.0,67.0,,0
019,Bioscope,WC_Premium,2026-07-04,Buffer_Timeout,0.0,6.0,1.0,0
019,Bioscope,Weekly_Pass,2026-06-28,Success,15.0,106.0,5.0,0
018,Toffee,WC_Premium,2026-06-26,Success,3.0,131.0,5.0,0
019,Bioscope,Daily_Pass,2026-06-11,Success,2.0,105.0,,0
017,Toffee,Daily_Pass,2026-06-17,Success,11.0,80.0,5.0,0
013,Toffee,Daily_Pass,2026-06-25,OTP_Failed,4.0,6.0,1.0,1
017,Bioscope,Daily_Pass,2026-07-02,Success,12.0,86.0,4.0,0
018,Other_Partner,Weekly_Pass,2026-06-15,Success,1.0,79.0,4.0,0
017,Bioscope,WC_Premium,2026-06-25,Success,5.0,90.0,5.0,0
015,Toffee,Weekly_Pass,2026-07-10,Success,11.0,83.0,,0
017,Other_Partner,Weekly_Pass,2026-07-02,Success,0.0,78.0,5.0,0
017,Bioscope,Daily_Pass,2026-06-23,Success,7.0,67.0,,0
018,Toffee,Daily_Pass,2026-06-16,Stuck_at_Number_Screen,0.0,1.0,,1
017,Bioscope,Daily_Pass,2026-06-23,Success,5.0,65.0,4.0,0
017,Toffee,Weekly_Pass,2026-07-05,Success,24.0,114.0,,0
017,Toffee,Weekly_Pass,2026-07-09,Success,1.0,66.0,4.0,0
018,Bioscope,Daily_Pass,2026-06-30,Success,4.0,86.0,,0
013,Toffee,Weekly_Pass,2026-06-11,OTP_Failed,4.0,0.0,,0
019,Toffee,Weekly_Pass,2026-07-08,Buffer_Timeout,1.0,9.0,1.0,0
016,Toffee,Daily_Pass,2026-06-14,Success,10.0,90.0,5.0,0
013,Toffee,Weekly_Pass,2026-07-07,Success,15.0,105.0,5.0,1
017,Toffee,WC_Premium,2026-07-04,Success,4.0,114.0,5.0,0
017,Toffee,Daily_Pass,2026-07-08,Success,4.0,92.0,5.0,0
019,Toffee,Weekly_Pass,2026-06-20,OTP_Failed,3.0,2.0,,0
017,Toffee,Daily_Pass,2026-06-24,OTP_Failed,0.0,9.0,2.0,1
017,Toffee,WC_Premium,2026-06-14,Success,5.0,101.0,,0
019,Toffee,WC_Premium,2026-07-01,Stuck_at_Number_Screen,1.0,6.0,,0
018,Bioscope,Weekly_Pass,2026-06-29,Buffer_Timeout,1.0,14.0,,0
017,Bioscope,Daily_Pass,2026-06-16,Buffer_Timeout,0.0,7.0,2.0,1
017,Toffee,Daily_Pass,2026-06-19,Success,6.0,36.0,4.0,0
014,Bioscope,Daily_Pass,2026-06-22,Success,10.0,91.0,5.0,0
019,Other_Partner,Daily_Pass,2026-06-24,Success,2.0,91.0,4.0,0
016,Other_Partner,Weekly_Pass,2026-07-07,Success,5.0,53.0,,0
018,Toffee,Daily_Pass,2026-07-08,Success,7.0,66.0,,0
018,Bioscope,Daily_Pass,2026-07-08,Buffer_Timeout,2.0,0.0,1.0,1
015,Toffee,WC_Premium,2026-07-01,Success,1.0,118.0,4.0,0
015,Toffee,Weekly_Pass,2026-06-28,OTP_Failed,2.0,0.0,,0
017,Toffee,Daily_Pass,2026-06-13,OTP_Failed,5.0,0.0,1.0,1
019,Toffee,Weekly_Pass,2026-06-13,Success,11.0,99.0,4.0,0
017,Bioscope,WC_Premium,2026-06-14,Success,16.0,65.0,5.0,0
017,Bioscope,Daily_Pass,2026-06-29,OTP_Failed,0.0,6.0,1.0,1
016,Bioscope,Weekly_Pass,2026-06-11,Stuck_at_Number_Screen,1.0,7.0,1.0,1
013,Toffee,WC_Premium,2026-07-05,Buffer_Timeout,1.0,2.0,1.0,1
014,Toffee,Weekly_Pass,2026-06-25,Stuck_at_Number_Screen,0.0,0.0,,1
017,Toffee,Daily_Pass,2026-07-08,Stuck_at_Number_Screen,3.0,15.0,1.0,1
018,Toffee,Daily_Pass,2026-07-07,OTP_Failed,4.0,9.0,1.0,1
014,Other_Partner,WC_Premium,2026-06-25,Success,6.0,73.0,5.0,0
014,Bioscope,WC_Premium,2026-06-24,Stuck_at_Number_Screen,2.0,0.0,1.0,1
017,Other_Partner,WC_Premium,2026-06-17,Buffer_Timeout,1.0,3.0,2.0,0
013,Bioscope,WC_Premium,2026-06-14,Success,4.0,94.0,5.0,0
018,Toffee,Weekly_Pass,2026-07-05,Success,18.0,113.0,4.0,0
017,Toffee,WC_Premium,2026-06-21,Success,10.0,98.0,5.0,0
015,Toffee,Weekly_Pass,2026-06-12,Buffer_Timeout,2.0,7.0,2.0,1
014,Toffee,WC_Premium,2026-07-08,Success,8.0,68.0,4.0,0
017,Bioscope,Daily_Pass,2026-07-05,Stuck_at_Number_Screen,0.0,0.0,1.0,1
017,Toffee,WC_Premium,2026-07-05,Stuck_at_Number_Screen,0.0,7.0,1.0,1
017,Toffee,Daily_Pass,2026-06-12,OTP_Failed,1.0,2.0,1.0,1
014,Bioscope,Daily_Pass,2026-06-17,Success,7.0,88.0,,1
017,Bioscope,Weekly_Pass,2026-06-30,Buffer_Timeout,2.0,2.0,1.0,0
013,Toffee,Daily_Pass,2026-06-25,Success,6.0,104.0,,0
013,Bioscope,Daily_Pass,2026-06-15,Success,16.0,91.0,,0
018,Toffee,WC_Premium,2026-07-01,Success,2.0,93.0,5.0,0
017,Bioscope,Weekly_Pass,2026-07-05,Success,7.0,55.0,4.0,0
017,Toffee,WC_Premium,2026-07-09,Success,9.0,82.0,5.0,0
014,Toffee,WC_Premium,2026-07-02,Success,1.0,93.0,3.0,0
014,Bioscope,Daily_Pass,2026-06-27,Stuck_at_Number_Screen,0.0,10.0,1.0,1
019,Toffee,Daily_Pass,2026-06-15,Success,6.0,72.0,5.0,0
017,Bioscope,Daily_Pass,2026-06-11,Stuck_at_Number_Screen,1.0,0.0,,1
017,Bioscope,Weekly_Pass,2026-06-26,Success,7.0,96.0,4.0,0
018,Toffee,Weekly_Pass,2026-06-25,Success,15.0,131.0,4.0,0
017,Bioscope,Weekly_Pass,2026-06-26,Success,1.0,80.0,5.0,0
014,Bioscope,Daily_Pass,2026-06-24,Success,12.0,94.0,5.0,0
018,Toffee,Daily_Pass,2026-06-17,Success,5.0,79.0,,0
017,Bioscope,Weekly_Pass,2026-06-13,Success,6.0,120.0,5.0,0
014,Bioscope,Daily_Pass,2026-06-12,Success,5.0,57.0,,0
015,Bioscope,WC_Premium,2026-07-03,Success,9.0,81.0,4.0,0
017,Other_Partner,Daily_Pass,2026-07-05,Success,11.0,98.0,4.0,0
018,Bioscope,Daily_Pass,2026-07-01,Success,6.0,34.0,4.0,0
017,Other_Partner,Daily_Pass,2026-06-14,Stuck_at_Number_Screen,3.0,7.0,1.0,1
013,Bioscope,WC_Premium,2026-07-09,Success,21.0,69.0,1.0,0
017,Toffee,Daily_Pass,2026-06-20,Success,4.0,70.0,4.0,0
018,Toffee,Daily_Pass,2026-06-23,Success,16.0,148.0,4.0,0
015,Toffee,Weekly_Pass,2026-07-01,OTP_Failed,0.0,4.0,,1
018,Bioscope,WC_Premium,2026-06-17,Success,5.0,101.0,5.0,0
017,Bioscope,WC_Premium,2026-06-30,Success,3.0,59.0,4.0,0
018,Toffee,Daily_Pass,2026-07-05,OTP_Failed,0.0,7.0,1.0,1
017,Toffee,WC_Premium,2026-06-16,OTP_Failed,0.0,5.0,1.0,1
019,Toffee,Daily_Pass,2026-06-29,Success,0.0,91.0,4.0,0
013,Toffee,Daily_Pass,2026-06-22,Success,5.0,85.0,3.0,0
017,Bioscope,Weekly_Pass,2026-06-28,Buffer_Timeout,1.0,0.0,2.0,0
017,Bioscope,Daily_Pass,2026-07-10,Success,10.0,60.0,,0
019,Other_Partner,WC_Premium,2026-06-14,Success,17.0,85.0,,0
017,Toffee,WC_Premium,2026-06-25,Success,4.0,114.0,,0
019,Bioscope,Daily_Pass,2026-07-10,Stuck_at_Number_Screen,0.0,1.0,1.0,1
017,Bioscope,Daily_Pass,2026-06-19,Success,1.0,121.0,5.0,0
017,Other_Partner,Weekly_Pass,2026-06-28,Success,2.0,95.0,,0
018,Bioscope,Weekly_Pass,2026-06-13,Success,18.0,89.0,,0
014,Toffee,WC_Premium,2026-06-29,Success,5.0,87.0,4.0,0
014,Toffee,WC_Premium,2026-07-01,Buffer_Timeout,1.0,9.0,1.0,0
017,Bioscope,Weekly_Pass,2026-06-15,Success,3.0,81.0,5.0,0
013,Bioscope,Daily_Pass,2026-06-20,Success,1.0,96.0,4.0,0
017,Bioscope,WC_Premium,2026-06-21,Success,10.0,82.0,3.0,0
018,Toffee,Daily_Pass,2026-06-17,OTP_Failed,4.0,13.0,2.0,1
018,Other_Partner,WC_Premium,2026-06-11,Success,8.0,67.0,5.0,0
014,Toffee,Daily_Pass,2026-06-12,OTP_Failed,12.0,2.0,1.0,1
014,Other_Partner,Weekly_Pass,2026-06-15,Success,8.0,107.0,,0
013,Bioscope,Daily_Pass,2026-06-15,Success,4.0,103.0,4.0,0
018,Bioscope,Weekly_Pass,2026-06-23,Success,5.0,73.0,,0
019,Bioscope,Weekly_Pass,2026-06-17,Success,7.0,97.0,4.0,0
019,Toffee,Weekly_Pass,2026-07-08,Success,13.0,93.0,4.0,0
017,Toffee,WC_Premium,2026-06-17,Success,6.0,79.0,4.0,1
017,Toffee,Weekly_Pass,2026-06-29,Stuck_at_Number_Screen,1.0,4.0,,1
013,Toffee,Daily_Pass,2026-06-30,Success,9.0,84.0,4.0,0
017,Bioscope,WC_Premium,2026-06-12,Buffer_Timeout,0.0,5.0,1.0,0
017,Toffee,WC_Premium,2026-06-22,Success,4.0,75.0,5.0,0
017,Bioscope,Daily_Pass,2026-06-21,Success,10.0,61.0,4.0,0
018,Toffee,WC_Premium,2026-06-26,Success,1.0,46.0,5.0,0
017,Bioscope,WC_Premium,2026-06-28,Success,23.0,106.0,1.0,0
017,Bioscope,Weekly_Pass,2026-06-29,Success,8.0,63.0,5.0,0
017,Toffee,Daily_Pass,2026-07-07,Success,5.0,97.0,5.0,0
019,Toffee,Weekly_Pass,2026-06-26,Stuck_at_Number_Screen,1.0,6.0,1.0,1
019,Toffee,Daily_Pass,2026-07-03,OTP_Failed,0.0,5.0,1.0,1
018,Bioscope,Weekly_Pass,2026-06-16,Success,13.0,101.0,4.0,0
013,Bioscope,Weekly_Pass,2026-06-27,Stuck_at_Number_Screen,0.0,12.0,2.0,1
015,Toffee,WC_Premium,2026-06-19,Success,29.0,85.0,1.0,0
017,Bioscope,Weekly_Pass,2026-06-11,Buffer_Timeout,0.0,3.0,1.0,1
017,Toffee,Daily_Pass,2026-07-03,Success,7.0,93.0,5.0,1
017,Bioscope,WC_Premium,2026-07-09,Success,3.0,90.0,5.0,0
017,Toffee,Daily_Pass,2026-06-18,Stuck_at_Number_Screen,6.0,7.0,1.0,1
013,Bioscope,Daily_Pass,2026-07-10,Success,4.0,100.0,5.0,0
014,Other_Partner,Daily_Pass,2026-07-10,Success,3.0,86.0,,0
018,Bioscope,Daily_Pass,2026-06-16,Buffer_Timeout,4.0,0.0,,0
013,Toffee,WC_Premium,2026-07-08,Stuck_at_Number_Screen,0.0,13.0,2.0,1
014,Toffee,Weekly_Pass,2026-06-27,Stuck_at_Number_Screen,4.0,11.0,1.0,1
017,Bioscope,WC_Premium,2026-06-12,Success,4.0,111.0,5.0,0
017,Toffee,Daily_Pass,2026-06-17,OTP_Failed,3.0,9.0,1.0,0
018,Toffee,WC_Premium,2026-06-24,Success,2.0,61.0,4.0,0
018,Bioscope,Weekly_Pass,2026-06-26,Stuck_at_Number_Screen,1.0,3.0,2.0,1
017,Toffee,Weekly_Pass,2026-06-15,Success,11.0,76.0,,0
013,Toffee,WC_Premium,2026-06-19,Success,0.0,140.0,4.0,0
018,Other_Partner,Weekly_Pass,2026-07-04,Stuck_at_Number_Screen,10.0,13.0,1.0,1
016,Toffee,Weekly_Pass,2026-06-14,Stuck_at_Number_Screen,0.0,4.0,1.0,1
018,Toffee,Daily_Pass,2026-07-01,Buffer_Timeout,2.0,11.0,1.0,0
017,Bioscope,Daily_Pass,2026-07-09,Success,9.0,130.0,3.0,0
017,Bioscope,WC_Premium,2026-06-24,Success,1.0,98.0,3.0,0
013,Toffee,WC_Premium,2026-07-06,Buffer_Timeout,0.0,13.0,,1
017,Bioscope,Weekly_Pass,2026-06-29,Success,12.0,90.0,4.0,0
014,Bioscope,WC_Premium,2026-06-28,Buffer_Timeout,6.0,7.0,2.0,0
018,Toffee,Weekly_Pass,2026-07-08,OTP_Failed,3.0,0.0,1.0,1
017,Toffee,Weekly_Pass,2026-07-08,Stuck_at_Number_Screen,7.0,1.0,1.0,1
019,Toffee,Daily_Pass,2026-06-22,OTP_Failed,0.0,3.0,2.0,1
018,Bioscope,Weekly_Pass,2026-07-01,Stuck_at_Number_Screen,5.0,6.0,2.0,1
017,Bioscope,Daily_Pass,2026-06-14,Success,4.0,112.0,3.0,0
019,Toffee,Daily_Pass,2026-07-03,Buffer_Timeout,1.0,3.0,1.0,0
019,Bioscope,WC_Premium,2026-07-06,Success,15.0,102.0,5.0,0
016,Bioscope,Daily_Pass,2026-06-23,Success,5.0,97.0,4.0,0
017,Toffee,Daily_Pass,2026-07-06,Success,6.0,78.0,4.0,0
018,Bioscope,Daily_Pass,2026-06-27,Stuck_at_Number_Screen,0.0,0.0,2.0,1
019,Toffee,Daily_Pass,2026-07-02,OTP_Failed,0.0,8.0,1.0,1
017,Other_Partner,Daily_Pass,2026-06-19,Success,8.0,57.0,,0
017,Bioscope,Daily_Pass,2026-06-16,Stuck_at_Number_Screen,3.0,3.0,1.0,1
019,Bioscope,Weekly_Pass,2026-06-19,Stuck_at_Number_Screen,2.0,15.0,1.0,1
017,Bioscope,Weekly_Pass,2026-06-12,OTP_Failed,0.0,5.0,1.0,1
019,Bioscope,WC_Premium,2026-07-07,Success,9.0,72.0,,0
018,Bioscope,WC_Premium,2026-07-10,OTP_Failed,1.0,4.0,1.0,1
013,Bioscope,Weekly_Pass,2026-06-18,Buffer_Timeout,3.0,9.0,,0
017,Other_Partner,Daily_Pass,2026-06-26,Buffer_Timeout,0.0,0.0,1.0,0
019,Bioscope,Daily_Pass,2026-06-20,Success,25.0,95.0,1.0,0
013,Toffee,WC_Premium,2026-06-19,Success,6.0,69.0,4.0,0
018,Other_Partner,Weekly_Pass,2026-07-10,Success,1.0,102.0,5.0,0
016,Bioscope,Daily_Pass,2026-06-13,Success,23.0,124.0,1.0,0
016,Bioscope,Daily_Pass,2026-06-16,Success,13.0,95.0,4.0,0
015,Other_Partner,WC_Premium,2026-07-01,Success,24.0,65.0,1.0,1
018,Toffee,Weekly_Pass,2026-06-16,OTP_Failed,1.0,0.0,2.0,1
013,Toffee,Weekly_Pass,2026-06-22,Success,11.0,115.0,4.0,0
015,Toffee,Daily_Pass,2026-06-21,Success,12.0,98.0,4.0,0
018,Bioscope,Weekly_Pass,2026-06-24,Success,0.0,92.0,4.0,0
017,Bioscope,WC_Premium,2026-06-19,Success,10.0,84.0,4.0,0
017,Other_Partner,WC_Premium,2026-06-24,Stuck_at_Number_Screen,2.0,0.0,1.0,1
019,Toffee,WC_Premium,2026-06-13,Success,15.0,93.0,,0
013,Bioscope,Weekly_Pass,2026-07-04,OTP_Failed,0.0,3.0,1.0,1
016,Other_Partner,Weekly_Pass,2026-06-26,Success,7.0,113.0,,0
018,Bioscope,Weekly_Pass,2026-07-08,OTP_Failed,1.0,8.0,1.0,1
017,Toffee,Daily_Pass,2026-07-10,Success,40.0,107.0,,0
018,Bioscope,WC_Premium,2026-07-09,Success,3.0,86.0,,0
017,Other_Partner,Weekly_Pass,2026-07-03,Success,4.0,79.0,3.0,0
013,Other_Partner,Weekly_Pass,2026-06-20,Success,7.0,81.0,5.0,0
018,Bioscope,WC_Premium,2026-06-21,Success,1.0,100.0,4.0,0
013,Bioscope,WC_Premium,2026-06-19,Stuck_at_Number_Screen,2.0,6.0,,0
016,Toffee,Weekly_Pass,2026-06-14,Success,9.0,56.0,,0
019,Toffee,Daily_Pass,2026-07-07,OTP_Failed,1.0,15.0,,1
019,Other_Partner,Daily_Pass,2026-06-13,Success,16.0,108.0,,0
017,Toffee,WC_Premium,2026-06-21,Success,7.0,92.0,4.0,0
017,Toffee,Daily_Pass,2026-06-19,Success,0.0,114.0,,0
018,Toffee,WC_Premium,2026-06-29,Success,18.0,100.0,5.0,0
014,Bioscope,Daily_Pass,2026-07-10,Success,1.0,112.0,5.0,0
019,Bioscope,Weekly_Pass,2026-06-25,Success,10.0,113.0,,0
019,Toffee,Weekly_Pass,2026-07-10,OTP_Failed,4.0,7.0,,0
017,Other_Partner,Daily_Pass,2026-06-13,Stuck_at_Number_Screen,0.0,1.0,1.0,1
013,Other_Partner,WC_Premium,2026-07-10,Success,25.0,88.0,2.0,1
018,Toffee,Weekly_Pass,2026-07-09,Success,1.0,116.0,,0
017,Toffee,Daily_Pass,2026-06-11,Success,6.0,77.0,5.0,0
017,Bioscope,Daily_Pass,2026-06-25,Success,14.0,47.0,4.0,0
014,Bioscope,WC_Premium,2026-07-10,Success,5.0,92.0,4.0,0
017,Toffee,Daily_Pass,2026-06-21,OTP_Failed,1.0,1.0,2.0,1
017,Toffee,WC_Premium,2026-06-30,Stuck_at_Number_Screen,1.0,8.0,1.0,1
017,Toffee,Daily_Pass,2026-06-17,Success,5.0,86.0,3.0,0
014,Toffee,Daily_Pass,2026-07-04,Success,6.0,126.0,,0
018,Toffee,Daily_Pass,2026-06-12,Buffer_Timeout,2.0,5.0,1.0,1
016,Bioscope,Daily_Pass,2026-07-06,Success,5.0,121.0,5.0,0
014,Bioscope,Daily_Pass,2026-06-17,Buffer_Timeout,1.0,1.0,1.0,0
017,Bioscope,WC_Premium,2026-07-09,Stuck_at_Number_Screen,2.0,8.0,2.0,1
018,Toffee,Daily_Pass,2026-07-05,Success,6.0,103.0,4.0,0
017,Bioscope,Daily_Pass,2026-06-14,Success,1.0,98.0,4.0,0
017,Toffee,Daily_Pass,2026-06-19,Buffer_Timeout,1.0,3.0,1.0,0
019,Toffee,Weekly_Pass,2026-07-06,OTP_Failed,1.0,6.0,,1
019,Bioscope,WC_Premium,2026-06-30,Success,13.0,112.0,4.0,0
013,Bioscope,WC_Premium,2026-06-20,Success,3.0,89.0,3.0,0
013,Toffee,Daily_Pass,2026-06-20,OTP_Failed,2.0,2.0,1.0,0
018,Bioscope,Weekly_Pass,2026-06-25,Success,4.0,76.0,5.0,0
017,Other_Partner,Weekly_Pass,2026-06-27,Success,2.0,10.0,5.0,0
017,Bioscope,Weekly_Pass,2026-07-07,Success,9.0,80.0,4.0,0
017,Bioscope,Daily_Pass,2026-07-02,Success,3.0,64.0,,0
017,Other_Partner,WC_Premium,2026-07-09,Success,38.0,74.0,1.0,1
019,Bioscope,Daily_Pass,2026-06-14,Success,1.0,54.0,4.0,0
017,Bioscope,Daily_Pass,2026-06-24,Success,29.0,69.0,,0
017,Toffee,Daily_Pass,2026-07-01,Success,4.0,69.0,4.0,0
018,Toffee,Weekly_Pass,2026-07-08,Buffer_Timeout,0.0,0.0,1.0,0
019,Bioscope,Daily_Pass,2026-06-18,Success,3.0,96.0,,1
017,Bioscope,Weekly_Pass,2026-06-28,Success,11.0,118.0,4.0,0
017,Toffee,WC_Premium,2026-07-08,OTP_Failed,4.0,10.0,,0
013,Other_Partner,Weekly_Pass,2026-06-22,Success,24.0,84.0,1.0,0
016,Toffee,Weekly_Pass,2026-07-10,Stuck_at_Number_Screen,6.0,12.0,1.0,1
018,Bioscope,WC_Premium,2026-06-19,Success,1.0,99.0,4.0,0
019,Toffee,WC_Premium,2026-07-09,Success,4.0,74.0,5.0,1
015,Toffee,Daily_Pass,2026-07-09,Buffer_Timeout,0.0,4.0,1.0,1
019,Bioscope,Weekly_Pass,2026-06-22,Stuck_at_Number_Screen,1.0,11.0,1.0,1
018,Toffee,WC_Premium,2026-06-13,Success,10.0,86.0,5.0,0
018,Toffee,Daily_Pass,2026-06-29,Buffer_Timeout,2.0,1.0,,0
017,Bioscope,Daily_Pass,2026-07-02,Buffer_Timeout,1.0,1.0,2.0,0
015,Bioscope,Daily_Pass,2026-06-24,Buffer_Timeout,0.0,12.0,2.0,0
013,Bioscope,WC_Premium,2026-06-15,Success,3.0,109.0,,0
017,Other_Partner,Daily_Pass,2026-06-22,Buffer_Timeout,2.0,2.0,,0
016,Toffee,Daily_Pass,2026-06-16,Success,11.0,80.0,3.0,0
017,Bioscope,Weekly_Pass,2026-06-15,OTP_Failed,8.0,0.0,,1
018,Bioscope,WC_Premium,2026-07-04,Success,1.0,70.0,4.0,0
018,Other_Partner,Daily_Pass,2026-06-19,Success,5.0,107.0,5.0,0
013,Other_Partner,WC_Premium,2026-06-28,Success,8.0,78.0,5.0,0
019,Bioscope,Weekly_Pass,2026-07-05,Success,6.0,77.0,,0
017,Bioscope,Weekly_Pass,2026-07-06,Success,4.0,94.0,,0
013,Toffee,WC_Premium,2026-07-08,Success,11.0,95.0,4.0,0
018,Toffee,Daily_Pass,2026-07-04,Buffer_Timeout,0.0,12.0,2.0,0
016,Bioscope,WC_Premium,2026-07-08,Stuck_at_Number_Screen,0.0,3.0,,1
019,Bioscope,WC_Premium,2026-06-27,Success,1.0,88.0,5.0,0
013,Bioscope,WC_Premium,2026-07-04,Stuck_at_Number_Screen,3.0,4.0,2.0,1
018,Bioscope,WC_Premium,2026-07-03,OTP_Failed,3.0,6.0,,1
017,Toffee,WC_Premium,2026-06-11,Success,9.0,58.0,3.0,0
014,Bioscope,Daily_Pass,2026-06-24,OTP_Failed,2.0,6.0,,1
013,Toffee,Daily_Pass,2026-06-29,OTP_Failed,1.0,9.0,,1
016,Toffee,Daily_Pass,2026-06-16,Success,1.0,94.0,5.0,0
017,Toffee,Daily_Pass,2026-06-11,Success,13.0,58.0,5.0,0
017,Bioscope,WC_Premium,2026-06-15,Success,7.0,114.0,5.0,0
018,Toffee,Daily_Pass,2026-06-16,OTP_Failed,2.0,9.0,1.0,1
019,Bioscope,Daily_Pass,2026-06-12,Success,2.0,117.0,,0
018,Toffee,WC_Premium,2026-07-03,OTP_Failed,2.0,7.0,1.0,1
014,Toffee,WC_Premium,2026-07-03,Success,6.0,84.0,,0
018,Other_Partner,WC_Premium,2026-07-07,Success,3.0,150.0,,0
018,Bioscope,WC_Premium,2026-06-24,Buffer_Timeout,4.0,5.0,1.0,0
017,Toffee,Weekly_Pass,2026-07-02,Stuck_at_Number_Screen,2.0,9.0,1.0,1
019,Toffee,WC_Premium,2026-06-16,OTP_Failed,0.0,5.0,1.0,0
017,Other_Partner,Weekly_Pass,2026-06-24,Success,16.0,105.0,3.0,0
019,Toffee,WC_Premium,2026-07-02,OTP_Failed,4.0,3.0,2.0,1
014,Bioscope,Daily_Pass,2026-06-23,OTP_Failed,0.0,11.0,2.0,1
014,Toffee,WC_Premium,2026-07-09,OTP_Failed,1.0,8.0,1.0,0
018,Toffee,Weekly_Pass,2026-06-19,Stuck_at_Number_Screen,3.0,10.0,1.0,1
016,Toffee,Weekly_Pass,2026-06-21,Success,6.0,85.0,5.0,0
019,Bioscope,WC_Premium,2026-06-22,OTP_Failed,4.0,3.0,,1
017,Bioscope,WC_Premium,2026-06-22,Success,11.0,94.0,4.0,0
018,Toffee,WC_Premium,2026-07-05,Success,11.0,69.0,4.0,0
017,Bioscope,Daily_Pass,2026-06-12,Success,5.0,101.0,5.0,0
018,Bioscope,Daily_Pass,2026-06-19,Success,17.0,93.0,4.0,0
017,Other_Partner,Daily_Pass,2026-06-28,Success,5.0,118.0,4.0,0
017,Toffee,Daily_Pass,2026-06-23,OTP_Failed,0.0,9.0,1.0,1
013,Toffee,Daily_Pass,2026-06-13,OTP_Failed,1.0,7.0,1.0,1
013,Bioscope,WC_Premium,2026-07-08,Buffer_Timeout,2.0,2.0,2.0,1
018,Toffee,Weekly_Pass,2026-07-10,OTP_Failed,1.0,9.0,2.0,1
017,Toffee,WC_Premium,2026-06-24,Buffer_Timeout,1.0,8.0,,0
018,Bioscope,Weekly_Pass,2026-07-09,Stuck_at_Number_Screen,6.0,3.0,1.0,1
017,Toffee,Weekly_Pass,2026-07-05,Success,14.0,118.0,5.0,0
018,Toffee,Daily_Pass,2026-06-29,Success,4.0,73.0,,0
018,Toffee,WC_Premium,2026-06-14,OTP_Failed,4.0,9.0,1.0,1
018,Bioscope,WC_Premium,2026-06-24,OTP_Failed,2.0,11.0,1.0,1
016,Toffee,Daily_Pass,2026-06-15,OTP_Failed,1.0,3.0,1.0,1
017,Bioscope,Daily_Pass,2026-06-27,Stuck_at_Number_Screen,2.0,10.0,2.0,1
019,Bioscope,Daily_Pass,2026-06-12,Buffer_Timeout,1.0,8.0,1.0,1
013,Bioscope,WC_Premium,2026-06-21,Success,6.0,108.0,4.0,0
018,Toffee,WC_Premium,2026-07-02,OTP_Failed,3.0,3.0,,0
018,Toffee,Weekly_Pass,2026-06-28,OTP_Failed,1.0,8.0,1.0,1
017,Bioscope,Daily_Pass,2026-06-21,Success,2.0,82.0,5.0,0
016,Toffee,Daily_Pass,2026-07-10,Buffer_Timeout,0.0,3.0,1.0,1
018,Other_Partner,Daily_Pass,2026-06-28,OTP_Failed,1.0,8.0,1.0,0
017,Toffee,Daily_Pass,2026-07-09,Success,3.0,71.0,5.0,0
017,Bioscope,Daily_Pass,2026-06-25,Success,5.0,115.0,5.0,0
017,Toffee,Daily_Pass,2026-06-14,OTP_Failed,9.0,5.0,1.0,1
014,Bioscope,Weekly_Pass,2026-06-17,Success,13.0,82.0,5.0,0
016,Toffee,Daily_Pass,2026-06-27,Success,5.0,94.0,4.0,0
017,Toffee,Weekly_Pass,2026-07-08,Success,14.0,79.0,5.0,0
013,Bioscope,Weekly_Pass,2026-07-07,Buffer_Timeout,3.0,4.0,1.0,1
018,Bioscope,Weekly_Pass,2026-07-02,Stuck_at_Number_Screen,4.0,3.0,1.0,1
019,Bioscope,Weekly_Pass,2026-06-12,Success,18.0,82.0,5.0,0
017,Bioscope,Daily_Pass,2026-06-16,Buffer_Timeout,1.0,5.0,,0
017,Bioscope,WC_Premium,2026-06-14,Buffer_Timeout,3.0,0.0,1.0,0
019,Toffee,WC_Premium,2026-07-03,OTP_Failed,1.0,3.0,1.0,1
017,Toffee,Daily_Pass,2026-06-25,Success,6.0,114.0,4.0,0
017,Bioscope,Daily_Pass,2026-06-26,Stuck_at_Number_Screen,0.0,7.0,1.0,1
015,Toffee,WC_Premium,2026-07-05,Success,19.0,128.0,5.0,0
018,Bioscope,WC_Premium,2026-06-11,Success,12.0,87.0,4.0,0
017,Toffee,Daily_Pass,2026-06-22,Success,4.0,73.0,3.0,0
017,Toffee,Daily_Pass,2026-07-06,Success,1.0,74.0,5.0,0
017,Toffee,WC_Premium,2026-07-02,Success,8.0,99.0,5.0,0
017,Bioscope,Daily_Pass,2026-06-29,OTP_Failed,2.0,6.0,2.0,1
019,Bioscope,WC_Premium,2026-07-03,Success,10.0,142.0,3.0,0
013,Toffee,Daily_Pass,2026-06-25,OTP_Failed,3.0,5.0,2.0,1
016,Toffee,WC_Premium,2026-06-23,OTP_Failed,6.0,10.0,1.0,1
014,Other_Partner,Daily_Pass,2026-06-16,Success,18.0,111.0,5.0,0
013,Toffee,Daily_Pass,2026-06-12,OTP_Failed,2.0,2.0,1.0,1
017,Bioscope,WC_Premium,2026-06-15,Success,9.0,130.0,,0
018,Other_Partner,Daily_Pass,2026-06-26,Success,19.0,104.0,4.0,0
014,Other_Partner,Daily_Pass,2026-07-03,Success,7.0,98.0,5.0,0
019,Bioscope,WC_Premium,2026-06-22,Success,2.0,95.0,4.0,0
017,Toffee,Daily_Pass,2026-06-25,Success,0.0,98.0,4.0,0
016,Other_Partner,Daily_Pass,2026-06-30,Success,6.0,90.0,,0
018,Bioscope,Daily_Pass,2026-06-14,Success,10.0,87.0,3.0,0
014,Bioscope,Weekly_Pass,2026-06-21,Buffer_Timeout,4.0,4.0,1.0,0
017,Toffee,WC_Premium,2026-06-22,OTP_Failed,0.0,6.0,1.0,1
018,Other_Partner,WC_Premium,2026-06-20,Buffer_Timeout,0.0,0.0,1.0,0
019,Bioscope,Weekly_Pass,2026-06-12,Buffer_Timeout,3.0,10.0,1.0,0
013,Bioscope,Daily_Pass,2026-07-04,Buffer_Timeout,2.0,3.0,,0
018,Toffee,Daily_Pass,2026-06-26,OTP_Failed,2.0,0.0,,1
017,Toffee,WC_Premium,2026-06-13,Success,13.0,129.0,5.0,0
017,Other_Partner,WC_Premium,2026-07-04,Buffer_Timeout,2.0,4.0,1.0,1
017,Bioscope,WC_Premium,2026-06-18,Success,6.0,102.0,5.0,0
014,Toffee,WC_Premium,2026-06-27,Success,5.0,84.0,4.0,0
017,Bioscope,Daily_Pass,2026-06-25,Buffer_Timeout,3.0,2.0,2.0,0
018,Toffee,Weekly_Pass,2026-06-18,Success,4.0,143.0,,0
016,Toffee,Weekly_Pass,2026-07-09,Success,3.0,104.0,4.0,0
017,Toffee,Daily_Pass,2026-07-10,Success,1.0,105.0,5.0,0
018,Toffee,Daily_Pass,2026-06-12,Buffer_Timeout,0.0,4.0,1.0,0
016,Toffee,WC_Premium,2026-07-10,Buffer_Timeout,1.0,6.0,1.0,0
019,Toffee,Weekly_Pass,2026-06-20,OTP_Failed,0.0,1.0,1.0,1
018,Toffee,Weekly_Pass,2026-07-02,Stuck_at_Number_Screen,3.0,1.0,1.0,1
016,Bioscope,Weekly_Pass,2026-07-08,Success,6.0,68.0,4.0,0
017,Other_Partner,WC_Premium,2026-06-27,Success,3.0,93.0,,0
014,Bioscope,Daily_Pass,2026-06-14,Success,2.0,92.0,4.0,0
017,Toffee,Weekly_Pass,2026-07-03,Success,7.0,101.0,5.0,0
019,Toffee,Weekly_Pass,2026-06-21,Success,1.0,86.0,5.0,0
017,Bioscope,WC_Premium,2026-07-03,Success,9.0,103.0,,0
014,Other_Partner,Weekly_Pass,2026-07-09,Success,2.0,98.0,3.0,0
016,Toffee,WC_Premium,2026-07-02,Success,0.0,108.0,5.0,0
019,Toffee,Daily_Pass,2026-06-15,Success,6.0,70.0,3.0,0
017,Bioscope,WC_Premium,2026-06-30,Buffer_Timeout,3.0,0.0,,0
013,Bioscope,WC_Premium,2026-06-17,Success,0.0,81.0,4.0,0
018,Toffee,Weekly_Pass,2026-07-09,Success,34.0,80.0,1.0,1
019,Bioscope,Daily_Pass,2026-06-15,Success,5.0,93.0,,0
017,Bioscope,Daily_Pass,2026-06-17,Stuck_at_Number_Screen,1.0,10.0,1.0,1
015,Other_Partner,WC_Premium,2026-06-27,Success,9.0,123.0,4.0,0
019,Toffee,Weekly_Pass,2026-07-03,OTP_Failed,0.0,9.0,,1
017,Other_Partner,Weekly_Pass,2026-06-12,Success,1.0,105.0,5.0,0
019,Toffee,Weekly_Pass,2026-07-10,Success,11.0,98.0,4.0,0
018,Bioscope,WC_Premium,2026-07-07,Success,10.0,79.0,4.0,0
018,Bioscope,Daily_Pass,2026-06-11,Success,1.0,106.0,4.0,0
017,Toffee,Daily_Pass,2026-06-26,OTP_Failed,4.0,6.0,1.0,1
018,Bioscope,Daily_Pass,2026-07-05,Buffer_Timeout,1.0,15.0,1.0,0
016,Toffee,Daily_Pass,2026-06-22,Success,22.0,104.0,2.0,0
013,Toffee,Weekly_Pass,2026-06-14,OTP_Failed,0.0,4.0,1.0,1
018,Toffee,WC_Premium,2026-06-30,Success,3.0,65.0,,0
016,Bioscope,Daily_Pass,2026-07-07,Success,9.0,89.0,4.0,0
016,Toffee,Daily_Pass,2026-06-30,Success,19.0,107.0,4.0,0
017,Other_Partner,Weekly_Pass,2026-06-26,Buffer_Timeout,2.0,12.0,1.0,0
019,Toffee,WC_Premium,2026-06-12,Success,4.0,93.0,4.0,0
018,Toffee,Daily_Pass,2026-06-29,OTP_Failed,2.0,8.0,,1
017,Toffee,WC_Premium,2026-06-23,Success,4.0,75.0,4.0,1
017,Bioscope,Daily_Pass,2026-06-29,Success,8.0,115.0,5.0,0
018,Toffee,Daily_Pass,2026-06-26,Success,32.0,121.0,2.0,0
019,Toffee,WC_Premium,2026-06-25,Success,0.0,39.0,5.0,0
013,Toffee,Weekly_Pass,2026-07-09,Stuck_at_Number_Screen,1.0,8.0,1.0,1
016,Toffee,WC_Premium,2026-06-27,OTP_Failed,0.0,6.0,1.0,1
017,Bioscope,WC_Premium,2026-06-18,Success,7.0,77.0,3.0,0
018,Bioscope,Daily_Pass,2026-07-09,OTP_Failed,2.0,4.0,1.0,1
015,Toffee,Weekly_Pass,2026-07-04,Success,12.0,119.0,5.0,0
019,Toffee,Weekly_Pass,2026-06-13,OTP_Failed,0.0,3.0,1.0,1
017,Bioscope,WC_Premium,2026-06-20,OTP_Failed,0.0,6.0,2.0,1
018,Toffee,Weekly_Pass,2026-06-17,Success,3.0,69.0,5.0,0
017,Other_Partner,Daily_Pass,2026-06-20,Stuck_at_Number_Screen,2.0,7.0,1.0,1
013,Toffee,Weekly_Pass,2026-06-18,Success,1.0,76.0,4.0,0
019,Toffee,WC_Premium,2026-07-01,Success,2.0,89.0,4.0,0
019,Bioscope,Daily_Pass,2026-06-13,Stuck_at_Number_Screen,0.0,1.0,1.0,1
017,Bioscope,Daily_Pass,2026-06-15,Success,9.0,73.0,,0
014,Toffee,Daily_Pass,2026-07-09,Success,16.0,76.0,3.0,0
018,Toffee,WC_Premium,2026-06-27,Success,4.0,75.0,,0
013,Toffee,Daily_Pass,2026-06-21,Stuck_at_Number_Screen,0.0,1.0,,1
018,Other_Partner,Daily_Pass,2026-07-01,Success,6.0,92.0,,0
018,Bioscope,Weekly_Pass,2026-07-08,Success,8.0,72.0,5.0,0
018,Toffee,Daily_Pass,2026-07-08,Success,4.0,89.0,5.0,0
018,Toffee,Daily_Pass,2026-07-03,Success,3.0,92.0,4.0,0
018,Toffee,Weekly_Pass,2026-07-08,OTP_Failed,2.0,12.0,1.0,1
017,Toffee,Daily_Pass,2026-06-25,Success,4.0,123.0,5.0,0
019,Toffee,Daily_Pass,2026-07-09,OTP_Failed,2.0,12.0,1.0,1
018,Bioscope,Daily_Pass,2026-06-21,OTP_Failed,3.0,3.0,,1
017,Toffee,Daily_Pass,2026-06-11,Success,0.0,99.0,4.0,0
019,Toffee,WC_Premium,2026-07-08,Success,7.0,85.0,,1
014,Bioscope,Weekly_Pass,2026-07-04,Stuck_at_Number_Screen,1.0,6.0,2.0,1
014,Toffee,Weekly_Pass,2026-07-09,Success,5.0,95.0,,0
013,Toffee,Daily_Pass,2026-06-23,Stuck_at_Number_Screen,9.0,4.0,1.0,1
017,Toffee,Daily_Pass,2026-06-21,Buffer_Timeout,5.0,0.0,2.0,0
018,Toffee,WC_Premium,2026-06-17,OTP_Failed,1.0,0.0,1.0,1
017,Bioscope,Daily_Pass,2026-07-01,Buffer_Timeout,2.0,2.0,1.0,0
014,Bioscope,Daily_Pass,2026-07-07,Success,2.0,72.0,4.0,0
017,Toffee,WC_Premium,2026-06-11,Success,3.0,104.0,,0
017,Toffee,WC_Premium,2026-06-19,Success,0.0,106.0,,0
013,Toffee,WC_Premium,2026-06-18,Success,8.0,87.0,4.0,0
013,Bioscope,Weekly_Pass,2026-07-01,Success,2.0,98.0,4.0,1
019,Bioscope,Daily_Pass,2026-06-20,Success,5.0,104.0,3.0,0
018,Toffee,WC_Premium,2026-06-19,Success,14.0,96.0,5.0,0
017,Toffee,WC_Premium,2026-06-13,Success,0.0,83.0,4.0,0
017,Toffee,Daily_Pass,2026-07-09,Success,20.0,107.0,5.0,0
018,Bioscope,WC_Premium,2026-07-02,Success,1.0,72.0,4.0,0
017,Bioscope,Weekly_Pass,2026-06-16,Success,11.0,84.0,3.0,0
018,Other_Partner,Weekly_Pass,2026-06-20,OTP_Failed,2.0,0.0,1.0,1
018,Toffee,Daily_Pass,2026-06-19,Success,2.0,80.0,5.0,0
016,Bioscope,Weekly_Pass,2026-06-21,Stuck_at_Number_Screen,0.0,4.0,,1
014,Bioscope,Daily_Pass,2026-07-04,Buffer_Timeout,1.0,8.0,,0
014,Other_Partner,Weekly_Pass,2026-07-10,OTP_Failed,7.0,2.0,,1
014,Toffee,Daily_Pass,2026-07-01,Success,8.0,105.0,4.0,0
017,Bioscope,Weekly_Pass,2026-07-04,Stuck_at_Number_Screen,2.0,3.0,,1
017,Toffee,Weekly_Pass,2026-06-13,Success,1.0,56.0,4.0,0
017,Bioscope,WC_Premium,2026-06-18,OTP_Failed,1.0,5.0,,1
019,Toffee,Daily_Pass,2026-06-23,Success,5.0,98.0,4.0,0
015,Bioscope,WC_Premium,2026-07-06,OTP_Failed,1.0,11.0,1.0,1
019,Bioscope,Daily_Pass,2026-06-25,Stuck_at_Number_Screen,0.0,13.0,2.0,1
017,Toffee,WC_Premium,2026-06-13,OTP_Failed,2.0,4.0,2.0,1
014,Bioscope,Weekly_Pass,2026-06-17,OTP_Failed,0.0,5.0,,0
013,Toffee,WC_Premium,2026-07-10,Success,2.0,117.0,4.0,0
017,Toffee,Weekly_Pass,2026-06-29,OTP_Failed,4.0,7.0,1.0,0
013,Toffee,Weekly_Pass,2026-07-03,Success,14.0,94.0,5.0,0
017,Toffee,Daily_Pass,2026-06-11,Success,0.0,55.0,,0
018,Bioscope,WC_Premium,2026-07-07,Success,6.0,105.0,3.0,0
017,Toffee,WC_Premium,2026-06-19,Success,1.0,103.0,,0
018,Bioscope,Daily_Pass,2026-06-13,Success,25.0,73.0,1.0,0
018,Bioscope,Daily_Pass,2026-06-26,OTP_Failed,0.0,8.0,,0
019,Other_Partner,WC_Premium,2026-06-21,Success,9.0,114.0,,0
016,Bioscope,WC_Premium,2026-06-27,Success,8.0,79.0,4.0,0
013,Toffee,Daily_Pass,2026-06-25,Success,5.0,98.0,4.0,0
019,Bioscope,WC_Premium,2026-07-05,Success,11.0,62.0,4.0,0
014,Toffee,Daily_Pass,2026-06-24,Stuck_at_Number_Screen,5.0,4.0,1.0,1
017,Other_Partner,WC_Premium,2026-06-19,Success,33.0,79.0,,0
018,Bioscope,WC_Premium,2026-06-20,Success,4.0,115.0,,0
017,Bioscope,Daily_Pass,2026-07-03,Buffer_Timeout,0.0,8.0,1.0,0
017,Toffee,Daily_Pass,2026-06-23,Success,2.0,105.0,4.0,0
016,Bioscope,Weekly_Pass,2026-06-16,Success,2.0,77.0,5.0,0
019,Bioscope,Weekly_Pass,2026-07-08,Buffer_Timeout,2.0,3.0,2.0,0
017,Bioscope,WC_Premium,2026-06-23,Success,4.0,103.0,,0
019,Toffee,WC_Premium,2026-06-23,OTP_Failed,4.0,4.0,,0
019,Other_Partner,Weekly_Pass,2026-06-23,Success,1.0,126.0,4.0,0
014,Toffee,WC_Premium,2026-06-24,Success,11.0,98.0,,0
017,Bioscope,Weekly_Pass,2026-06-28,Success,5.0,95.0,5.0,0
014,Bioscope,WC_Premium,2026-07-10,Success,2.0,79.0,,0
017,Toffee,WC_Premium,2026-07-03,OTP_Failed,0.0,11.0,,0
018,Toffee,WC_Premium,2026-06-15,Success,1.0,89.0,4.0,0
017,Bioscope,Daily_Pass,2026-06-17,OTP_Failed,1.0,15.0,1.0,1
017,Toffee,Weekly_Pass,2026-07-02,Success,2.0,102.0,4.0,0
016,Toffee,Weekly_Pass,2026-07-03,Success,34.0,82.0,1.0,1
013,Bioscope,Weekly_Pass,2026-07-06,OTP_Failed,5.0,1.0,1.0,1
017,Bioscope,Weekly_Pass,2026-07-03,Success,8.0,91.0,,0
017,Bioscope,WC_Premium,2026-06-30,Success,0.0,79.0,,0
016,Toffee,Daily_Pass,2026-07-08,Success,9.0,59.0,4.0,0
017,Toffee,Weekly_Pass,2026-07-04,Success,11.0,47.0,3.0,0
019,Bioscope,Daily_Pass,2026-06-11,Success,0.0,97.0,3.0,0
017,Bioscope,Daily_Pass,2026-07-09,Stuck_at_Number_Screen,0.0,7.0,1.0,1
017,Bioscope,Weekly_Pass,2026-06-23,OTP_Failed,8.0,4.0,2.0,1
013,Bioscope,Daily_Pass,2026-06-27,OTP_Failed,1.0,15.0,,1
018,Toffee,Daily_Pass,2026-06-12,Stuck_at_Number_Screen,2.0,6.0,1.0,1
013,Toffee,Weekly_Pass,2026-06-23,Buffer_Timeout,2.0,15.0,1.0,1
017,Other_Partner,Daily_Pass,2026-07-04,Success,15.0,86.0,4.0,0
015,Bioscope,Daily_Pass,2026-07-09,Success,2.0,90.0,5.0,0
018,Bioscope,WC_Premium,2026-06-26,Stuck_at_Number_Screen,1.0,8.0,1.0,1
017,Other_Partner,WC_Premium,2026-07-04,Success,7.0,66.0,5.0,0
013,Other_Partner,Daily_Pass,2026-06-24,Success,5.0,36.0,5.0,0
019,Bioscope,Daily_Pass,2026-07-10,Success,1.0,88.0,5.0,0
017,Toffee,WC_Premium,2026-06-17,Buffer_Timeout,1.0,5.0,1.0,0
017,Other_Partner,Daily_Pass,2026-06-30,Buffer_Timeout,2.0,7.0,1.0,1
019,Bioscope,Weekly_Pass,2026-06-12,Stuck_at_Number_Screen,1.0,3.0,2.0,1
018,Toffee,Weekly_Pass,2026-06-28,Success,5.0,104.0,4.0,0
018,Bioscope,WC_Premium,2026-06-22,Success,7.0,102.0,4.0,0
017,Toffee,WC_Premium,2026-07-06,Success,0.0,79.0,4.0,0
017,Bioscope,Daily_Pass,2026-07-02,Stuck_at_Number_Screen,2.0,5.0,2.0,1
018,Toffee,Weekly_Pass,2026-07-05,OTP_Failed,1.0,10.0,1.0,1
017,Bioscope,Weekly_Pass,2026-07-01,Stuck_at_Number_Screen,7.0,0.0,1.0,1
018,Bioscope,WC_Premium,2026-06-17,Success,2.0,82.0,5.0,0
018,Bioscope,WC_Premium,2026-06-29,Success,40.0,73.0,1.0,0
017,Bioscope,Weekly_Pass,2026-06-16,Success,6.0,91.0,5.0,0
014,Bioscope,WC_Premium,2026-06-19,Success,13.0,95.0,4.0,0
019,Toffee,Daily_Pass,2026-06-30,Success,6.0,116.0,5.0,0
016,Toffee,Daily_Pass,2026-06-14,Success,0.0,55.0,4.0,0
017,Bioscope,Daily_Pass,2026-06-30,Buffer_Timeout,1.0,0.0,,0
017,Toffee,Daily_Pass,2026-06-13,OTP_Failed,5.0,6.0,2.0,1
018,Toffee,Weekly_Pass,2026-06-19,OTP_Failed,0.0,7.0,1.0,1
017,Toffee,WC_Premium,2026-07-07,Success,9.0,79.0,5.0,0
015,Toffee,Weekly_Pass,2026-07-10,Success,12.0,90.0,4.0,0
017,Bioscope,Weekly_Pass,2026-06-15,Success,2.0,83.0,5.0,0
018,Bioscope,Daily_Pass,2026-06-14,Success,9.0,94.0,3.0,0
013,Toffee,Weekly_Pass,2026-06-29,Stuck_at_Number_Screen,1.0,1.0,1.0,1
018,Bioscope,Weekly_Pass,2026-06-15,Success,3.0,108.0,5.0,0
017,Toffee,Weekly_Pass,2026-06-26,Success,9.0,66.0,,0
013,Bioscope,Daily_Pass,2026-07-01,Success,2.0,108.0,,0
017,Toffee,Weekly_Pass,2026-07-02,OTP_Failed,4.0,3.0,1.0,1
019,Bioscope,Weekly_Pass,2026-06-26,Buffer_Timeout,2.0,14.0,1.0,0
017,Toffee,Weekly_Pass,2026-07-01,OTP_Failed,3.0,7.0,1.0,1
014,Toffee,Daily_Pass,2026-07-04,Success,1.0,81.0,5.0,0
019,Bioscope,Daily_Pass,2026-07-08,Success,6.0,81.0,,0
017,Toffee,Daily_Pass,2026-06-12,OTP_Failed,2.0,9.0,2.0,1
019,Other_Partner,WC_Premium,2026-06-15,Success,6.0,104.0,,1
017,Bioscope,WC_Premium,2026-06-26,Success,4.0,101.0,4.0,0
015,Toffee,WC_Premium,2026-06-12,Success,6.0,99.0,4.0,0
018,Bioscope,Weekly_Pass,2026-06-23,Success,3.0,65.0,,0
017,Toffee,Daily_Pass,2026-06-29,Success,8.0,123.0,4.0,0
013,Bioscope,WC_Premium,2026-06-24,Stuck_at_Number_Screen,1.0,3.0,2.0,1
017,Other_Partner,Weekly_Pass,2026-07-01,Success,8.0,108.0,,0
015,Toffee,Daily_Pass,2026-07-08,Stuck_at_Number_Screen,1.0,0.0,1.0,1
017,Bioscope,WC_Premium,2026-06-14,Buffer_Timeout,1.0,2.0,2.0,0
016,Toffee,Daily_Pass,2026-06-20,Success,19.0,79.0,4.0,0
013,Bioscope,Daily_Pass,2026-06-20,Success,15.0,99.0,,0
014,Toffee,WC_Premium,2026-06-24,OTP_Failed,1.0,6.0,2.0,0
017,Toffee,WC_Premium,2026-06-26,Stuck_at_Number_Screen,3.0,0.0,2.0,1
018,Other_Partner,WC_Premium,2026-07-03,Success,4.0,92.0,4.0,0
018,Toffee,Daily_Pass,2026-07-05,Stuck_at_Number_Screen,0.0,4.0,1.0,1
016,Bioscope,WC_Premium,2026-06-21,OTP_Failed,3.0,15.0,,1
017,Bioscope,WC_Premium,2026-07-10,Buffer_Timeout,1.0,3.0,1.0,1
017,Bioscope,WC_Premium,2026-06-11,Stuck_at_Number_Screen,3.0,6.0,,1
017,Bioscope,WC_Premium,2026-07-02,Success,15.0,120.0,,0
016,Bioscope,Weekly_Pass,2026-07-01,Success,12.0,91.0,5.0,0
017,Toffee,Daily_Pass,2026-06-28,Success,3.0,88.0,4.0,0
018,Other_Partner,WC_Premium,2026-06-30,Success,6.0,74.0,4.0,0
017,Bioscope,Weekly_Pass,2026-06-21,Stuck_at_Number_Screen,2.0,0.0,1.0,1
019,Toffee,Daily_Pass,2026-07-08,Buffer_Timeout,2.0,4.0,1.0,1
014,Toffee,WC_Premium,2026-07-10,Buffer_Timeout,0.0,10.0,1.0,0
018,Bioscope,Weekly_Pass,2026-06-12,Success,8.0,59.0,5.0,0
013,Other_Partner,Weekly_Pass,2026-06-19,Success,12.0,89.0,5.0,0
017,Other_Partner,Daily_Pass,2026-06-21,Success,8.0,109.0,4.0,0
017,Bioscope,Daily_Pass,2026-07-06,Success,8.0,62.0,,0
017,Toffee,Daily_Pass,2026-06-17,Success,8.0,70.0,5.0,0
016,Other_Partner,WC_Premium,2026-06-25,Stuck_at_Number_Screen,2.0,5.0,1.0,1
018,Bioscope,Daily_Pass,2026-06-30,Stuck_at_Number_Screen,3.0,5.0,1.0,1
014,Toffee,Daily_Pass,2026-06-26,Stuck_at_Number_Screen,4.0,8.0,1.0,1
013,Toffee,WC_Premium,2026-07-09,Success,1.0,72.0,3.0,1
016,Toffee,Daily_Pass,2026-06-15,OTP_Failed,1.0,11.0,1.0,0
018,Bioscope,Weekly_Pass,2026-07-01,Stuck_at_Number_Screen,1.0,4.0,2.0,1
018,Toffee,WC_Premium,2026-06-25,Success,10.0,78.0,3.0,0
017,Toffee,Weekly_Pass,2026-06-16,Stuck_at_Number_Screen,0.0,12.0,1.0,1
018,Toffee,WC_Premium,2026-06-27,Success,47.0,48.0,1.0,1
018,Toffee,WC_Premium,2026-07-03,OTP_Failed,2.0,10.0,1.0,0
016,Toffee,WC_Premium,2026-06-22,OTP_Failed,10.0,1.0,2.0,1
014,Bioscope,Weekly_Pass,2026-06-29,Success,0.0,98.0,4.0,0
017,Toffee,Daily_Pass,2026-06-20,OTP_Failed,7.0,7.0,1.0,1
017,Other_Partner,Weekly_Pass,2026-07-04,Success,1.0,103.0,4.0,0
018,Bioscope,WC_Premium,2026-06-23,Success,8.0,97.0,5.0,1
018,Other_Partner,WC_Premium,2026-07-09,OTP_Failed,1.0,15.0,1.0,0
017,Bioscope,WC_Premium,2026-06-11,Stuck_at_Number_Screen,2.0,8.0,1.0,1
019,Toffee,Weekly_Pass,2026-06-15,Buffer_Timeout,5.0,6.0,2.0,0
015,Toffee,Weekly_Pass,2026-06-19,Success,9.0,99.0,5.0,0
014,Toffee,Daily_Pass,2026-06-25,Success,6.0,97.0,4.0,0
017,Other_Partner,Daily_Pass,2026-06-27,Stuck_at_Number_Screen,2.0,15.0,1.0,1
019,Toffee,WC_Premium,2026-06-11,OTP_Failed,2.0,7.0,1.0,1
016,Bioscope,Daily_Pass,2026-07-04,Buffer_Timeout,3.0,10.0,1.0,1
018,Bioscope,Daily_Pass,2026-06-15,Success,13.0,101.0,,0
018,Other_Partner,WC_Premium,2026-07-01,OTP_Failed,2.0,1.0,2.0,1
019,Bioscope,Daily_Pass,2026-06-16,Buffer_Timeout,0.0,5.0,,0
018,Bioscope,WC_Premium,2026-06-17,Stuck_at_Number_Screen,3.0,7.0,1.0,1
013,Toffee,Daily_Pass,2026-06-21,Stuck_at_Number_Screen,1.0,8.0,,1
018,Bioscope,WC_Premium,2026-07-05,Success,3.0,99.0,5.0,0
018,Toffee,Weekly_Pass,2026-07-10,Success,13.0,135.0,4.0,0
017,Bioscope,Daily_Pass,2026-06-28,Success,3.0,63.0,,0
014,Bioscope,Weekly_Pass,2026-07-02,Success,2.0,94.0,4.0,0
016,Toffee,WC_Premium,2026-07-08,Success,4.0,71.0,3.0,0
018,Other_Partner,Weekly_Pass,2026-06-19,Buffer_Timeout,2.0,2.0,,0
017,Toffee,Weekly_Pass,2026-06-24,OTP_Failed,1.0,3.0,,0
018,Bioscope,WC_Premium,2026-06-20,Buffer_Timeout,1.0,0.0,1.0,0
017,Bioscope,Daily_Pass,2026-06-27,Buffer_Timeout,1.0,6.0,,0
017,Bioscope,WC_Premium,2026-07-09,Success,4.0,67.0,3.0,0
018,Toffee,Daily_Pass,2026-06-16,Success,4.0,93.0,,0
013,Toffee,Weekly_Pass,2026-06-17,Success,2.0,109.0,5.0,0
018,Bioscope,Daily_Pass,2026-06-15,OTP_Failed,7.0,10.0,2.0,1
017,Bioscope,Weekly_Pass,2026-07-07,Success,4.0,86.0,5.0,1
013,Toffee,Daily_Pass,2026-06-13,OTP_Failed,0.0,3.0,1.0,1
017,Toffee,Daily_Pass,2026-07-03,Success,7.0,74.0,,0
015,Toffee,Weekly_Pass,2026-06-27,Success,12.0,58.0,4.0,0
018,Other_Partner,Weekly_Pass,2026-06-17,Success,9.0,76.0,4.0,0
016,Toffee,Weekly_Pass,2026-07-09,OTP_Failed,0.0,3.0,2.0,1
017,Toffee,Weekly_Pass,2026-06-11,Stuck_at_Number_Screen,0.0,9.0,2.0,1
017,Bioscope,Daily_Pass,2026-06-25,Buffer_Timeout,0.0,12.0,,1
015,Toffee,WC_Premium,2026-06-16,Stuck_at_Number_Screen,4.0,5.0,2.0,1
017,Other_Partner,Daily_Pass,2026-07-06,Success,4.0,103.0,4.0,0
013,Toffee,Daily_Pass,2026-06-27,OTP_Failed,0.0,14.0,,1
018,Toffee,Weekly_Pass,2026-07-03,Success,1.0,122.0,4.0,0
017,Bioscope,WC_Premium,2026-06-21,Success,16.0,71.0,5.0,0
019,Toffee,Daily_Pass,2026-06-30,OTP_Failed,0.0,6.0,2.0,1
018,Toffee,Daily_Pass,2026-07-06,Success,1.0,77.0,5.0,1
017,Toffee,WC_Premium,2026-06-21,Success,1.0,117.0,5.0,0
017,Toffee,Weekly_Pass,2026-07-01,Success,5.0,66.0,4.0,0
017,Bioscope,Weekly_Pass,2026-06-27,Buffer_Timeout,6.0,0.0,1.0,0
019,Toffee,WC_Premium,2026-06-21,OTP_Failed,1.0,0.0,,1
016,Other_Partner,Daily_Pass,2026-07-04,Success,15.0,90.0,4.0,0
017,Bioscope,Weekly_Pass,2026-06-24,Buffer_Timeout,1.0,6.0,1.0,0
017,Toffee,Daily_Pass,2026-07-07,Buffer_Timeout,0.0,9.0,1.0,0
016,Toffee,Daily_Pass,2026-06-23,Stuck_at_Number_Screen,2.0,6.0,1.0,1
018,Bioscope,Daily_Pass,2026-06-14,OTP_Failed,0.0,15.0,2.0,1
013,Toffee,Weekly_Pass,2026-06-26,Success,1.0,106.0,4.0,0
013,Toffee,Daily_Pass,2026-06-15,Success,2.0,88.0,4.0,0
017,Toffee,Weekly_Pass,2026-06-11,Success,1.0,87.0,4.0,0
016,Bioscope,WC_Premium,2026-06-24,Buffer_Timeout,6.0,6.0,1.0,0
015,Bioscope,WC_Premium,2026-06-23,Stuck_at_Number_Screen,5.0,0.0,1.0,1
017,Toffee,Daily_Pass,2026-06-27,Success,43.0,85.0,1.0,1
018,Bioscope,Daily_Pass,2026-06-25,OTP_Failed,1.0,4.0,,0
013,Bioscope,Weekly_Pass,2026-06-17,Success,17.0,91.0,5.0,0
013,Toffee,Daily_Pass,2026-06-26,Stuck_at_Number_Screen,1.0,7.0,1.0,1
017,Bioscope,WC_Premium,2026-06-16,Success,2.0,103.0,4.0,0
019,Bioscope,WC_Premium,2026-07-02,Stuck_at_Number_Screen,3.0,15.0,1.0,1
018,Other_Partner,Weekly_Pass,2026-07-03,Success,16.0,87.0,5.0,0
018,Toffee,Daily_Pass,2026-06-15,Success,6.0,80.0,5.0,0
017,Other_Partner,WC_Premium,2026-06-14,OTP_Failed,0.0,3.0,1.0,1
017,Bioscope,WC_Premium,2026-06-19,Success,10.0,79.0,4.0,0
017,Bioscope,Weekly_Pass,2026-07-05,Stuck_at_Number_Screen,1.0,1.0,1.0,1
016,Bioscope,Daily_Pass,2026-06-21,Success,3.0,98.0,4.0,0
017,Toffee,Weekly_Pass,2026-06-23,Buffer_Timeout,5.0,9.0,1.0,1
016,Other_Partner,WC_Premium,2026-06-13,Stuck_at_Number_Screen,5.0,0.0,,1
013,Bioscope,Daily_Pass,2026-07-06,Success,6.0,55.0,5.0,0
013,Toffee,WC_Premium,2026-06-11,OTP_Failed,1.0,0.0,1.0,1
018,Toffee,Daily_Pass,2026-06-14,Success,7.0,92.0,3.0,0
013,Toffee,WC_Premium,2026-06-25,OTP_Failed,1.0,2.0,1.0,1
017,Bioscope,Weekly_Pass,2026-06-14,Success,7.0,103.0,4.0,0
017,Bioscope,Daily_Pass,2026-06-11,Success,14.0,87.0,4.0,0
016,Toffee,Daily_Pass,2026-06-21,Buffer_Timeout,0.0,2.0,1.0,0
016,Toffee,Weekly_Pass,2026-07-05,Success,3.0,78.0,5.0,0
017,Bioscope,Daily_Pass,2026-06-12,Success,4.0,112.0,3.0,0
018,Bioscope,Weekly_Pass,2026-07-10,Success,10.0,80.0,5.0,0
017,Toffee,Daily_Pass,2026-06-17,OTP_Failed,1.0,2.0,1.0,1
017,Toffee,Daily_Pass,2026-06-25,Success,2.0,81.0,,0
017,Toffee,Weekly_Pass,2026-07-06,Success,1.0,101.0,4.0,0
019,Other_Partner,Weekly_Pass,2026-06-17,Success,7.0,114.0,5.0,0
017,Bioscope,Weekly_Pass,2026-06-18,Success,7.0,78.0,5.0,0
017,Other_Partner,Weekly_Pass,2026-07-06,Buffer_Timeout,2.0,2.0,1.0,0
017,Toffee,Weekly_Pass,2026-06-27,Buffer_Timeout,4.0,11.0,1.0,0
017,Bioscope,Weekly_Pass,2026-07-10,Buffer_Timeout,5.0,1.0,1.0,0
018,Bioscope,Daily_Pass,2026-07-09,Success,11.0,65.0,4.0,0
017,Toffee,Daily_Pass,2026-06-13,Success,1.0,101.0,4.0,0
017,Toffee,Daily_Pass,2026-06-22,OTP_Failed,5.0,7.0,,1
018,Bioscope,Weekly_Pass,2026-06-16,Buffer_Timeout,0.0,3.0,2.0,1
017,Other_Partner,Weekly_Pass,2026-07-09,Success,22.0,110.0,2.0,1
016,Toffee,Weekly_Pass,2026-06-24,Success,7.0,61.0,4.0,0
018,Toffee,WC_Premium,2026-06-11,Stuck_at_Number_Screen,2.0,14.0,1.0,1
017,Bioscope,Daily_Pass,2026-07-07,Success,9.0,93.0,3.0,0
016,Other_Partner,Weekly_Pass,2026-06-17,Stuck_at_Number_Screen,2.0,15.0,2.0,1
017,Bioscope,Daily_Pass,2026-06-16,Buffer_Timeout,2.0,7.0,1.0,1
018,Toffee,WC_Premium,2026-06-11,Buffer_Timeout,2.0,0.0,,0
013,Toffee,Weekly_Pass,2026-06-25,Success,4.0,91.0,4.0,0
017,Toffee,WC_Premium,2026-06-26,Success,10.0,93.0,,0
018,Bioscope,WC_Premium,2026-06-22,Success,8.0,64.0,4.0,0
019,Bioscope,WC_Premium,2026-06-19,Success,1.0,82.0,5.0,0
015,Bioscope,WC_Premium,2026-06-27,Success,1.0,81.0,5.0,0
018,Toffee,Daily_Pass,2026-06-15,OTP_Failed,0.0,6.0,1.0,0
013,Other_Partner,Daily_Pass,2026-06-11,Success,28.0,54.0,1.0,1
017,Bioscope,WC_Premium,2026-06-30,Success,9.0,104.0,5.0,0
017,Other_Partner,WC_Premium,2026-06-15,Success,5.0,124.0,4.0,0
018,Bioscope,Weekly_Pass,2026-06-25,Buffer_Timeout,3.0,10.0,1.0,0
013,Bioscope,Daily_Pass,2026-06-27,Stuck_at_Number_Screen,2.0,5.0,1.0,1
014,Bioscope,WC_Premium,2026-06-11,Stuck_at_Number_Screen,1.0,6.0,1.0,1
013,Toffee,Daily_Pass,2026-06-20,Success,0.0,98.0,3.0,0
013,Other_Partner,Daily_Pass,2026-07-03,Success,0.0,104.0,5.0,0
013,Toffee,Weekly_Pass,2026-06-16,Success,2.0,86.0,,0
019,Bioscope,Daily_Pass,2026-06-28,OTP_Failed,0.0,2.0,1.0,1
016,Other_Partner,Daily_Pass,2026-07-09,Success,14.0,113.0,4.0,0
018,Toffee,WC_Premium,2026-06-16,Stuck_at_Number_Screen,1.0,14.0,1.0,1
017,Bioscope,Daily_Pass,2026-06-14,Success,9.0,132.0,5.0,0
019,Bioscope,WC_Premium,2026-07-05,Success,8.0,98.0,5.0,0
017,Bioscope,WC_Premium,2026-06-16,Buffer_Timeout,1.0,8.0,1.0,0
019,Bioscope,WC_Premium,2026-06-17,Buffer_Timeout,4.0,6.0,,0
018,Bioscope,WC_Premium,2026-06-25,Success,2.0,112.0,4.0,0
013,Bioscope,Weekly_Pass,2026-07-10,Success,4.0,101.0,,0
018,Toffee,Weekly_Pass,2026-07-10,Success,24.0,94.0,2.0,0
016,Toffee,WC_Premium,2026-07-07,Success,13.0,66.0,3.0,0
017,Toffee,Weekly_Pass,2026-07-01,Stuck_at_Number_Screen,1.0,0.0,,1
019,Bioscope,Weekly_Pass,2026-07-04,Stuck_at_Number_Screen,2.0,0.0,1.0,1
013,Toffee,Weekly_Pass,2026-06-26,Success,12.0,111.0,,0
017,Bioscope,Weekly_Pass,2026-06-16,Stuck_at_Number_Screen,3.0,4.0,1.0,1
017,Toffee,WC_Premium,2026-06-23,Success,51.0,110.0,2.0,1
013,Bioscope,Weekly_Pass,2026-06-18,Success,1.0,113.0,4.0,0
018,Toffee,WC_Premium,2026-06-11,Success,6.0,85.0,,0
013,Bioscope,Weekly_Pass,2026-07-09,Success,1.0,96.0,4.0,1
016,Bioscope,Weekly_Pass,2026-06-13,Stuck_at_Number_Screen,1.0,0.0,,1
013,Other_Partner,Daily_Pass,2026-06-25,Success,5.0,88.0,4.0,0
015,Bioscope,WC_Premium,2026-06-24,Success,3.0,74.0,4.0,0
018,Bioscope,Daily_Pass,2026-07-10,Success,2.0,80.0,3.0,0
019,Other_Partner,WC_Premium,2026-07-03,Buffer_Timeout,1.0,10.0,1.0,0
017,Bioscope,WC_Premium,2026-07-09,Buffer_Timeout,5.0,0.0,1.0,0
013,Toffee,Weekly_Pass,2026-06-18,Stuck_at_Number_Screen,3.0,11.0,1.0,1
017,Bioscope,WC_Premium,2026-06-30,Success,1.0,86.0,4.0,0
018,Bioscope,Weekly_Pass,2026-07-10,Success,21.0,95.0,,0
019,Toffee,Daily_Pass,2026-06-24,OTP_Failed,2.0,0.0,1.0,1
017,Bioscope,Weekly_Pass,2026-06-21,Success,4.0,55.0,3.0,0
017,Bioscope,Daily_Pass,2026-07-02,Success,1.0,68.0,,0
019,Other_Partner,Daily_Pass,2026-06-30,Success,2.0,77.0,5.0,0
017,Other_Partner,Weekly_Pass,2026-06-12,Success,10.0,90.0,5.0,0
016,Toffee,WC_Premium,2026-06-12,OTP_Failed,8.0,2.0,1.0,1
018,Toffee,Weekly_Pass,2026-06-27,OTP_Failed,2.0,7.0,,1
019,Toffee,Weekly_Pass,2026-06-25,OTP_Failed,1.0,1.0,2.0,1
017,Toffee,Daily_Pass,2026-06-11,Success,3.0,71.0,,0
017,Bioscope,Weekly_Pass,2026-06-25,Success,4.0,106.0,4.0,0
018,Toffee,Daily_Pass,2026-06-15,Success,1.0,88.0,4.0,0
014,Bioscope,Daily_Pass,2026-06-12,Buffer_Timeout,1.0,0.0,1.0,0
013,Bioscope,WC_Premium,2026-06-15,Success,1.0,115.0,3.0,0
017,Bioscope,Daily_Pass,2026-06-18,Success,40.0,59.0,,0
018,Toffee,Daily_Pass,2026-06-23,Success,1.0,104.0,,0
014,Toffee,Daily_Pass,2026-06-18,Success,4.0,96.0,4.0,0
019,Toffee,Weekly_Pass,2026-06-14,Success,2.0,93.0,3.0,0
015,Toffee,WC_Premium,2026-06-21,OTP_Failed,4.0,6.0,1.0,0
017,Other_Partner,WC_Premium,2026-06-22,Success,0.0,67.0,5.0,0
017,Bioscope,WC_Premium,2026-06-14,Success,6.0,108.0,4.0,0
018,Toffee,Weekly_Pass,2026-06-22,OTP_Failed,0.0,0.0,1.0,1
019,Bioscope,Daily_Pass,2026-07-10,Success,1.0,108.0,4.0,0
017,Toffee,Daily_Pass,2026-06-29,Success,12.0,118.0,4.0,0
017,Bioscope,Weekly_Pass,2026-07-02,Success,8.0,102.0,4.0,0
019,Toffee,Weekly_Pass,2026-07-04,Stuck_at_Number_Screen,1.0,3.0,,1
017,Bioscope,Weekly_Pass,2026-07-08,Success,1.0,133.0,5.0,0
013,Toffee,Daily_Pass,2026-07-10,Success,5.0,75.0,4.0,0
018,Toffee,Daily_Pass,2026-06-16,Success,11.0,91.0,5.0,0
018,Toffee,Daily_Pass,2026-06-19,OTP_Failed,4.0,7.0,1.0,0
016,Toffee,WC_Premium,2026-07-09,OTP_Failed,2.0,0.0,2.0,1
013,Bioscope,Daily_Pass,2026-06-30,Stuck_at_Number_Screen,1.0,6.0,,1
018,Toffee,Weekly_Pass,2026-06-28,OTP_Failed,0.0,0.0,1.0,1
018,Bioscope,Daily_Pass,2026-06-25,Success,12.0,66.0,,0
018,Bioscope,Weekly_Pass,2026-06-29,Buffer_Timeout,2.0,13.0,1.0,0
018,Bioscope,Daily_Pass,2026-06-18,Success,3.0,84.0,5.0,0
017,Bioscope,Daily_Pass,2026-06-15,Success,1.0,75.0,5.0,0
017,Toffee,Daily_Pass,2026-07-08,OTP_Failed,2.0,3.0,2.0,1
017,Bioscope,Daily_Pass,2026-06-21,OTP_Failed,4.0,11.0,1.0,1
017,Other_Partner,Daily_Pass,2026-06-16,Success,13.0,57.0,4.0,0
018,Bioscope,WC_Premium,2026-07-07,Buffer_Timeout,1.0,6.0,1.0,0
019,Bioscope,Daily_Pass,2026-06-20,Success,5.0,108.0,5.0,0
016,Bioscope,Daily_Pass,2026-06-21,Success,3.0,93.0,4.0,0
019,Toffee,Weekly_Pass,2026-07-09,Success,20.0,77.0,,0
013,Bioscope,Weekly_Pass,2026-06-29,Success,20.0,98.0,5.0,0
013,Other_Partner,Daily_Pass,2026-06-22,Buffer_Timeout,1.0,0.0,1.0,0
013,Toffee,Weekly_Pass,2026-06-27,OTP_Failed,1.0,6.0,1.0,1
017,Bioscope,WC_Premium,2026-06-18,Success,2.0,72.0,4.0,0
017,Toffee,Daily_Pass,2026-07-07,OTP_Failed,2.0,2.0,1.0,1
018,Toffee,Weekly_Pass,2026-07-01,Stuck_at_Number_Screen,0.0,2.0,1.0,0
015,Bioscope,Daily_Pass,2026-07-08,OTP_Failed,6.0,2.0,1.0,1
017,Bioscope,Daily_Pass,2026-07-10,Success,18.0,104.0,5.0,0
017,Bioscope,WC_Premium,2026-06-29,OTP_Failed,0.0,4.0,2.0,1
019,Other_Partner,Daily_Pass,2026-06-21,Success,3.0,71.0,4.0,0
017,Toffee,Daily_Pass,2026-07-08,Buffer_Timeout,1.0,0.0,1.0,0
019,Bioscope,WC_Premium,2026-06-29,Stuck_at_Number_Screen,1.0,13.0,1.0,1
016,Toffee,WC_Premium,2026-06-30,Success,3.0,90.0,5.0,0
014,Toffee,Weekly_Pass,2026-06-12,Success,5.0,66.0,4.0,0
013,Toffee,Weekly_Pass,2026-06-16,Success,2.0,97.0,4.0,0
016,Bioscope,WC_Premium,2026-06-19,OTP_Failed,2.0,8.0,2.0,1
018,Bioscope,WC_Premium,2026-07-07,Success,2.0,78.0,4.0,0
018,Bioscope,Daily_Pass,2026-06-26,OTP_Failed,0.0,0.0,1.0,0
013,Bioscope,Weekly_Pass,2026-06-28,Stuck_at_Number_Screen,2.0,4.0,2.0,1
017,Toffee,Daily_Pass,2026-06-30,Success,1.0,66.0,5.0,0
018,Bioscope,Daily_Pass,2026-06-19,Stuck_at_Number_Screen,2.0,2.0,1.0,1
018,Toffee,Weekly_Pass,2026-06-13,Success,2.0,99.0,5.0,0
019,Toffee,Weekly_Pass,2026-06-18,Success,2.0,85.0,4.0,0
016,Bioscope,Daily_Pass,2026-06-16,Success,1.0,95.0,4.0,0
016,Bioscope,Daily_Pass,2026-06-28,OTP_Failed,2.0,11.0,1.0,1
017,Bioscope,Weekly_Pass,2026-06-22,Buffer_Timeout,0.0,10.0,1.0,0
016,Bioscope,Weekly_Pass,2026-07-04,Stuck_at_Number_Screen,5.0,1.0,1.0,1
018,Bioscope,WC_Premium,2026-06-26,Success,10.0,125.0,5.0,0
019,Bioscope,WC_Premium,2026-06-29,Success,2.0,87.0,5.0,0
014,Toffee,WC_Premium,2026-07-06,OTP_Failed,0.0,3.0,2.0,1
017,Toffee,Weekly_Pass,2026-06-11,Success,6.0,99.0,,0
019,Toffee,Weekly_Pass,2026-06-11,OTP_Failed,4.0,5.0,,1
017,Toffee,WC_Premium,2026-06-16,Success,6.0,100.0,4.0,0
013,Toffee,WC_Premium,2026-07-02,Success,1.0,96.0,4.0,1
018,Other_Partner,WC_Premium,2026-07-06,Success,9.0,85.0,3.0,0
017,Bioscope,Weekly_Pass,2026-07-05,Stuck_at_Number_Screen,2.0,7.0,,1
016,Bioscope,Daily_Pass,2026-06-19,Success,2.0,97.0,5.0,0
017,Toffee,WC_Premium,2026-06-20,Success,18.0,135.0,4.0,0
017,Toffee,WC_Premium,2026-06-22,Success,1.0,101.0,3.0,0
018,Toffee,WC_Premium,2026-07-01,Success,4.0,49.0,4.0,0
016,Bioscope,Daily_Pass,2026-07-07,Buffer_Timeout,0.0,3.0,1.0,0
014,Toffee,Daily_Pass,2026-06-27,Success,5.0,104.0,3.0,0
016,Bioscope,Weekly_Pass,2026-06-30,Success,6.0,76.0,5.0,0
016,Bioscope,WC_Premium,2026-06-30,Success,3.0,85.0,5.0,0
013,Bioscope,WC_Premium,2026-07-02,Success,3.0,98.0,5.0,0
017,Toffee,Daily_Pass,2026-06-23,Success,5.0,105.0,,0
017,Bioscope,Weekly_Pass,2026-06-20,Success,9.0,129.0,5.0,0
018,Bioscope,Daily_Pass,2026-06-27,Buffer_Timeout,1.0,12.0,,0
016,Bioscope,Weekly_Pass,2026-06-29,Success,18.0,89.0,5.0,0
013,Toffee,Weekly_Pass,2026-06-27,OTP_Failed,1.0,0.0,1.0,0
016,Toffee,WC_Premium,2026-06-21,Buffer_Timeout,2.0,13.0,1.0,0
018,Toffee,WC_Premium,2026-07-07,Buffer_Timeout,1.0,10.0,1.0,0
017,Other_Partner,Daily_Pass,2026-06-23,Success,7.0,87.0,5.0,0
017,Toffee,Weekly_Pass,2026-06-24,Buffer_Timeout,1.0,4.0,1.0,1
019,Other_Partner,Weekly_Pass,2026-06-29,Success,2.0,61.0,3.0,1
016,Toffee,Daily_Pass,2026-07-06,Success,0.0,81.0,5.0,0
019,Toffee,WC_Premium,2026-06-21,Stuck_at_Number_Screen,0.0,0.0,1.0,1
017,Bioscope,WC_Premium,2026-06-30,Success,3.0,107.0,5.0,0
015,Toffee,Daily_Pass,2026-06-18,Success,6.0,116.0,,0
017,Other_Partner,Weekly_Pass,2026-07-03,OTP_Failed,2.0,7.0,,1
017,Bioscope,Daily_Pass,2026-06-14,OTP_Failed,0.0,7.0,1.0,1
015,Bioscope,Weekly_Pass,2026-06-25,Buffer_Timeout,2.0,2.0,2.0,0
017,Bioscope,Weekly_Pass,2026-07-02,Stuck_at_Number_Screen,1.0,1.0,1.0,0
016,Bioscope,Daily_Pass,2026-07-05,Success,18.0,116.0,4.0,1
017,Other_Partner,WC_Premium,2026-06-29,Success,15.0,87.0,,0
018,Toffee,Weekly_Pass,2026-07-09,OTP_Failed,1.0,10.0,1.0,1
014,Bioscope,WC_Premium,2026-07-04,Success,21.0,121.0,1.0,0
017,Bioscope,Daily_Pass,2026-07-03,Success,8.0,99.0,4.0,0
016,Other_Partner,WC_Premium,2026-06-29,Success,23.0,73.0,,0
017,Bioscope,WC_Premium,2026-06-13,Success,9.0,64.0,,0
018,Other_Partner,Daily_Pass,2026-06-29,Success,2.0,64.0,5.0,1
017,Bioscope,Daily_Pass,2026-06-23,Success,7.0,83.0,4.0,0
017,Toffee,WC_Premium,2026-06-11,Success,12.0,89.0,3.0,0
017,Bioscope,Weekly_Pass,2026-07-04,Success,1.0,77.0,,0
017,Bioscope,Weekly_Pass,2026-06-16,Success,8.0,70.0,,0
014,Bioscope,WC_Premium,2026-06-13,Success,28.0,115.0,1.0,1
013,Toffee,Daily_Pass,2026-06-11,Buffer_Timeout,8.0,6.0,1.0,0
017,Bioscope,Weekly_Pass,2026-06-23,OTP_Failed,3.0,6.0,,1
013,Toffee,Weekly_Pass,2026-07-05,Success,9.0,71.0,,0
017,Bioscope,Weekly_Pass,2026-06-27,Buffer_Timeout,1.0,4.0,1.0,0
016,Toffee,Daily_Pass,2026-06-12,Success,0.0,109.0,5.0,0
015,Bioscope,Weekly_Pass,2026-06-29,Success,2.0,132.0,4.0,0
013,Toffee,WC_Premium,2026-06-17,Success,16.0,83.0,5.0,0
019,Toffee,Weekly_Pass,2026-06-25,OTP_Failed,1.0,6.0,1.0,0
018,Other_Partner,Weekly_Pass,2026-06-11,Success,2.0,104.0,4.0,0
017,Toffee,Daily_Pass,2026-07-07,Success,7.0,101.0,,0
016,Toffee,WC_Premium,2026-06-28,OTP_Failed,4.0,6.0,1.0,1
018,Toffee,Weekly_Pass,2026-06-12,OTP_Failed,2.0,14.0,1.0,1
016,Bioscope,WC_Premium,2026-06-11,Success,7.0,104.0,4.0,0
019,Bioscope,Daily_Pass,2026-06-27,Stuck_at_Number_Screen,5.0,2.0,1.0,1
013,Toffee,Daily_Pass,2026-06-17,Success,16.0,120.0,4.0,0
014,Bioscope,Daily_Pass,2026-06-20,Stuck_at_Number_Screen,1.0,10.0,1.0,1
019,Toffee,Weekly_Pass,2026-07-08,OTP_Failed,4.0,9.0,1.0,1
018,Bioscope,Daily_Pass,2026-07-05,Success,5.0,97.0,4.0,0
018,Bioscope,WC_Premium,2026-06-22,Buffer_Timeout,2.0,3.0,1.0,0
017,Other_Partner,WC_Premium,2026-07-10,Stuck_at_Number_Screen,0.0,0.0,2.0,1
015,Other_Partner,Daily_Pass,2026-06-23,Buffer_Timeout,0.0,1.0,1.0,0
016,Toffee,Daily_Pass,2026-07-09,OTP_Failed,3.0,9.0,1.0,1
017,Toffee,WC_Premium,2026-07-09,OTP_Failed,0.0,5.0,1.0,1
017,Bioscope,Daily_Pass,2026-06-18,Buffer_Timeout,2.0,11.0,1.0,1
018,Toffee,Weekly_Pass,2026-06-19,Success,19.0,94.0,3.0,1
017,Toffee,Daily_Pass,2026-06-19,Buffer_Timeout,4.0,4.0,1.0,0
017,Toffee,Weekly_Pass,2026-07-09,Success,7.0,104.0,5.0,0
018,Toffee,Daily_Pass,2026-06-14,Success,12.0,121.0,4.0,0
017,Bioscope,Weekly_Pass,2026-06-27,Success,9.0,88.0,5.0,0
013,Toffee,Weekly_Pass,2026-06-27,OTP_Failed,5.0,7.0,1.0,1
017,Toffee,WC_Premium,2026-06-29,Success,11.0,100.0,5.0,0
017,Bioscope,Daily_Pass,2026-06-29,Success,5.0,100.0,4.0,0
016,Toffee,Weekly_Pass,2026-06-26,OTP_Failed,1.0,2.0,1.0,1
018,Other_Partner,Daily_Pass,2026-06-13,Success,18.0,87.0,5.0,0
017,Toffee,WC_Premium,2026-07-06,Stuck_at_Number_Screen,2.0,13.0,2.0,1
017,Bioscope,Weekly_Pass,2026-06-11,Success,2.0,82.0,4.0,0
018,Toffee,Daily_Pass,2026-06-15,Success,3.0,78.0,5.0,0
017,Toffee,Daily_Pass,2026-06-20,Success,7.0,105.0,4.0,0
017,Toffee,Daily_Pass,2026-06-28,Success,11.0,96.0,5.0,0
017,Bioscope,Daily_Pass,2026-06-28,Success,6.0,95.0,,0
019,Bioscope,Weekly_Pass,2026-07-01,Success,10.0,50.0,4.0,1
019,Bioscope,Daily_Pass,2026-07-06,Success,2.0,48.0,,0
019,Toffee,WC_Premium,2026-07-04,Stuck_at_Number_Screen,1.0,6.0,2.0,1
016,Toffee,Daily_Pass,2026-07-07,Success,5.0,95.0,5.0,0
016,Toffee,WC_Premium,2026-06-26,Success,17.0,78.0,4.0,0
018,Toffee,Daily_Pass,2026-07-10,Success,14.0,98.0,4.0,0
018,Toffee,Daily_Pass,2026-06-20,Success,16.0,101.0,,1
017,Other_Partner,WC_Premium,2026-07-08,Success,2.0,93.0,4.0,0
018,Bioscope,WC_Premium,2026-06-13,Success,12.0,120.0,4.0,0
019,Bioscope,Weekly_Pass,2026-06-27,Success,2.0,68.0,3.0,1
018,Bioscope,Weekly_Pass,2026-06-11,Buffer_Timeout,2.0,1.0,2.0,0
013,Bioscope,WC_Premium,2026-06-29,Buffer_Timeout,2.0,2.0,1.0,1
017,Toffee,Weekly_Pass,2026-06-17,OTP_Failed,3.0,0.0,,0
018,Bioscope,Daily_Pass,2026-06-18,Success,0.0,108.0,,0
016,Bioscope,Daily_Pass,2026-07-02,Stuck_at_Number_Screen,9.0,3.0,,1
019,Toffee,Weekly_Pass,2026-06-17,OTP_Failed,5.0,0.0,1.0,1
017,Toffee,Weekly_Pass,2026-06-11,OTP_Failed,0.0,1.0,1.0,1
019,Other_Partner,WC_Premium,2026-06-15,Success,4.0,63.0,4.0,0
018,Bioscope,Daily_Pass,2026-06-23,Stuck_at_Number_Screen,4.0,0.0,1.0,1
019,Toffee,WC_Premium,2026-07-10,Stuck_at_Number_Screen,10.0,6.0,,0
018,Bioscope,Weekly_Pass,2026-06-20,OTP_Failed,4.0,11.0,,1
018,Toffee,Weekly_Pass,2026-06-24,OTP_Failed,2.0,0.0,1.0,1
018,Toffee,Daily_Pass,2026-06-17,OTP_Failed,0.0,8.0,1.0,1
016,Toffee,WC_Premium,2026-06-14,Success,2.0,111.0,4.0,0
015,Toffee,Weekly_Pass,2026-06-24,Stuck_at_Number_Screen,0.0,0.0,1.0,1
017,Bioscope,Weekly_Pass,2026-06-26,Stuck_at_Number_Screen,0.0,9.0,1.0,1
017,Bioscope,WC_Premium,2026-06-20,Buffer_Timeout,1.0,6.0,1.0,0
014,Bioscope,WC_Premium,2026-06-14,Buffer_Timeout,0.0,6.0,1.0,0
018,Toffee,Daily_Pass,2026-06-24,Success,4.0,100.0,5.0,0
018,Bioscope,WC_Premium,2026-06-25,Success,1.0,105.0,4.0,0
018,Toffee,WC_Premium,2026-07-05,Success,1.0,114.0,,0
017,Toffee,Daily_Pass,2026-06-13,Buffer_Timeout,0.0,10.0,,0
019,Other_Partner,Daily_Pass,2026-06-12,Success,29.0,122.0,1.0,0
016,Toffee,Weekly_Pass,2026-06-24,Success,2.0,77.0,5.0,0
017,Toffee,Weekly_Pass,2026-06-23,Success,14.0,62.0,5.0,0
017,Toffee,WC_Premium,2026-07-04,Success,6.0,110.0,4.0,0
019,Toffee,Daily_Pass,2026-07-03,OTP_Failed,0.0,0.0,1.0,0
017,Bioscope,WC_Premium,2026-07-06,Stuck_at_Number_Screen,1.0,6.0,2.0,1
019,Other_Partner,WC_Premium,2026-07-01,Success,5.0,103.0,5.0,0
017,Bioscope,Weekly_Pass,2026-06-29,Stuck_at_Number_Screen,1.0,15.0,,1
018,Bioscope,WC_Premium,2026-06-26,OTP_Failed,2.0,5.0,1.0,1
014,Bioscope,WC_Premium,2026-06-13,Success,9.0,69.0,4.0,0
016,Bioscope,Daily_Pass,2026-07-07,Success,13.0,84.0,3.0,0
013,Toffee,WC_Premium,2026-06-12,Stuck_at_Number_Screen,0.0,7.0,1.0,1
016,Other_Partner,WC_Premium,2026-07-10,Success,12.0,89.0,5.0,0
017,Toffee,Daily_Pass,2026-07-01,Success,9.0,93.0,4.0,0
017,Other_Partner,WC_Premium,2026-06-18,Success,10.0,87.0,4.0,0
015,Toffee,Daily_Pass,2026-06-11,Buffer_Timeout,1.0,0.0,1.0,0
019,Bioscope,Weekly_Pass,2026-07-08,Success,2.0,60.0,4.0,0
018,Bioscope,WC_Premium,2026-07-07,Stuck_at_Number_Screen,1.0,6.0,1.0,1
013,Other_Partner,WC_Premium,2026-06-27,Success,24.0,89.0,,0
017,Bioscope,WC_Premium,2026-07-06,Success,2.0,122.0,4.0,0
017,Toffee,Weekly_Pass,2026-06-22,Success,6.0,100.0,3.0,0
018,Bioscope,Weekly_Pass,2026-07-10,Success,2.0,97.0,4.0,0
019,Toffee,Weekly_Pass,2026-06-24,Success,3.0,100.0,4.0,0
018,Toffee,Weekly_Pass,2026-07-10,OTP_Failed,7.0,10.0,1.0,1
019,Toffee,Weekly_Pass,2026-07-05,Success,3.0,71.0,4.0,0
017,Toffee,WC_Premium,2026-06-24,Stuck_at_Number_Screen,0.0,6.0,1.0,1
013,Bioscope,Daily_Pass,2026-07-10,Buffer_Timeout,2.0,5.0,,0
017,Other_Partner,Weekly_Pass,2026-06-27,Success,2.0,88.0,,0
013,Other_Partner,Daily_Pass,2026-06-16,Success,0.0,71.0,3.0,0
017,Toffee,Weekly_Pass,2026-06-13,Success,10.0,91.0,5.0,0
015,Toffee,Daily_Pass,2026-07-05,OTP_Failed,2.0,8.0,2.0,1
017,Toffee,Weekly_Pass,2026-06-16,OTP_Failed,2.0,4.0,,1
014,Toffee,Daily_Pass,2026-07-04,Success,12.0,84.0,4.0,0
013,Toffee,Daily_Pass,2026-07-05,Success,11.0,115.0,4.0,0
015,Toffee,Weekly_Pass,2026-06-16,OTP_Failed,1.0,15.0,,1
018,Bioscope,Weekly_Pass,2026-06-14,Success,9.0,78.0,4.0,0
014,Bioscope,Weekly_Pass,2026-06-17,Stuck_at_Number_Screen,1.0,13.0,,0
017,Bioscope,Daily_Pass,2026-06-14,Buffer_Timeout,1.0,2.0,2.0,0
016,Toffee,WC_Premium,2026-06-28,OTP_Failed,3.0,8.0,1.0,1
014,Bioscope,Daily_Pass,2026-06-13,Success,2.0,61.0,5.0,0
017,Bioscope,WC_Premium,2026-06-13,Stuck_at_Number_Screen,1.0,4.0,1.0,1
017,Toffee,WC_Premium,2026-06-25,Success,19.0,50.0,5.0,0
013,Toffee,Daily_Pass,2026-07-05,OTP_Failed,0.0,11.0,1.0,1
014,Toffee,Weekly_Pass,2026-06-29,Stuck_at_Number_Screen,4.0,12.0,,1
018,Toffee,WC_Premium,2026-06-21,Success,4.0,78.0,5.0,0
018,Toffee,Weekly_Pass,2026-06-25,Success,2.0,106.0,3.0,0
017,Toffee,Daily_Pass,2026-06-15,Success,9.0,126.0,4.0,0
017,Toffee,Weekly_Pass,2026-07-03,Success,16.0,106.0,4.0,0
019,Toffee,Weekly_Pass,2026-07-02,OTP_Failed,1.0,2.0,,0
017,Bioscope,WC_Premium,2026-06-17,Stuck_at_Number_Screen,1.0,0.0,1.0,1
018,Toffee,WC_Premium,2026-06-11,Success,3.0,89.0,5.0,0
014,Bioscope,Daily_Pass,2026-07-02,Success,7.0,79.0,4.0,0
017,Toffee,Daily_Pass,2026-07-01,OTP_Failed,1.0,13.0,1.0,1
016,Toffee,Daily_Pass,2026-06-12,Success,5.0,109.0,3.0,0
017,Bioscope,WC_Premium,2026-06-17,Stuck_at_Number_Screen,0.0,10.0,1.0,1
018,Bioscope,Weekly_Pass,2026-06-30,Success,26.0,67.0,1.0,0
017,Toffee,WC_Premium,2026-06-18,OTP_Failed,6.0,3.0,1.0,0
016,Bioscope,Weekly_Pass,2026-07-07,Stuck_at_Number_Screen,1.0,3.0,1.0,1
017,Bioscope,WC_Premium,2026-06-21,OTP_Failed,5.0,5.0,,1
018,Toffee,Daily_Pass,2026-07-03,Success,2.0,107.0,5.0,0
018,Toffee,WC_Premium,2026-06-26,OTP_Failed,3.0,0.0,1.0,1
017,Bioscope,Weekly_Pass,2026-07-09,OTP_Failed,2.0,6.0,1.0,1
016,Toffee,WC_Premium,2026-06-24,OTP_Failed,1.0,9.0,1.0,1
017,Toffee,Daily_Pass,2026-06-29,Success,11.0,86.0,5.0,0
016,Toffee,Weekly_Pass,2026-07-08,Success,28.0,127.0,1.0,0
017,Bioscope,Weekly_Pass,2026-07-05,Stuck_at_Number_Screen,8.0,5.0,1.0,1
016,Other_Partner,Daily_Pass,2026-06-15,Success,7.0,116.0,4.0,0
017,Bioscope,Weekly_Pass,2026-06-13,Success,14.0,92.0,5.0,0
013,Bioscope,Weekly_Pass,2026-06-14,Success,1.0,86.0,5.0,0
017,Other_Partner,Daily_Pass,2026-06-21,Success,2.0,101.0,,0
016,Bioscope,Daily_Pass,2026-06-18,Success,7.0,95.0,,0
017,Bioscope,Weekly_Pass,2026-07-07,Success,7.0,108.0,5.0,0
019,Other_Partner,Daily_Pass,2026-06-11,Success,4.0,75.0,4.0,0
019,Toffee,Weekly_Pass,2026-07-09,Success,4.0,118.0,5.0,0
017,Bioscope,Weekly_Pass,2026-07-02,Buffer_Timeout,4.0,5.0,,0
018,Bioscope,Daily_Pass,2026-06-25,Success,3.0,81.0,4.0,0
017,Other_Partner,Daily_Pass,2026-07-09,OTP_Failed,0.0,2.0,1.0,1
013,Bioscope,WC_Premium,2026-06-22,Success,1.0,76.0,3.0,0
016,Bioscope,Daily_Pass,2026-07-04,Buffer_Timeout,1.0,0.0,2.0,0
016,Other_Partner,Weekly_Pass,2026-06-17,Success,6.0,96.0,,0
018,Bioscope,Weekly_Pass,2026-07-04,Success,24.0,85.0,1.0,0
017,Toffee,WC_Premium,2026-06-24,OTP_Failed,1.0,0.0,,1
013,Toffee,Daily_Pass,2026-07-10,Success,2.0,65.0,4.0,0
017,Bioscope,WC_Premium,2026-06-23,Success,3.0,76.0,4.0,1
016,Toffee,Weekly_Pass,2026-06-20,Success,0.0,108.0,,0
018,Toffee,Daily_Pass,2026-06-11,Success,5.0,94.0,,0
016,Toffee,Daily_Pass,2026-06-29,OTP_Failed,0.0,0.0,1.0,1
017,Other_Partner,Weekly_Pass,2026-06-15,Buffer_Timeout,1.0,0.0,1.0,1
017,Toffee,Daily_Pass,2026-06-12,Success,1.0,92.0,4.0,0
017,Bioscope,Daily_Pass,2026-06-23,Success,8.0,79.0,4.0,0
017,Other_Partner,WC_Premium,2026-06-25,Success,10.0,92.0,5.0,0
017,Toffee,Daily_Pass,2026-06-21,Success,1.0,68.0,5.0,0
019,Toffee,Weekly_Pass,2026-07-01,Success,0.0,140.0,4.0,0
019,Bioscope,WC_Premium,2026-06-18,Stuck_at_Number_Screen,2.0,11.0,,1
018,Bioscope,WC_Premium,2026-06-29,Success,1.0,76.0,,0
018,Toffee,Daily_Pass,2026-06-24,OTP_Failed,0.0,9.0,1.0,1
017,Toffee,WC_Premium,2026-06-22,Success,11.0,125.0,5.0,0
019,Toffee,Weekly_Pass,2026-06-15,OTP_Failed,2.0,2.0,1.0,1
017,Toffee,Daily_Pass,2026-06-27,OTP_Failed,1.0,8.0,2.0,1
014,Toffee,Daily_Pass,2026-06-21,Success,6.0,79.0,5.0,0
018,Toffee,Daily_Pass,2026-07-02,OTP_Failed,1.0,10.0,1.0,1
017,Bioscope,Daily_Pass,2026-07-05,Success,15.0,84.0,,0
014,Other_Partner,Daily_Pass,2026-06-22,Success,16.0,84.0,4.0,0
017,Bioscope,Daily_Pass,2026-06-11,Success,19.0,83.0,4.0,0
018,Other_Partner,Weekly_Pass,2026-06-27,Success,32.0,93.0,2.0,0
018,Bioscope,WC_Premium,2026-06-17,Success,4.0,77.0,4.0,0
017,Bioscope,Weekly_Pass,2026-06-22,Success,16.0,114.0,5.0,0
013,Toffee,Weekly_Pass,2026-07-04,Success,14.0,76.0,4.0,0
016,Toffee,WC_Premium,2026-07-10,Success,2.0,81.0,4.0,0
016,Bioscope,WC_Premium,2026-07-09,Buffer_Timeout,2.0,6.0,1.0,0
017,Other_Partner,WC_Premium,2026-06-26,OTP_Failed,3.0,9.0,1.0,1
014,Toffee,Daily_Pass,2026-06-22,Success,2.0,102.0,5.0,0
017,Toffee,Daily_Pass,2026-06-12,OTP_Failed,4.0,15.0,1.0,1
017,Bioscope,Weekly_Pass,2026-06-29,OTP_Failed,0.0,5.0,,0
017,Toffee,Daily_Pass,2026-06-25,Success,29.0,57.0,1.0,1
017,Toffee,Daily_Pass,2026-06-24,Success,2.0,101.0,,0
017,Bioscope,Daily_Pass,2026-06-18,Buffer_Timeout,1.0,2.0,1.0,0
015,Bioscope,WC_Premium,2026-06-16,Stuck_at_Number_Screen,2.0,11.0,1.0,1
017,Bioscope,Daily_Pass,2026-07-07,Stuck_at_Number_Screen,4.0,4.0,2.0,1
017,Other_Partner,Weekly_Pass,2026-07-02,Success,2.0,94.0,4.0,0
017,Bioscope,Daily_Pass,2026-06-16,OTP_Failed,4.0,3.0,1.0,1
016,Bioscope,WC_Premium,2026-06-15,Success,4.0,93.0,,0
019,Toffee,Weekly_Pass,2026-06-24,OTP_Failed,3.0,11.0,2.0,0
017,Toffee,Daily_Pass,2026-06-14,OTP_Failed,5.0,7.0,2.0,0
017,Bioscope,WC_Premium,2026-06-25,Success,8.0,102.0,,0
017,Toffee,WC_Premium,2026-06-13,OTP_Failed,1.0,9.0,1.0,1
017,Toffee,WC_Premium,2026-07-04,OTP_Failed,2.0,14.0,2.0,1
017,Toffee,WC_Premium,2026-06-29,Success,22.0,123.0,1.0,1
013,Toffee,Weekly_Pass,2026-07-10,Success,4.0,99.0,5.0,0
017,Toffee,WC_Premium,2026-07-04,Stuck_at_Number_Screen,1.0,4.0,1.0,1
018,Bioscope,Daily_Pass,2026-07-10,Buffer_Timeout,0.0,5.0,1.0,0
017,Toffee,Weekly_Pass,2026-06-27,OTP_Failed,3.0,10.0,1.0,0
014,Toffee,Daily_Pass,2026-06-22,Success,6.0,104.0,5.0,0
014,Bioscope,Daily_Pass,2026-07-05,Success,6.0,133.0,5.0,0
018,Other_Partner,Weekly_Pass,2026-06-28,Success,11.0,100.0,5.0,0
013,Toffee,Daily_Pass,2026-06-28,OTP_Failed,0.0,5.0,,1
013,Bioscope,Weekly_Pass,2026-06-28,Stuck_at_Number_Screen,0.0,10.0,1.0,1
013,Bioscope,Weekly_Pass,2026-07-09,Buffer_Timeout,1.0,5.0,,0
016,Bioscope,Weekly_Pass,2026-06-25,Buffer_Timeout,1.0,0.0,1.0,1
018,Toffee,Daily_Pass,2026-06-22,Success,11.0,82.0,4.0,0
019,Other_Partner,Daily_Pass,2026-07-01,Success,34.0,79.0,,1
014,Bioscope,Weekly_Pass,2026-06-26,Buffer_Timeout,1.0,2.0,1.0,0
017,Bioscope,Weekly_Pass,2026-06-12,Stuck_at_Number_Screen,1.0,0.0,1.0,1
018,Toffee,Daily_Pass,2026-07-10,Success,19.0,83.0,4.0,0
017,Bioscope,Weekly_Pass,2026-06-23,Success,8.0,84.0,4.0,0
017,Bioscope,WC_Premium,2026-06-29,Success,7.0,70.0,5.0,1
013,Toffee,Daily_Pass,2026-07-01,OTP_Failed,2.0,1.0,1.0,0
017,Toffee,Weekly_Pass,2026-06-25,Success,3.0,74.0,,0
019,Bioscope,Daily_Pass,2026-07-08,Success,1.0,65.0,5.0,0
017,Toffee,WC_Premium,2026-07-05,OTP_Failed,2.0,8.0,1.0,0
018,Bioscope,Daily_Pass,2026-07-08,Success,4.0,44.0,5.0,0
018,Toffee,Daily_Pass,2026-07-05,Buffer_Timeout,4.0,5.0,,0
016,Toffee,WC_Premium,2026-06-17,Success,20.0,91.0,4.0,1
013,Bioscope,Daily_Pass,2026-07-10,Success,5.0,79.0,4.0,0
019,Toffee,Weekly_Pass,2026-07-09,OTP_Failed,0.0,9.0,,1
018,Other_Partner,Daily_Pass,2026-07-09,Success,1.0,54.0,4.0,0
013,Bioscope,WC_Premium,2026-07-08,Success,15.0,82.0,,0
017,Bioscope,WC_Premium,2026-06-18,Success,2.0,48.0,5.0,1
018,Bioscope,Weekly_Pass,2026-06-24,Success,5.0,90.0,4.0,1
019,Bioscope,Daily_Pass,2026-06-27,Success,3.0,110.0,4.0,0
018,Toffee,Daily_Pass,2026-06-12,Success,8.0,104.0,4.0,0
019,Bioscope,Weekly_Pass,2026-07-10,Success,10.0,70.0,,0
018,Toffee,Daily_Pass,2026-06-28,Buffer_Timeout,2.0,11.0,,0
017,Toffee,Weekly_Pass,2026-07-03,OTP_Failed,1.0,4.0,,0
017,Bioscope,Weekly_Pass,2026-07-01,Success,8.0,88.0,,0
017,Bioscope,WC_Premium,2026-06-15,Buffer_Timeout,1.0,6.0,1.0,0
016,Toffee,Daily_Pass,2026-06-16,Success,5.0,141.0,,0
019,Toffee,Weekly_Pass,2026-07-02,Success,16.0,98.0,4.0,0
017,Bioscope,WC_Premium,2026-07-10,Success,5.0,72.0,,0
018,Toffee,Weekly_Pass,2026-06-29,OTP_Failed,1.0,8.0,1.0,0
013,Bioscope,WC_Premium,2026-07-01,Success,7.0,80.0,5.0,0
013,Bioscope,Daily_Pass,2026-06-24,Success,5.0,94.0,5.0,0
017,Toffee,WC_Premium,2026-06-23,Success,4.0,82.0,,0
017,Toffee,WC_Premium,2026-06-13,Success,0.0,90.0,4.0,0
017,Bioscope,Daily_Pass,2026-06-29,OTP_Failed,6.0,9.0,1.0,1
017,Toffee,Daily_Pass,2026-06-14,Stuck_at_Number_Screen,2.0,5.0,,0
017,Toffee,Daily_Pass,2026-06-24,Success,18.0,84.0,4.0,0
017,Toffee,Weekly_Pass,2026-07-01,OTP_Failed,3.0,10.0,1.0,1
018,Toffee,Weekly_Pass,2026-07-04,OTP_Failed,0.0,8.0,1.0,1
017,Toffee,Daily_Pass,2026-06-20,OTP_Failed,1.0,10.0,,1
015,Bioscope,WC_Premium,2026-06-23,Success,1.0,118.0,4.0,0
017,Bioscope,WC_Premium,2026-06-23,Success,1.0,108.0,4.0,0
017,Bioscope,WC_Premium,2026-07-02,OTP_Failed,1.0,9.0,2.0,1
013,Bioscope,Weekly_Pass,2026-07-03,Stuck_at_Number_Screen,2.0,3.0,2.0,1
017,Toffee,Weekly_Pass,2026-06-27,Success,1.0,92.0,3.0,0
019,Toffee,WC_Premium,2026-06-26,Success,1.0,55.0,5.0,0
017,Bioscope,Daily_Pass,2026-06-27,Success,7.0,73.0,4.0,0
014,Bioscope,Weekly_Pass,2026-06-30,Success,5.0,82.0,4.0,0
019,Bioscope,Weekly_Pass,2026-06-18,Success,7.0,87.0,4.0,0
018,Bioscope,Daily_Pass,2026-06-28,Success,3.0,95.0,3.0,0
018,Bioscope,Daily_Pass,2026-06-19,Success,2.0,70.0,5.0,0
016,Toffee,Daily_Pass,2026-07-10,Success,4.0,87.0,5.0,0
013,Bioscope,Weekly_Pass,2026-07-10,Success,13.0,119.0,,0
018,Bioscope,Weekly_Pass,2026-06-25,Success,0.0,85.0,4.0,0
017,Other_Partner,WC_Premium,2026-06-20,Success,6.0,102.0,4.0,0
017,Bioscope,Weekly_Pass,2026-06-21,Success,9.0,103.0,3.0,0
018,Bioscope,Daily_Pass,2026-06-15,Success,8.0,122.0,,0
018,Bioscope,Weekly_Pass,2026-06-18,Success,5.0,87.0,5.0,0
019,Bioscope,Daily_Pass,2026-06-14,OTP_Failed,1.0,0.0,,1
017,Other_Partner,Daily_Pass,2026-07-06,OTP_Failed,2.0,4.0,2.0,1
019,Bioscope,Daily_Pass,2026-06-16,Success,18.0,100.0,,0
017,Bioscope,Daily_Pass,2026-06-27,Success,3.0,76.0,4.0,0
013,Toffee,Daily_Pass,2026-07-09,Success,3.0,103.0,4.0,0
017,Bioscope,Daily_Pass,2026-07-09,OTP_Failed,8.0,8.0,2.0,0
013,Bioscope,WC_Premium,2026-07-09,Success,1.0,65.0,4.0,0
017,Bioscope,Daily_Pass,2026-06-16,Stuck_at_Number_Screen,6.0,1.0,,1
018,Toffee,Daily_Pass,2026-06-25,OTP_Failed,2.0,0.0,2.0,0
019,Bioscope,WC_Premium,2026-07-08,Stuck_at_Number_Screen,5.0,8.0,2.0,1
013,Toffee,Weekly_Pass,2026-07-03,Buffer_Timeout,1.0,2.0,2.0,0
018,Bioscope,Daily_Pass,2026-06-13,Buffer_Timeout,0.0,2.0,1.0,0
019,Toffee,Daily_Pass,2026-07-01,OTP_Failed,0.0,0.0,,1
016,Bioscope,Weekly_Pass,2026-07-09,Buffer_Timeout,0.0,5.0,1.0,0
018,Toffee,Weekly_Pass,2026-07-09,Success,4.0,89.0,4.0,0
017,Toffee,Daily_Pass,2026-06-26,Success,53.0,71.0,2.0,0
019,Bioscope,Daily_Pass,2026-06-21,Success,0.0,103.0,4.0,0
018,Toffee,WC_Premium,2026-07-04,Buffer_Timeout,7.0,7.0,1.0,0
017,Bioscope,Weekly_Pass,2026-07-05,Stuck_at_Number_Screen,6.0,3.0,1.0,1
017,Other_Partner,Weekly_Pass,2026-07-02,Success,5.0,89.0,4.0,0
019,Other_Partner,Daily_Pass,2026-06-12,Success,0.0,114.0,4.0,0
017,Toffee,Daily_Pass,2026-07-01,Success,13.0,121.0,,0
015,Bioscope,Weekly_Pass,2026-06-23,Success,3.0,111.0,4.0,0
017,Toffee,WC_Premium,2026-07-05,Success,4.0,87.0,,0
019,Other_Partner,Daily_Pass,2026-06-29,Success,11.0,69.0,4.0,0
013,Bioscope,WC_Premium,2026-06-16,Success,5.0,80.0,,0
018,Toffee,Daily_Pass,2026-07-02,OTP_Failed,2.0,3.0,1.0,1
019,Toffee,Weekly_Pass,2026-06-25,OTP_Failed,1.0,2.0,2.0,1
013,Toffee,Daily_Pass,2026-06-21,Success,26.0,83.0,1.0,0
018,Bioscope,Weekly_Pass,2026-06-28,Success,4.0,77.0,4.0,0
017,Toffee,Weekly_Pass,2026-06-29,OTP_Failed,2.0,8.0,1.0,1
017,Bioscope,Weekly_Pass,2026-06-21,Buffer_Timeout,1.0,2.0,1.0,0
017,Bioscope,Weekly_Pass,2026-07-05,Buffer_Timeout,0.0,8.0,1.0,1
016,Other_Partner,Daily_Pass,2026-06-19,Success,14.0,115.0,4.0,0
017,Other_Partner,WC_Premium,2026-07-05,Success,11.0,102.0,5.0,0
017,Toffee,Daily_Pass,2026-06-28,Success,3.0,96.0,3.0,0
013,Bioscope,Weekly_Pass,2026-06-13,Success,14.0,83.0,3.0,0
018,Bioscope,Daily_Pass,2026-06-19,OTP_Failed,2.0,4.0,1.0,1
016,Bioscope,Weekly_Pass,2026-06-22,Success,0.0,57.0,4.0,0
017,Toffee,WC_Premium,2026-06-24,Buffer_Timeout,0.0,5.0,1.0,0
017,Toffee,Daily_Pass,2026-06-23,OTP_Failed,0.0,10.0,1.0,1
014,Toffee,WC_Premium,2026-07-04,Success,5.0,79.0,5.0,0
017,Toffee,WC_Premium,2026-06-30,OTP_Failed,2.0,6.0,1.0,1
019,Toffee,Weekly_Pass,2026-07-06,Success,5.0,80.0,4.0,0
019,Toffee,Daily_Pass,2026-06-21,OTP_Failed,1.0,3.0,,1
019,Bioscope,WC_Premium,2026-07-07,Buffer_Timeout,1.0,3.0,,0
017,Toffee,WC_Premium,2026-07-03,Success,1.0,81.0,,0
019,Bioscope,Daily_Pass,2026-06-15,OTP_Failed,4.0,0.0,2.0,1
019,Toffee,WC_Premium,2026-06-12,Success,4.0,73.0,4.0,1
018,Bioscope,WC_Premium,2026-06-17,Success,1.0,98.0,5.0,0
017,Other_Partner,Weekly_Pass,2026-06-24,Success,13.0,102.0,4.0,0
017,Bioscope,WC_Premium,2026-06-26,Success,2.0,129.0,,0
017,Bioscope,Weekly_Pass,2026-07-06,Success,0.0,99.0,4.0,0
018,Toffee,Weekly_Pass,2026-06-18,Success,5.0,69.0,4.0,1
018,Bioscope,Daily_Pass,2026-06-30,Success,1.0,79.0,4.0,0
013,Toffee,Daily_Pass,2026-06-20,OTP_Failed,3.0,3.0,2.0,1
018,Toffee,WC_Premium,2026-07-07,Buffer_Timeout,3.0,0.0,,0
013,Toffee,Daily_Pass,2026-06-18,Success,0.0,94.0,4.0,0
018,Bioscope,Weekly_Pass,2026-06-21,Success,7.0,70.0,4.0,0
014,Toffee,WC_Premium,2026-07-03,Success,12.0,116.0,3.0,0
017,Bioscope,Daily_Pass,2026-06-29,Success,13.0,66.0,,0
013,Toffee,Daily_Pass,2026-06-13,Success,8.0,108.0,4.0,0
017,Bioscope,Weekly_Pass,2026-06-22,Success,5.0,94.0,,0
018,Bioscope,Daily_Pass,2026-06-29,Buffer_Timeout,0.0,1.0,1.0,1
016,Toffee,WC_Premium,2026-06-13,Stuck_at_Number_Screen,0.0,9.0,,1
014,Toffee,Daily_Pass,2026-06-17,Success,1.0,90.0,4.0,0
017,Bioscope,Weekly_Pass,2026-06-15,Success,7.0,97.0,,0
015,Toffee,Daily_Pass,2026-06-22,Success,10.0,63.0,4.0,0
017,Bioscope,Daily_Pass,2026-06-30,Success,1.0,64.0,3.0,0
018,Bioscope,Daily_Pass,2026-07-06,Stuck_at_Number_Screen,1.0,2.0,1.0,1
017,Toffee,Daily_Pass,2026-07-04,Success,8.0,61.0,4.0,0
019,Toffee,Weekly_Pass,2026-07-06,Success,21.0,100.0,1.0,1
018,Toffee,Weekly_Pass,2026-07-05,Success,14.0,75.0,5.0,0
016,Toffee,Daily_Pass,2026-06-29,Buffer_Timeout,1.0,11.0,2.0,0
019,Toffee,Daily_Pass,2026-07-07,Success,3.0,79.0,4.0,0
017,Toffee,Weekly_Pass,2026-06-23,OTP_Failed,0.0,1.0,1.0,0
017,Toffee,WC_Premium,2026-07-02,Success,10.0,106.0,3.0,0
019,Toffee,Weekly_Pass,2026-06-14,OTP_Failed,4.0,0.0,,1
017,Other_Partner,Daily_Pass,2026-07-08,Success,1.0,68.0,4.0,1
017,Bioscope,WC_Premium,2026-07-01,Stuck_at_Number_Screen,4.0,2.0,1.0,1
018,Bioscope,WC_Premium,2026-07-03,Stuck_at_Number_Screen,1.0,12.0,1.0,1
018,Toffee,Daily_Pass,2026-06-30,Success,15.0,60.0,4.0,0
017,Toffee,Weekly_Pass,2026-07-10,Success,0.0,52.0,5.0,0
017,Bioscope,Weekly_Pass,2026-07-04,Success,17.0,71.0,5.0,0
017,Bioscope,WC_Premium,2026-07-09,OTP_Failed,1.0,8.0,,1
013,Toffee,Weekly_Pass,2026-07-10,OTP_Failed,3.0,11.0,,0
019,Toffee,WC_Premium,2026-06-29,OTP_Failed,2.0,0.0,1.0,0
015,Bioscope,Daily_Pass,2026-07-07,Stuck_at_Number_Screen,0.0,10.0,2.0,1
018,Bioscope,Daily_Pass,2026-06-17,Success,25.0,58.0,1.0,0
017,Toffee,WC_Premium,2026-06-23,OTP_Failed,4.0,0.0,2.0,1
014,Bioscope,WC_Premium,2026-06-29,Success,3.0,81.0,4.0,0
018,Bioscope,WC_Premium,2026-06-12,Success,8.0,71.0,,0
017,Other_Partner,WC_Premium,2026-06-18,Success,1.0,98.0,5.0,0
014,Bioscope,WC_Premium,2026-06-12,Stuck_at_Number_Screen,1.0,3.0,2.0,1
019,Toffee,Weekly_Pass,2026-06-19,Stuck_at_Number_Screen,1.0,7.0,1.0,1
016,Bioscope,Weekly_Pass,2026-07-01,Stuck_at_Number_Screen,3.0,8.0,1.0,1
016,Bioscope,Weekly_Pass,2026-06-30,Success,2.0,113.0,,0
017,Bioscope,Weekly_Pass,2026-06-22,Success,0.0,78.0,3.0,0
017,Bioscope,Weekly_Pass,2026-06-26,Success,14.0,63.0,5.0,0
016,Other_Partner,Weekly_Pass,2026-07-05,Success,16.0,78.0,5.0,0
017,Toffee,Daily_Pass,2026-06-18,OTP_Failed,7.0,4.0,1.0,1
013,Toffee,Daily_Pass,2026-06-28,Success,4.0,64.0,4.0,0
019,Bioscope,WC_Premium,2026-07-01,Success,2.0,117.0,5.0,0
019,Toffee,Daily_Pass,2026-06-26,OTP_Failed,0.0,0.0,2.0,1
018,Toffee,Daily_Pass,2026-06-11,Success,0.0,117.0,,0
019,Toffee,Weekly_Pass,2026-06-12,OTP_Failed,0.0,0.0,1.0,0
019,Bioscope,Daily_Pass,2026-06-15,OTP_Failed,2.0,9.0,,1
016,Toffee,Weekly_Pass,2026-06-13,OTP_Failed,0.0,3.0,,1
017,Bioscope,Daily_Pass,2026-06-20,Success,12.0,86.0,4.0,0
017,Toffee,Daily_Pass,2026-06-23,Success,1.0,103.0,4.0,0
017,Toffee,WC_Premium,2026-06-20,OTP_Failed,2.0,5.0,1.0,1
017,Toffee,WC_Premium,2026-07-06,Success,3.0,85.0,,0
017,Toffee,Daily_Pass,2026-06-25,Stuck_at_Number_Screen,6.0,6.0,1.0,1
017,Bioscope,Weekly_Pass,2026-06-27,Success,29.0,132.0,1.0,0
018,Bioscope,Weekly_Pass,2026-06-17,Success,10.0,101.0,4.0,0
014,Bioscope,WC_Premium,2026-06-17,Success,9.0,105.0,,0
017,Toffee,Weekly_Pass,2026-06-13,Success,22.0,95.0,1.0,1
016,Bioscope,Daily_Pass,2026-06-25,Buffer_Timeout,2.0,14.0,1.0,0
016,Toffee,Weekly_Pass,2026-06-24,OTP_Failed,2.0,5.0,1.0,1
017,Toffee,Daily_Pass,2026-07-10,OTP_Failed,1.0,8.0,1.0,1
014,Bioscope,Daily_Pass,2026-06-17,Success,1.0,84.0,5.0,0
018,Bioscope,Weekly_Pass,2026-06-15,Buffer_Timeout,1.0,7.0,,1
013,Toffee,WC_Premium,2026-06-18,OTP_Failed,4.0,14.0,1.0,1
019,Toffee,Weekly_Pass,2026-06-26,Success,0.0,84.0,5.0,0
017,Other_Partner,Daily_Pass,2026-06-28,Success,20.0,87.0,5.0,0
016,Toffee,WC_Premium,2026-07-08,Success,7.0,63.0,4.0,0
017,Other_Partner,WC_Premium,2026-07-03,Success,5.0,81.0,,0
019,Other_Partner,Weekly_Pass,2026-06-29,Buffer_Timeout,1.0,10.0,1.0,0
013,Bioscope,Daily_Pass,2026-06-20,Success,4.0,69.0,,0
018,Toffee,Weekly_Pass,2026-06-14,Success,6.0,118.0,4.0,0
017,Bioscope,Daily_Pass,2026-06-11,Success,11.0,63.0,5.0,0
016,Toffee,Weekly_Pass,2026-06-17,Success,16.0,85.0,,0
019,Toffee,WC_Premium,2026-06-23,Success,0.0,67.0,,0
018,Bioscope,Daily_Pass,2026-06-21,Success,4.0,115.0,5.0,0
018,Toffee,Daily_Pass,2026-06-21,Success,17.0,101.0,4.0,0
018,Toffee,Daily_Pass,2026-06-18,OTP_Failed,0.0,8.0,1.0,1
019,Bioscope,Weekly_Pass,2026-07-09,Success,9.0,120.0,,0
018,Bioscope,Daily_Pass,2026-06-12,Buffer_Timeout,2.0,8.0,1.0,0
019,Toffee,Weekly_Pass,2026-06-15,Success,10.0,105.0,4.0,0
019,Toffee,Daily_Pass,2026-07-01,Success,8.0,112.0,5.0,0
013,Toffee,Daily_Pass,2026-06-18,Buffer_Timeout,1.0,8.0,1.0,0
017,Toffee,Weekly_Pass,2026-06-29,Success,4.0,92.0,5.0,0
013,Bioscope,Weekly_Pass,2026-06-28,Success,3.0,130.0,5.0,0
019,Bioscope,Weekly_Pass,2026-07-09,Success,1.0,105.0,3.0,0
017,Bioscope,Daily_Pass,2026-07-10,Stuck_at_Number_Screen,0.0,13.0,2.0,1
018,Toffee,Daily_Pass,2026-06-24,Success,3.0,94.0,4.0,0
019,Toffee,WC_Premium,2026-06-28,OTP_Failed,0.0,3.0,2.0,1
013,Toffee,WC_Premium,2026-06-27,Success,2.0,110.0,3.0,0
018,Toffee,WC_Premium,2026-07-03,Success,8.0,80.0,4.0,0
017,Toffee,Daily_Pass,2026-06-16,Stuck_at_Number_Screen,2.0,14.0,1.0,1
017,Toffee,Daily_Pass,2026-07-07,Success,5.0,48.0,,0
019,Toffee,Weekly_Pass,2026-06-13,Success,4.0,92.0,4.0,0
017,Bioscope,WC_Premium,2026-07-05,Success,2.0,77.0,4.0,0
017,Bioscope,WC_Premium,2026-06-15,Buffer_Timeout,1.0,6.0,2.0,0
019,Bioscope,WC_Premium,2026-07-05,OTP_Failed,2.0,7.0,1.0,1
017,Toffee,Daily_Pass,2026-06-27,Success,6.0,93.0,,0
015,Bioscope,WC_Premium,2026-06-13,Buffer_Timeout,8.0,7.0,1.0,0
015,Other_Partner,WC_Premium,2026-06-18,Success,3.0,65.0,,0
017,Toffee,Daily_Pass,2026-07-08,Buffer_Timeout,3.0,0.0,1.0,0
017,Bioscope,Weekly_Pass,2026-06-13,Success,8.0,76.0,4.0,0
016,Bioscope,Weekly_Pass,2026-06-18,Buffer_Timeout,1.0,4.0,2.0,0
018,Bioscope,Daily_Pass,2026-06-27,Success,5.0,65.0,4.0,1
017,Toffee,Weekly_Pass,2026-07-07,OTP_Failed,0.0,10.0,2.0,1
016,Toffee,WC_Premium,2026-06-14,OTP_Failed,0.0,7.0,,1
017,Bioscope,WC_Premium,2026-06-19,OTP_Failed,1.0,9.0,1.0,1
019,Toffee,WC_Premium,2026-07-03,OTP_Failed,5.0,12.0,1.0,1
017,Other_Partner,Weekly_Pass,2026-07-07,Success,1.0,94.0,4.0,0
017,Bioscope,Weekly_Pass,2026-06-15,Success,5.0,87.0,,0
017,Toffee,Weekly_Pass,2026-06-11,Success,43.0,54.0,1.0,1
015,Bioscope,Weekly_Pass,2026-07-08,OTP_Failed,7.0,0.0,1.0,1
016,Bioscope,Daily_Pass,2026-06-21,OTP_Failed,2.0,1.0,1.0,1
019,Toffee,WC_Premium,2026-06-19,Success,1.0,70.0,4.0,0
013,Toffee,Daily_Pass,2026-07-07,Success,7.0,70.0,4.0,0
017,Other_Partner,Daily_Pass,2026-06-16,Success,17.0,86.0,5.0,0
017,Bioscope,Daily_Pass,2026-07-06,Stuck_at_Number_Screen,1.0,14.0,1.0,1
018,Toffee,WC_Premium,2026-06-26,Stuck_at_Number_Screen,1.0,0.0,,1
018,Toffee,Daily_Pass,2026-06-16,Success,3.0,75.0,3.0,0
018,Bioscope,Weekly_Pass,2026-07-05,Buffer_Timeout,0.0,0.0,2.0,1
017,Bioscope,WC_Premium,2026-07-04,Buffer_Timeout,2.0,6.0,1.0,0
014,Toffee,Weekly_Pass,2026-07-05,Success,17.0,75.0,3.0,0
017,Bioscope,Daily_Pass,2026-06-12,Success,6.0,92.0,4.0,0
015,Toffee,Weekly_Pass,2026-06-25,OTP_Failed,0.0,11.0,1.0,1
017,Toffee,Daily_Pass,2026-06-13,OTP_Failed,1.0,2.0,,1
018,Bioscope,Daily_Pass,2026-07-01,OTP_Failed,1.0,13.0,1.0,0
017,Toffee,WC_Premium,2026-07-01,Success,15.0,95.0,5.0,0
013,Bioscope,Daily_Pass,2026-06-23,Success,28.0,110.0,1.0,0
018,Toffee,Weekly_Pass,2026-06-16,Success,15.0,105.0,4.0,0
013,Bioscope,Weekly_Pass,2026-06-28,Success,16.0,116.0,5.0,0
013,Toffee,Daily_Pass,2026-07-04,OTP_Failed,1.0,0.0,1.0,1
016,Toffee,Weekly_Pass,2026-07-10,Success,14.0,71.0,5.0,0
016,Bioscope,Daily_Pass,2026-06-22,Stuck_at_Number_Screen,3.0,8.0,2.0,0
019,Toffee,Daily_Pass,2026-06-11,Success,17.0,97.0,,0
017,Bioscope,Weekly_Pass,2026-07-10,Success,1.0,102.0,4.0,0
018,Bioscope,Daily_Pass,2026-06-22,Buffer_Timeout,5.0,7.0,,0
018,Bioscope,Weekly_Pass,2026-07-03,Success,1.0,114.0,4.0,0
013,Bioscope,Daily_Pass,2026-07-02,Success,3.0,76.0,5.0,0
018,Bioscope,Weekly_Pass,2026-07-05,Buffer_Timeout,3.0,7.0,1.0,0
017,Bioscope,WC_Premium,2026-07-10,Success,5.0,76.0,4.0,0
017,Bioscope,Weekly_Pass,2026-07-10,Success,13.0,100.0,,0
017,Other_Partner,WC_Premium,2026-07-03,Success,8.0,92.0,3.0,0
017,Toffee,Weekly_Pass,2026-07-08,Stuck_at_Number_Screen,1.0,7.0,1.0,0
016,Bioscope,WC_Premium,2026-07-08,Success,3.0,72.0,4.0,0
016,Toffee,Daily_Pass,2026-07-04,Success,6.0,92.0,5.0,0
015,Toffee,WC_Premium,2026-06-12,Stuck_at_Number_Screen,7.0,1.0,2.0,1
016,Toffee,Weekly_Pass,2026-06-20,Success,0.0,63.0,3.0,0
017,Bioscope,WC_Premium,2026-06-14,Buffer_Timeout,1.0,9.0,1.0,1
019,Bioscope,WC_Premium,2026-06-19,Success,9.0,56.0,4.0,0
019,Bioscope,Weekly_Pass,2026-06-17,Success,15.0,109.0,3.0,0
013,Toffee,WC_Premium,2026-07-07,Success,9.0,62.0,4.0,0
018,Toffee,Weekly_Pass,2026-06-22,Success,8.0,101.0,,0
015,Other_Partner,Weekly_Pass,2026-06-12,Success,13.0,66.0,5.0,0
018,Toffee,Weekly_Pass,2026-06-25,Success,6.0,43.0,3.0,1
014,Toffee,Daily_Pass,2026-06-27,Success,6.0,92.0,4.0,0
017,Toffee,Weekly_Pass,2026-06-29,Success,15.0,80.0,4.0,0
017,Bioscope,WC_Premium,2026-06-22,Buffer_Timeout,1.0,8.0,2.0,1
013,Toffee,WC_Premium,2026-06-26,Success,10.0,74.0,5.0,0
018,Toffee,WC_Premium,2026-07-10,Success,13.0,114.0,4.0,0
019,Bioscope,Weekly_Pass,2026-06-16,OTP_Failed,2.0,15.0,,1
015,Toffee,Daily_Pass,2026-07-06,OTP_Failed,2.0,10.0,2.0,1
013,Bioscope,Daily_Pass,2026-06-15,Stuck_at_Number_Screen,0.0,9.0,2.0,1
017,Toffee,Daily_Pass,2026-06-27,OTP_Failed,0.0,7.0,2.0,1
019,Toffee,Daily_Pass,2026-06-29,Buffer_Timeout,6.0,7.0,2.0,0
018,Bioscope,Weekly_Pass,2026-06-20,Stuck_at_Number_Screen,0.0,8.0,1.0,1
017,Bioscope,WC_Premium,2026-07-01,Stuck_at_Number_Screen,4.0,5.0,1.0,1
018,Bioscope,Daily_Pass,2026-07-08,Success,38.0,80.0,2.0,1
016,Bioscope,Daily_Pass,2026-06-19,OTP_Failed,0.0,4.0,,0
019,Toffee,Daily_Pass,2026-06-21,Success,17.0,89.0,3.0,0
018,Toffee,Daily_Pass,2026-06-20,Success,5.0,113.0,,1
017,Toffee,Weekly_Pass,2026-06-25,Success,0.0,88.0,,0
015,Bioscope,Daily_Pass,2026-06-24,Success,5.0,68.0,4.0,0
016,Bioscope,Daily_Pass,2026-06-26,Success,24.0,130.0,1.0,1
013,Other_Partner,WC_Premium,2026-06-22,Success,0.0,118.0,3.0,0
017,Toffee,Daily_Pass,2026-07-06,Success,5.0,86.0,5.0,0
016,Bioscope,WC_Premium,2026-06-25,Success,3.0,71.0,5.0,0
017,Bioscope,Weekly_Pass,2026-07-01,Buffer_Timeout,3.0,6.0,1.0,0
017,Bioscope,Daily_Pass,2026-06-24,Success,3.0,85.0,3.0,0
018,Bioscope,WC_Premium,2026-06-22,Success,16.0,86.0,5.0,0
017,Bioscope,Weekly_Pass,2026-07-06,Success,3.0,105.0,,0
018,Toffee,Daily_Pass,2026-06-27,Stuck_at_Number_Screen,0.0,9.0,,1
017,Toffee,Daily_Pass,2026-06-19,Buffer_Timeout,2.0,5.0,1.0,0
016,Toffee,WC_Premium,2026-06-13,Stuck_at_Number_Screen,1.0,3.0,1.0,1
017,Toffee,Weekly_Pass,2026-07-04,Success,4.0,54.0,4.0,0
017,Toffee,Weekly_Pass,2026-06-27,Success,10.0,95.0,3.0,0
017,Toffee,Daily_Pass,2026-06-19,Buffer_Timeout,1.0,5.0,1.0,0
014,Toffee,Daily_Pass,2026-06-29,Success,5.0,108.0,,0
019,Bioscope,WC_Premium,2026-07-03,Success,20.0,59.0,4.0,0
017,Bioscope,WC_Premium,2026-06-22,Success,1.0,109.0,3.0,0
019,Bioscope,Weekly_Pass,2026-07-03,Buffer_Timeout,2.0,1.0,2.0,1
018,Toffee,Daily_Pass,2026-06-16,Success,1.0,126.0,4.0,0
015,Toffee,WC_Premium,2026-06-12,Buffer_Timeout,7.0,1.0,1.0,1
013,Toffee,Weekly_Pass,2026-07-08,Success,2.0,85.0,5.0,0
016,Other_Partner,WC_Premium,2026-06-20,OTP_Failed,0.0,5.0,2.0,1
017,Bioscope,Daily_Pass,2026-06-11,Success,0.0,91.0,,0
013,Toffee,Weekly_Pass,2026-07-09,Success,6.0,123.0,5.0,0
015,Bioscope,WC_Premium,2026-06-13,OTP_Failed,0.0,12.0,2.0,1
018,Toffee,Daily_Pass,2026-07-03,Success,10.0,67.0,5.0,0
017,Bioscope,WC_Premium,2026-06-18,OTP_Failed,1.0,0.0,1.0,1
017,Toffee,Weekly_Pass,2026-06-24,Buffer_Timeout,3.0,0.0,1.0,0
016,Toffee,Daily_Pass,2026-07-08,Success,0.0,102.0,5.0,0
018,Bioscope,WC_Premium,2026-06-20,Success,12.0,99.0,,0
013,Bioscope,Daily_Pass,2026-07-01,OTP_Failed,3.0,1.0,2.0,1
015,Bioscope,WC_Premium,2026-07-06,Buffer_Timeout,0.0,5.0,1.0,1
017,Bioscope,WC_Premium,2026-06-13,Stuck_at_Number_Screen,1.0,4.0,1.0,1
017,Toffee,WC_Premium,2026-07-08,Success,1.0,93.0,4.0,0
014,Toffee,WC_Premium,2026-06-24,OTP_Failed,2.0,2.0,1.0,1
017,Other_Partner,Weekly_Pass,2026-06-29,Success,3.0,77.0,5.0,0
017,Bioscope,Weekly_Pass,2026-06-24,Success,8.0,79.0,5.0,0
018,Bioscope,WC_Premium,2026-07-08,Success,20.0,125.0,,0
019,Toffee,Daily_Pass,2026-06-29,Stuck_at_Number_Screen,0.0,9.0,1.0,1
017,Bioscope,Daily_Pass,2026-06-14,Success,7.0,59.0,5.0,0
014,Toffee,Weekly_Pass,2026-07-03,OTP_Failed,1.0,2.0,,1
019,Bioscope,Daily_Pass,2026-06-17,Success,6.0,116.0,5.0,0
017,Bioscope,WC_Premium,2026-06-19,Success,15.0,95.0,,0
016,Bioscope,Weekly_Pass,2026-06-26,Buffer_Timeout,5.0,10.0,1.0,0
013,Toffee,Daily_Pass,2026-07-08,Success,6.0,96.0,4.0,0
013,Toffee,Daily_Pass,2026-06-11,Success,10.0,87.0,4.0,0
019,Toffee,WC_Premium,2026-07-01,OTP_Failed,0.0,12.0,1.0,1
015,Other_Partner,WC_Premium,2026-07-03,Success,3.0,84.0,3.0,0
017,Toffee,Daily_Pass,2026-06-30,OTP_Failed,1.0,8.0,2.0,1
013,Bioscope,WC_Premium,2026-07-06,Buffer_Timeout,1.0,7.0,2.0,0
018,Bioscope,Weekly_Pass,2026-06-30,Success,8.0,54.0,,0
013,Bioscope,Weekly_Pass,2026-06-14,Success,23.0,88.0,1.0,0
013,Other_Partner,WC_Premium,2026-06-15,Success,9.0,84.0,4.0,0
017,Bioscope,Daily_Pass,2026-06-28,Success,4.0,73.0,4.0,0
016,Bioscope,Weekly_Pass,2026-06-27,Stuck_at_Number_Screen,0.0,0.0,1.0,0
013,Toffee,Daily_Pass,2026-07-02,OTP_Failed,3.0,6.0,1.0,1
017,Bioscope,Daily_Pass,2026-06-22,Stuck_at_Number_Screen,0.0,6.0,1.0,1
019,Bioscope,Daily_Pass,2026-06-22,Stuck_at_Number_Screen,1.0,9.0,1.0,1
019,Toffee,Daily_Pass,2026-06-12,Success,1.0,57.0,5.0,0
018,Bioscope,Weekly_Pass,2026-07-09,Stuck_at_Number_Screen,2.0,13.0,,1
017,Bioscope,Daily_Pass,2026-06-17,Stuck_at_Number_Screen,18.0,15.0,2.0,1
018,Bioscope,Weekly_Pass,2026-06-20,Stuck_at_Number_Screen,6.0,0.0,,1
017,Toffee,Weekly_Pass,2026-06-18,Success,7.0,112.0,3.0,0
017,Bioscope,WC_Premium,2026-06-24,Success,5.0,64.0,,0
016,Toffee,Weekly_Pass,2026-07-06,Success,4.0,117.0,4.0,0
017,Bioscope,WC_Premium,2026-06-13,Buffer_Timeout,0.0,4.0,,0
017,Toffee,Daily_Pass,2026-07-05,Success,6.0,78.0,5.0,0
017,Bioscope,WC_Premium,2026-07-03,Success,12.0,83.0,5.0,0
017,Toffee,Daily_Pass,2026-06-15,Success,1.0,86.0,3.0,0
017,Toffee,WC_Premium,2026-06-25,OTP_Failed,1.0,9.0,1.0,1
015,Toffee,Daily_Pass,2026-06-26,Success,14.0,75.0,4.0,0
017,Toffee,Weekly_Pass,2026-06-14,Buffer_Timeout,2.0,11.0,,0
017,Bioscope,Daily_Pass,2026-06-25,Buffer_Timeout,0.0,3.0,1.0,0
017,Bioscope,Daily_Pass,2026-06-17,Success,8.0,141.0,5.0,0
014,Toffee,WC_Premium,2026-07-09,OTP_Failed,5.0,0.0,2.0,1
018,Toffee,WC_Premium,2026-06-24,OTP_Failed,3.0,7.0,,1
013,Toffee,Daily_Pass,2026-06-25,Stuck_at_Number_Screen,4.0,0.0,1.0,1
019,Bioscope,WC_Premium,2026-07-02,Stuck_at_Number_Screen,3.0,0.0,,1
013,Toffee,Daily_Pass,2026-06-23,Buffer_Timeout,5.0,6.0,,1
017,Toffee,WC_Premium,2026-07-02,Success,16.0,85.0,4.0,0
017,Toffee,WC_Premium,2026-06-28,Success,5.0,83.0,4.0,0
013,Toffee,Daily_Pass,2026-06-30,OTP_Failed,1.0,7.0,,0
017,Toffee,Weekly_Pass,2026-07-04,OTP_Failed,7.0,0.0,1.0,1
016,Toffee,Daily_Pass,2026-06-22,Success,1.0,78.0,,0
017,Bioscope,Daily_Pass,2026-07-03,Success,0.0,65.0,4.0,0
018,Bioscope,WC_Premium,2026-06-13,Stuck_at_Number_Screen,1.0,9.0,1.0,1
017,Toffee,Weekly_Pass,2026-06-30,OTP_Failed,2.0,2.0,2.0,1
017,Bioscope,WC_Premium,2026-06-29,Success,12.0,130.0,5.0,0
013,Toffee,Daily_Pass,2026-06-24,Stuck_at_Number_Screen,2.0,15.0,,1
014,Other_Partner,Weekly_Pass,2026-06-26,Success,6.0,81.0,4.0,0
013,Toffee,Weekly_Pass,2026-07-10,Success,15.0,79.0,4.0,0
016,Bioscope,WC_Premium,2026-06-20,Success,41.0,63.0,2.0,0
017,Bioscope,Daily_Pass,2026-06-19,Buffer_Timeout,0.0,5.0,1.0,1
017,Toffee,WC_Premium,2026-06-17,OTP_Failed,2.0,0.0,2.0,1
017,Other_Partner,Weekly_Pass,2026-07-10,Success,8.0,86.0,4.0,0
017,Toffee,Weekly_Pass,2026-07-09,Success,2.0,96.0,,0
017,Bioscope,Daily_Pass,2026-07-04,Stuck_at_Number_Screen,0.0,12.0,1.0,1
017,Toffee,WC_Premium,2026-06-15,OTP_Failed,1.0,3.0,1.0,1
019,Toffee,Weekly_Pass,2026-06-22,Buffer_Timeout,1.0,14.0,2.0,1
017,Bioscope,Weekly_Pass,2026-06-22,Stuck_at_Number_Screen,3.0,3.0,1.0,1
018,Toffee,Weekly_Pass,2026-07-01,Success,8.0,75.0,4.0,0
013,Toffee,Daily_Pass,2026-06-27,OTP_Failed,1.0,5.0,1.0,1
018,Toffee,Daily_Pass,2026-06-19,Success,2.0,96.0,4.0,0
018,Bioscope,WC_Premium,2026-06-25,Buffer_Timeout,0.0,14.0,,0
017,Toffee,Daily_Pass,2026-07-05,Success,1.0,118.0,5.0,0
017,Toffee,WC_Premium,2026-06-22,Success,6.0,68.0,4.0,0
016,Bioscope,Weekly_Pass,2026-06-24,Success,6.0,81.0,,0
019,Toffee,Daily_Pass,2026-06-30,Success,9.0,120.0,4.0,0
017,Toffee,Weekly_Pass,2026-06-24,Success,2.0,122.0,,0
017,Toffee,Weekly_Pass,2026-06-27,Success,5.0,94.0,4.0,0
019,Toffee,WC_Premium,2026-06-23,Success,8.0,125.0,3.0,0
017,Toffee,WC_Premium,2026-06-29,Success,0.0,150.0,4.0,0
018,Other_Partner,Daily_Pass,2026-06-15,Stuck_at_Number_Screen,3.0,6.0,,0
013,Toffee,WC_Premium,2026-07-02,Success,4.0,103.0,4.0,0
017,Toffee,Weekly_Pass,2026-07-07,Buffer_Timeout,2.0,0.0,1.0,0
018,Toffee,WC_Premium,2026-07-10,Success,9.0,87.0,4.0,0
018,Toffee,Daily_Pass,2026-07-05,Success,22.0,79.0,1.0,1
017,Bioscope,Daily_Pass,2026-06-18,OTP_Failed,1.0,8.0,1.0,1
018,Toffee,Weekly_Pass,2026-07-08,Success,1.0,115.0,,1
019,Toffee,Daily_Pass,2026-07-04,Success,4.0,73.0,,0
018,Toffee,WC_Premium,2026-06-27,Buffer_Timeout,2.0,0.0,,0
017,Bioscope,Daily_Pass,2026-07-06,Success,3.0,74.0,4.0,0
018,Toffee,Daily_Pass,2026-06-17,Success,0.0,134.0,4.0,0
016,Toffee,Daily_Pass,2026-06-25,OTP_Failed,1.0,7.0,2.0,1
019,Bioscope,Daily_Pass,2026-06-17,Success,2.0,66.0,5.0,0
018,Toffee,Weekly_Pass,2026-06-30,OTP_Failed,1.0,10.0,,0
017,Bioscope,Weekly_Pass,2026-06-21,Success,0.0,103.0,3.0,1
016,Bioscope,Daily_Pass,2026-06-18,Success,18.0,106.0,4.0,1
016,Toffee,Daily_Pass,2026-07-03,Success,9.0,42.0,4.0,1
017,Bioscope,Daily_Pass,2026-07-08,Buffer_Timeout,3.0,0.0,1.0,0
013,Other_Partner,Daily_Pass,2026-06-25,Success,6.0,103.0,,1
017,Bioscope,WC_Premium,2026-06-27,Success,6.0,80.0,5.0,0
016,Other_Partner,WC_Premium,2026-07-07,Success,2.0,102.0,5.0,0
017,Toffee,WC_Premium,2026-07-06,Success,9.0,106.0,4.0,0
018,Toffee,WC_Premium,2026-07-01,Success,10.0,79.0,4.0,0
014,Other_Partner,WC_Premium,2026-06-20,Success,5.0,93.0,5.0,0
019,Toffee,Weekly_Pass,2026-06-25,OTP_Failed,1.0,4.0,1.0,1
014,Other_Partner,Weekly_Pass,2026-07-03,Buffer_Timeout,0.0,11.0,1.0,0
015,Toffee,WC_Premium,2026-06-23,Success,13.0,85.0,4.0,0
017,Other_Partner,Weekly_Pass,2026-07-03,Success,4.0,61.0,4.0,0
018,Toffee,Daily_Pass,2026-06-30,Stuck_at_Number_Screen,0.0,9.0,2.0,1
013,Toffee,Weekly_Pass,2026-06-27,Buffer_Timeout,2.0,7.0,1.0,0
019,Bioscope,WC_Premium,2026-07-05,Success,7.0,76.0,5.0,0
017,Toffee,WC_Premium,2026-06-25,Success,37.0,74.0,1.0,1
015,Toffee,Daily_Pass,2026-07-01,Success,8.0,75.0,5.0,0
018,Toffee,WC_Premium,2026-06-18,Success,15.0,81.0,4.0,0
019,Bioscope,WC_Premium,2026-06-27,Success,10.0,113.0,4.0,1
017,Other_Partner,Daily_Pass,2026-06-14,Buffer_Timeout,5.0,12.0,1.0,1
017,Toffee,WC_Premium,2026-06-12,Success,2.0,72.0,,0
019,Toffee,WC_Premium,2026-07-04,Success,14.0,100.0,5.0,0
017,Toffee,Daily_Pass,2026-06-22,OTP_Failed,2.0,5.0,1.0,1
019,Bioscope,Weekly_Pass,2026-06-26,Success,8.0,87.0,3.0,0
017,Toffee,Daily_Pass,2026-07-08,Success,4.0,76.0,4.0,0
016,Toffee,Weekly_Pass,2026-06-20,Buffer_Timeout,1.0,5.0,,1
013,Toffee,WC_Premium,2026-06-24,Success,7.0,63.0,5.0,0
018,Bioscope,Weekly_Pass,2026-06-21,Buffer_Timeout,3.0,0.0,,0
016,Bioscope,Weekly_Pass,2026-06-21,Success,1.0,84.0,4.0,0
017,Bioscope,WC_Premium,2026-07-09,Success,27.0,51.0,1.0,1
017,Toffee,WC_Premium,2026-06-26,Buffer_Timeout,1.0,7.0,1.0,1
017,Bioscope,Daily_Pass,2026-06-15,Success,1.0,116.0,4.0,0
018,Bioscope,WC_Premium,2026-06-29,Stuck_at_Number_Screen,1.0,0.0,1.0,0
018,Toffee,Daily_Pass,2026-07-02,Success,5.0,96.0,4.0,0
016,Toffee,Daily_Pass,2026-07-04,Success,1.0,68.0,5.0,0
018,Toffee,WC_Premium,2026-06-21,OTP_Failed,4.0,7.0,2.0,1
013,Bioscope,WC_Premium,2026-07-04,Stuck_at_Number_Screen,1.0,6.0,2.0,1
013,Bioscope,WC_Premium,2026-06-22,Buffer_Timeout,13.0,6.0,1.0,1
017,Bioscope,Daily_Pass,2026-06-18,Success,16.0,67.0,5.0,0
017,Toffee,Daily_Pass,2026-06-17,OTP_Failed,0.0,0.0,,1
015,Toffee,WC_Premium,2026-06-19,Success,4.0,100.0,4.0,0
019,Other_Partner,Daily_Pass,2026-07-09,OTP_Failed,2.0,13.0,1.0,1
017,Toffee,Daily_Pass,2026-06-26,Success,14.0,122.0,,0
018,Other_Partner,WC_Premium,2026-06-11,Success,3.0,27.0,3.0,0
019,Bioscope,Weekly_Pass,2026-06-20,Success,2.0,114.0,4.0,0
013,Toffee,Daily_Pass,2026-07-07,Success,6.0,108.0,3.0,0
017,Toffee,Daily_Pass,2026-07-08,OTP_Failed,3.0,15.0,,0
017,Other_Partner,WC_Premium,2026-06-12,Success,7.0,105.0,3.0,1
018,Toffee,WC_Premium,2026-06-23,OTP_Failed,1.0,0.0,1.0,0
015,Bioscope,Daily_Pass,2026-06-14,Success,23.0,96.0,1.0,0
016,Toffee,Weekly_Pass,2026-06-28,Success,1.0,61.0,5.0,0
017,Bioscope,Daily_Pass,2026-07-06,Success,10.0,89.0,4.0,0
017,Bioscope,WC_Premium,2026-06-26,Buffer_Timeout,3.0,8.0,1.0,1
019,Other_Partner,Daily_Pass,2026-06-11,Buffer_Timeout,6.0,3.0,1.0,0
019,Toffee,WC_Premium,2026-07-04,Success,0.0,73.0,4.0,0
018,Bioscope,Weekly_Pass,2026-06-21,Success,1.0,92.0,3.0,0
018,Toffee,Weekly_Pass,2026-06-16,Success,1.0,106.0,5.0,0
017,Toffee,WC_Premium,2026-06-30,OTP_Failed,0.0,10.0,1.0,1
019,Toffee,Weekly_Pass,2026-07-08,OTP_Failed,5.0,13.0,2.0,1
019,Toffee,WC_Premium,2026-06-24,Success,6.0,91.0,5.0,0
017,Toffee,Daily_Pass,2026-06-30,Success,16.0,68.0,5.0,0
016,Toffee,Daily_Pass,2026-07-06,Stuck_at_Number_Screen,2.0,0.0,1.0,1
017,Other_Partner,Weekly_Pass,2026-06-24,Success,12.0,102.0,4.0,0
017,Bioscope,Weekly_Pass,2026-06-18,Stuck_at_Number_Screen,3.0,12.0,,1
017,Toffee,Weekly_Pass,2026-06-26,Success,2.0,80.0,5.0,0
017,Other_Partner,WC_Premium,2026-07-07,OTP_Failed,4.0,3.0,1.0,1
017,Toffee,Weekly_Pass,2026-06-22,Success,6.0,114.0,4.0,0
013,Toffee,WC_Premium,2026-06-25,Success,7.0,103.0,3.0,0
018,Bioscope,Weekly_Pass,2026-07-06,Success,3.0,72.0,4.0,0
018,Toffee,Daily_Pass,2026-07-04,Success,10.0,101.0,5.0,0
017,Bioscope,Daily_Pass,2026-06-17,Success,8.0,70.0,5.0,0
017,Toffee,WC_Premium,2026-06-13,Success,10.0,76.0,4.0,0
018,Toffee,Daily_Pass,2026-06-18,Buffer_Timeout,2.0,0.0,1.0,0
013,Toffee,Daily_Pass,2026-07-06,Buffer_Timeout,0.0,1.0,2.0,0
017,Other_Partner,Daily_Pass,2026-06-30,Success,2.0,105.0,4.0,0
019,Bioscope,Weekly_Pass,2026-07-05,Success,2.0,97.0,4.0,0
016,Bioscope,Weekly_Pass,2026-07-10,Success,14.0,88.0,,0
019,Bioscope,Daily_Pass,2026-06-24,Buffer_Timeout,1.0,0.0,1.0,1
018,Toffee,Weekly_Pass,2026-06-17,Buffer_Timeout,1.0,7.0,,0
017,Bioscope,Daily_Pass,2026-06-30,Success,2.0,66.0,5.0,0
016,Toffee,WC_Premium,2026-07-01,OTP_Failed,2.0,2.0,1.0,0
017,Toffee,WC_Premium,2026-07-01,OTP_Failed,6.0,3.0,1.0,1
013,Bioscope,Weekly_Pass,2026-06-27,Success,10.0,129.0,4.0,0
017,Toffee,Weekly_Pass,2026-07-03,Success,0.0,89.0,,0
019,Toffee,Daily_Pass,2026-06-22,OTP_Failed,2.0,10.0,1.0,1
017,Bioscope,WC_Premium,2026-06-14,Success,7.0,93.0,,0
014,Bioscope,Daily_Pass,2026-06-29,Success,30.0,117.0,2.0,0
019,Bioscope,Daily_Pass,2026-06-15,Success,6.0,114.0,,0
018,Toffee,WC_Premium,2026-06-11,Buffer_Timeout,1.0,2.0,1.0,0
016,Toffee,WC_Premium,2026-06-21,OTP_Failed,3.0,7.0,,0
018,Bioscope,WC_Premium,2026-06-26,Success,5.0,78.0,,0
019,Bioscope,WC_Premium,2026-06-12,Stuck_at_Number_Screen,1.0,7.0,1.0,1
013,Bioscope,WC_Premium,2026-06-12,Buffer_Timeout,5.0,12.0,,0
019,Other_Partner,WC_Premium,2026-06-21,Success,3.0,104.0,3.0,0
018,Other_Partner,Daily_Pass,2026-06-19,Success,20.0,97.0,5.0,0
014,Toffee,WC_Premium,2026-06-13,Success,0.0,79.0,,0
018,Bioscope,WC_Premium,2026-06-11,Buffer_Timeout,5.0,2.0,1.0,1
018,Bioscope,Daily_Pass,2026-07-03,Success,5.0,100.0,5.0,0
019,Bioscope,Weekly_Pass,2026-06-22,Stuck_at_Number_Screen,1.0,8.0,1.0,1
019,Toffee,Daily_Pass,2026-06-28,Success,7.0,58.0,5.0,0
018,Bioscope,WC_Premium,2026-07-04,Success,0.0,80.0,4.0,0
017,Other_Partner,Weekly_Pass,2026-07-10,Success,14.0,94.0,4.0,0
018,Bioscope,Daily_Pass,2026-06-20,Success,29.0,133.0,,0
015,Bioscope,Daily_Pass,2026-07-07,Success,5.0,97.0,3.0,0
019,Toffee,WC_Premium,2026-06-26,Success,2.0,103.0,4.0,0
019,Toffee,Weekly_Pass,2026-06-26,OTP_Failed,0.0,0.0,1.0,0
017,Toffee,Weekly_Pass,2026-06-23,Buffer_Timeout,2.0,8.0,1.0,0
018,Toffee,Weekly_Pass,2026-07-07,Success,8.0,109.0,,0
018,Bioscope,Daily_Pass,2026-06-14,Stuck_at_Number_Screen,2.0,4.0,1.0,1
019,Toffee,Daily_Pass,2026-06-21,Stuck_at_Number_Screen,6.0,2.0,2.0,1
017,Bioscope,Weekly_Pass,2026-07-02,Success,2.0,112.0,,0
019,Toffee,Weekly_Pass,2026-06-11,OTP_Failed,3.0,6.0,2.0,0
018,Toffee,Daily_Pass,2026-06-24,OTP_Failed,6.0,3.0,1.0,1
017,Toffee,Weekly_Pass,2026-06-22,Success,12.0,98.0,4.0,0
017,Bioscope,Daily_Pass,2026-07-03,Success,1.0,58.0,,0
017,Toffee,WC_Premium,2026-06-24,Success,8.0,84.0,4.0,0
018,Toffee,Daily_Pass,2026-07-06,OTP_Failed,0.0,10.0,1.0,1
017,Bioscope,Daily_Pass,2026-06-18,Success,3.0,88.0,3.0,0
017,Other_Partner,Daily_Pass,2026-06-19,Success,25.0,59.0,1.0,0
019,Bioscope,Daily_Pass,2026-06-21,Stuck_at_Number_Screen,1.0,7.0,1.0,1
017,Toffee,Daily_Pass,2026-07-09,Success,5.0,96.0,5.0,0
017,Toffee,Weekly_Pass,2026-06-24,Success,5.0,81.0,5.0,0
018,Other_Partner,WC_Premium,2026-06-15,Success,6.0,115.0,5.0,0
018,Bioscope,Daily_Pass,2026-06-11,Buffer_Timeout,2.0,13.0,1.0,1
019,Bioscope,Weekly_Pass,2026-06-29,Success,5.0,113.0,,0
013,Toffee,WC_Premium,2026-06-23,Success,14.0,99.0,5.0,0
019,Toffee,Daily_Pass,2026-06-24,Success,0.0,85.0,4.0,0
018,Toffee,WC_Premium,2026-06-19,Success,8.0,54.0,4.0,0
017,Bioscope,Daily_Pass,2026-07-02,Success,6.0,92.0,4.0,0
017,Toffee,Daily_Pass,2026-07-01,Buffer_Timeout,0.0,0.0,,0
013,Other_Partner,Weekly_Pass,2026-07-05,Success,14.0,72.0,,0
013,Toffee,Daily_Pass,2026-06-19,Success,9.0,80.0,4.0,0
016,Bioscope,WC_Premium,2026-06-13,Success,3.0,143.0,4.0,0
018,Toffee,Daily_Pass,2026-07-01,Success,1.0,59.0,4.0,0
013,Bioscope,Weekly_Pass,2026-06-24,Success,7.0,99.0,5.0,0
017,Toffee,Weekly_Pass,2026-06-24,OTP_Failed,1.0,9.0,1.0,1
017,Bioscope,Daily_Pass,2026-07-05,Success,2.0,74.0,5.0,0
018,Bioscope,WC_Premium,2026-06-20,Success,11.0,72.0,5.0,0
013,Toffee,Weekly_Pass,2026-06-19,Success,5.0,95.0,5.0,0
018,Bioscope,WC_Premium,2026-06-17,Success,4.0,84.0,4.0,0
017,Bioscope,WC_Premium,2026-06-27,Stuck_at_Number_Screen,0.0,6.0,1.0,1
016,Other_Partner,Daily_Pass,2026-06-22,Success,2.0,72.0,5.0,0
019,Other_Partner,Weekly_Pass,2026-06-19,OTP_Failed,0.0,11.0,2.0,1
017,Other_Partner,Daily_Pass,2026-06-16,Success,7.0,96.0,5.0,0
018,Toffee,Daily_Pass,2026-07-04,Success,7.0,76.0,,0
015,Toffee,Daily_Pass,2026-06-29,Buffer_Timeout,1.0,1.0,1.0,0
017,Other_Partner,WC_Premium,2026-07-07,Success,1.0,107.0,3.0,0
018,Toffee,Weekly_Pass,2026-07-03,Success,16.0,104.0,5.0,0
017,Toffee,Daily_Pass,2026-06-27,Stuck_at_Number_Screen,2.0,6.0,1.0,1
018,Bioscope,Daily_Pass,2026-07-07,Success,6.0,112.0,4.0,0
017,Toffee,Daily_Pass,2026-07-10,Success,0.0,91.0,5.0,0
015,Bioscope,Daily_Pass,2026-06-24,Buffer_Timeout,5.0,0.0,1.0,0
016,Bioscope,Daily_Pass,2026-06-11,OTP_Failed,0.0,9.0,2.0,1
019,Bioscope,Daily_Pass,2026-07-07,Success,5.0,86.0,4.0,0
016,Toffee,Daily_Pass,2026-06-25,OTP_Failed,3.0,0.0,1.0,1
018,Toffee,Weekly_Pass,2026-07-04,Stuck_at_Number_Screen,1.0,1.0,1.0,1
013,Toffee,WC_Premium,2026-06-28,Success,7.0,113.0,,0
019,Toffee,Weekly_Pass,2026-07-10,OTP_Failed,1.0,11.0,1.0,1
015,Toffee,WC_Premium,2026-06-27,Buffer_Timeout,4.0,6.0,1.0,0
018,Toffee,Daily_Pass,2026-07-04,Buffer_Timeout,1.0,7.0,1.0,1
014,Bioscope,WC_Premium,2026-06-26,Success,12.0,84.0,4.0,0
018,Bioscope,Daily_Pass,2026-06-19,Success,2.0,111.0,5.0,0
018,Bioscope,WC_Premium,2026-06-28,Stuck_at_Number_Screen,2.0,6.0,2.0,1
018,Bioscope,WC_Premium,2026-06-21,Success,7.0,98.0,4.0,1
017,Toffee,WC_Premium,2026-06-29,OTP_Failed,2.0,8.0,1.0,1
017,Bioscope,WC_Premium,2026-06-15,Success,2.0,78.0,3.0,0
017,Bioscope,Weekly_Pass,2026-06-12,Stuck_at_Number_Screen,4.0,2.0,1.0,1
018,Toffee,Daily_Pass,2026-06-16,Success,20.0,80.0,5.0,0
013,Bioscope,Weekly_Pass,2026-06-12,Buffer_Timeout,3.0,1.0,1.0,0
013,Toffee,Weekly_Pass,2026-06-14,Success,10.0,83.0,4.0,0
015,Toffee,Daily_Pass,2026-07-07,Success,7.0,124.0,4.0,0
013,Other_Partner,Weekly_Pass,2026-06-18,OTP_Failed,1.0,6.0,1.0,0
018,Other_Partner,Weekly_Pass,2026-06-26,Success,1.0,75.0,4.0,0
017,Bioscope,Daily_Pass,2026-06-25,Success,13.0,105.0,5.0,0
017,Bioscope,Weekly_Pass,2026-06-11,Buffer_Timeout,5.0,4.0,1.0,0
019,Bioscope,Weekly_Pass,2026-07-06,Success,1.0,107.0,,0
018,Other_Partner,Daily_Pass,2026-06-14,Success,1.0,118.0,3.0,0
019,Toffee,Weekly_Pass,2026-06-13,Success,7.0,74.0,5.0,0
017,Bioscope,WC_Premium,2026-06-11,OTP_Failed,4.0,0.0,1.0,1
018,Toffee,WC_Premium,2026-06-14,Success,7.0,97.0,4.0,0
017,Toffee,Weekly_Pass,2026-06-20,Success,2.0,104.0,5.0,0
017,Toffee,Daily_Pass,2026-06-11,Stuck_at_Number_Screen,2.0,6.0,1.0,1
017,Bioscope,Daily_Pass,2026-06-17,Success,1.0,99.0,4.0,0
017,Bioscope,Daily_Pass,2026-06-25,Buffer_Timeout,5.0,3.0,1.0,0
017,Bioscope,Daily_Pass,2026-06-19,Stuck_at_Number_Screen,0.0,10.0,2.0,1
017,Toffee,WC_Premium,2026-06-26,OTP_Failed,0.0,5.0,,1
015,Bioscope,WC_Premium,2026-06-15,Success,1.0,78.0,,0
017,Toffee,WC_Premium,2026-06-30,Success,8.0,70.0,3.0,0
017,Toffee,Daily_Pass,2026-06-11,Success,7.0,107.0,3.0,0
017,Other_Partner,Daily_Pass,2026-06-20,Success,1.0,84.0,,0
018,Toffee,Weekly_Pass,2026-06-27,Success,4.0,70.0,4.0,0
017,Bioscope,Weekly_Pass,2026-07-09,Buffer_Timeout,2.0,2.0,1.0,1
019,Toffee,Weekly_Pass,2026-07-09,Success,14.0,99.0,4.0,0
015,Toffee,Weekly_Pass,2026-07-03,OTP_Failed,3.0,6.0,1.0,1
017,Bioscope,WC_Premium,2026-07-05,Success,5.0,106.0,5.0,0
018,Toffee,WC_Premium,2026-06-29,OTP_Failed,2.0,15.0,1.0,1
017,Toffee,Weekly_Pass,2026-06-27,OTP_Failed,2.0,2.0,2.0,1
018,Toffee,WC_Premium,2026-07-09,Success,17.0,101.0,5.0,0
013,Bioscope,Daily_Pass,2026-07-01,Buffer_Timeout,2.0,11.0,1.0,0
017,Other_Partner,Weekly_Pass,2026-06-25,Buffer_Timeout,3.0,5.0,1.0,0
017,Bioscope,Daily_Pass,2026-07-06,OTP_Failed,4.0,6.0,1.0,1
016,Other_Partner,Daily_Pass,2026-07-06,Stuck_at_Number_Screen,0.0,0.0,1.0,1
013,Bioscope,Daily_Pass,2026-06-13,Success,3.0,100.0,5.0,1
017,Bioscope,Daily_Pass,2026-06-20,Success,1.0,109.0,5.0,0
016,Bioscope,WC_Premium,2026-06-24,Success,4.0,71.0,4.0,0
018,Bioscope,Weekly_Pass,2026-07-10,Stuck_at_Number_Screen,1.0,3.0,1.0,1
019,Toffee,WC_Premium,2026-06-27,Success,1.0,138.0,5.0,0
017,Bioscope,Daily_Pass,2026-06-27,Success,1.0,118.0,4.0,0
019,Toffee,Daily_Pass,2026-06-16,Success,4.0,99.0,,0
016,Toffee,Weekly_Pass,2026-06-23,Buffer_Timeout,1.0,8.0,2.0,0
017,Other_Partner,Daily_Pass,2026-06-17,OTP_Failed,6.0,3.0,2.0,1
016,Toffee,Weekly_Pass,2026-06-19,Success,7.0,133.0,5.0,1
013,Other_Partner,Weekly_Pass,2026-06-26,Buffer_Timeout,2.0,4.0,1.0,0
014,Bioscope,WC_Premium,2026-06-15,Success,3.0,107.0,4.0,0
017,Toffee,Weekly_Pass,2026-06-27,Success,1.0,87.0,4.0,0
018,Bioscope,Weekly_Pass,2026-06-11,Success,4.0,111.0,4.0,0
013,Bioscope,Daily_Pass,2026-06-19,Success,4.0,100.0,,0
015,Toffee,WC_Premium,2026-07-05,Success,1.0,87.0,4.0,0
017,Bioscope,Weekly_Pass,2026-06-28,Success,3.0,101.0,4.0,0
015,Bioscope,Daily_Pass,2026-06-28,Buffer_Timeout,3.0,0.0,1.0,0
014,Toffee,Daily_Pass,2026-06-23,Success,6.0,108.0,4.0,0
017,Toffee,Weekly_Pass,2026-07-08,Success,1.0,64.0,3.0,0
019,Toffee,WC_Premium,2026-06-19,OTP_Failed,0.0,8.0,1.0,1
015,Toffee,Daily_Pass,2026-07-01,OTP_Failed,1.0,8.0,1.0,1
017,Toffee,WC_Premium,2026-06-17,Buffer_Timeout,4.0,9.0,,0
013,Bioscope,Weekly_Pass,2026-06-15,Success,10.0,86.0,5.0,0
018,Toffee,Weekly_Pass,2026-07-04,OTP_Failed,1.0,6.0,2.0,1
017,Bioscope,WC_Premium,2026-06-18,Success,7.0,41.0,3.0,0
017,Toffee,Weekly_Pass,2026-07-03,Success,3.0,67.0,5.0,0
017,Toffee,WC_Premium,2026-06-11,Success,26.0,94.0,1.0,0
017,Bioscope,Weekly_Pass,2026-06-11,Success,9.0,79.0,3.0,0
013,Bioscope,Daily_Pass,2026-07-10,Success,8.0,65.0,,0
017,Bioscope,Weekly_Pass,2026-07-04,OTP_Failed,2.0,6.0,1.0,1
019,Toffee,WC_Premium,2026-07-03,Success,10.0,107.0,5.0,0
016,Bioscope,WC_Premium,2026-07-01,Buffer_Timeout,3.0,6.0,2.0,1
017,Toffee,Daily_Pass,2026-06-23,Buffer_Timeout,0.0,0.0,1.0,0
016,Toffee,Daily_Pass,2026-06-28,Success,12.0,72.0,5.0,0
016,Toffee,Weekly_Pass,2026-06-12,OTP_Failed,0.0,0.0,1.0,1
015,Bioscope,Weekly_Pass,2026-06-19,Success,15.0,116.0,4.0,0
017,Toffee,Daily_Pass,2026-07-03,Success,1.0,66.0,4.0,0
017,Bioscope,Daily_Pass,2026-06-16,Buffer_Timeout,5.0,3.0,,0
014,Bioscope,WC_Premium,2026-07-01,Success,8.0,83.0,5.0,0
014,Other_Partner,WC_Premium,2026-07-05,Success,4.0,72.0,4.0,0
016,Toffee,WC_Premium,2026-06-29,Success,57.0,118.0,1.0,1
019,Toffee,WC_Premium,2026-07-04,OTP_Failed,1.0,4.0,2.0,1
017,Toffee,Daily_Pass,2026-07-02,Success,4.0,63.0,5.0,0
018,Toffee,WC_Premium,2026-06-25,Stuck_at_Number_Screen,1.0,0.0,2.0,1
017,Bioscope,Weekly_Pass,2026-06-19,Success,23.0,81.0,1.0,0
017,Bioscope,WC_Premium,2026-06-24,Buffer_Timeout,1.0,0.0,,0
019,Bioscope,Daily_Pass,2026-06-19,Buffer_Timeout,3.0,4.0,1.0,0
017,Bioscope,Daily_Pass,2026-07-09,Stuck_at_Number_Screen,1.0,15.0,1.0,1
018,Other_Partner,WC_Premium,2026-07-01,Success,14.0,96.0,3.0,0
014,Toffee,WC_Premium,2026-07-03,Success,30.0,130.0,1.0,0
017,Other_Partner,WC_Premium,2026-07-02,Buffer_Timeout,3.0,0.0,1.0,0
015,Toffee,WC_Premium,2026-06-12,OTP_Failed,1.0,0.0,1.0,1
015,Bioscope,Daily_Pass,2026-06-18,Success,13.0,85.0,5.0,0
018,Bioscope,WC_Premium,2026-06-25,Success,10.0,76.0,,0
017,Bioscope,WC_Premium,2026-07-04,Success,28.0,75.0,1.0,0
017,Toffee,WC_Premium,2026-06-22,OTP_Failed,0.0,2.0,,1
013,Bioscope,Weekly_Pass,2026-06-19,Success,8.0,124.0,4.0,0
017,Other_Partner,Daily_Pass,2026-07-06,Success,9.0,115.0,4.0,0
017,Bioscope,Weekly_Pass,2026-06-21,OTP_Failed,2.0,1.0,,0
015,Bioscope,Weekly_Pass,2026-06-27,Success,3.0,89.0,3.0,0
017,Toffee,WC_Premium,2026-06-24,Buffer_Timeout,4.0,2.0,1.0,1
016,Toffee,Weekly_Pass,2026-06-16,OTP_Failed,2.0,0.0,1.0,1
017,Other_Partner,Weekly_Pass,2026-06-30,Success,26.0,62.0,1.0,0
018,Bioscope,WC_Premium,2026-07-02,Buffer_Timeout,5.0,4.0,1.0,0
014,Bioscope,Daily_Pass,2026-06-13,Buffer_Timeout,2.0,2.0,,0
017,Toffee,Daily_Pass,2026-07-05,OTP_Failed,1.0,10.0,2.0,1
017,Toffee,Weekly_Pass,2026-06-23,Success,1.0,76.0,,0
016,Toffee,Daily_Pass,2026-06-26,Success,26.0,87.0,1.0,0
016,Toffee,Daily_Pass,2026-06-22,Stuck_at_Number_Screen,0.0,9.0,1.0,1
016,Toffee,WC_Premium,2026-07-02,OTP_Failed,2.0,12.0,1.0,1
017,Toffee,Weekly_Pass,2026-06-23,Success,8.0,79.0,5.0,0
017,Bioscope,Daily_Pass,2026-07-02,Buffer_Timeout,0.0,11.0,2.0,0
015,Bioscope,Daily_Pass,2026-06-29,Success,0.0,90.0,5.0,0
014,Toffee,Daily_Pass,2026-07-06,Success,6.0,105.0,4.0,0
018,Bioscope,Weekly_Pass,2026-07-09,Buffer_Timeout,2.0,2.0,1.0,0
019,Other_Partner,Daily_Pass,2026-07-08,Success,2.0,80.0,5.0,0
018,Toffee,WC_Premium,2026-07-01,Success,2.0,94.0,5.0,1
013,Bioscope,Weekly_Pass,2026-07-06,Buffer_Timeout,0.0,0.0,1.0,0
017,Other_Partner,Daily_Pass,2026-06-19,Success,19.0,78.0,4.0,0
013,Toffee,Daily_Pass,2026-07-10,OTP_Failed,1.0,4.0,1.0,0
018,Toffee,Weekly_Pass,2026-07-04,OTP_Failed,1.0,5.0,1.0,1
017,Toffee,Daily_Pass,2026-06-20,Success,3.0,102.0,4.0,0
013,Bioscope,Weekly_Pass,2026-06-29,Success,11.0,63.0,4.0,0
019,Toffee,WC_Premium,2026-06-27,OTP_Failed,1.0,3.0,1.0,1
016,Toffee,Daily_Pass,2026-07-09,Success,0.0,73.0,4.0,0
018,Bioscope,Daily_Pass,2026-07-09,Stuck_at_Number_Screen,7.0,9.0,2.0,1
014,Toffee,WC_Premium,2026-07-02,Success,1.0,73.0,4.0,0
017,Other_Partner,Daily_Pass,2026-06-17,Success,5.0,90.0,5.0,0
018,Toffee,Daily_Pass,2026-07-06,Success,14.0,73.0,,0
019,Other_Partner,Daily_Pass,2026-07-05,Success,3.0,122.0,,0
018,Toffee,WC_Premium,2026-07-06,Buffer_Timeout,12.0,8.0,,0
017,Toffee,WC_Premium,2026-07-04,Success,5.0,78.0,,0
017,Toffee,Daily_Pass,2026-06-27,Success,4.0,100.0,,0
019,Other_Partner,Weekly_Pass,2026-07-06,Success,3.0,82.0,,1
018,Toffee,Daily_Pass,2026-06-24,Success,2.0,113.0,4.0,0
019,Bioscope,Weekly_Pass,2026-06-14,Success,4.0,89.0,5.0,0
018,Bioscope,Daily_Pass,2026-06-26,Success,9.0,115.0,3.0,0
016,Bioscope,Daily_Pass,2026-06-30,Stuck_at_Number_Screen,3.0,4.0,1.0,1
019,Toffee,WC_Premium,2026-06-11,OTP_Failed,0.0,9.0,,1
016,Other_Partner,Daily_Pass,2026-06-16,Stuck_at_Number_Screen,4.0,13.0,,1
013,Bioscope,Daily_Pass,2026-06-27,Stuck_at_Number_Screen,3.0,13.0,1.0,1
018,Toffee,WC_Premium,2026-06-28,Success,3.0,107.0,4.0,0
019,Bioscope,WC_Premium,2026-07-08,Stuck_at_Number_Screen,1.0,13.0,1.0,1
013,Other_Partner,Weekly_Pass,2026-06-28,Success,2.0,44.0,5.0,1
013,Other_Partner,WC_Premium,2026-07-01,Success,14.0,104.0,3.0,1
017,Toffee,Weekly_Pass,2026-07-05,Success,10.0,106.0,4.0,0
014,Bioscope,Daily_Pass,2026-06-22,Success,6.0,68.0,,0
017,Toffee,Daily_Pass,2026-06-15,Success,14.0,66.0,4.0,0
018,Toffee,Daily_Pass,2026-06-27,Success,3.0,114.0,4.0,0
013,Toffee,Daily_Pass,2026-06-30,Buffer_Timeout,1.0,2.0,,0
013,Toffee,Weekly_Pass,2026-06-15,Stuck_at_Number_Screen,0.0,9.0,,1
016,Bioscope,Daily_Pass,2026-06-20,Success,14.0,113.0,4.0,0
017,Bioscope,Weekly_Pass,2026-07-06,Success,5.0,103.0,,0
018,Toffee,Daily_Pass,2026-06-14,Success,3.0,102.0,4.0,0
019,Toffee,Daily_Pass,2026-06-21,Success,21.0,96.0,1.0,0
019,Toffee,Weekly_Pass,2026-06-29,OTP_Failed,1.0,11.0,1.0,0
017,Other_Partner,Daily_Pass,2026-06-19,OTP_Failed,1.0,5.0,2.0,1
019,Bioscope,Daily_Pass,2026-06-11,Success,2.0,95.0,5.0,0
016,Toffee,WC_Premium,2026-07-02,Success,1.0,45.0,,0
019,Other_Partner,WC_Premium,2026-07-02,Buffer_Timeout,2.0,3.0,1.0,1
018,Toffee,Weekly_Pass,2026-07-02,Success,6.0,85.0,4.0,0
018,Bioscope,Weekly_Pass,2026-06-23,Success,7.0,98.0,4.0,0
014,Other_Partner,Weekly_Pass,2026-06-25,Success,5.0,104.0,,0
019,Toffee,Daily_Pass,2026-06-15,Success,32.0,86.0,1.0,1
013,Bioscope,Daily_Pass,2026-06-26,Stuck_at_Number_Screen,2.0,3.0,2.0,1
017,Toffee,Weekly_Pass,2026-07-10,OTP_Failed,3.0,4.0,,0
013,Toffee,Daily_Pass,2026-07-06,Success,11.0,66.0,4.0,0
013,Bioscope,Daily_Pass,2026-06-29,Success,3.0,82.0,,0
017,Other_Partner,Daily_Pass,2026-06-19,Stuck_at_Number_Screen,2.0,1.0,2.0,1
017,Toffee,Daily_Pass,2026-07-02,Success,17.0,107.0,4.0,0
019,Other_Partner,WC_Premium,2026-06-29,Success,2.0,101.0,5.0,0
017,Other_Partner,Daily_Pass,2026-06-15,Buffer_Timeout,2.0,2.0,,0
016,Toffee,Daily_Pass,2026-07-07,Stuck_at_Number_Screen,2.0,3.0,1.0,1
017,Toffee,Weekly_Pass,2026-06-20,OTP_Failed,2.0,3.0,2.0,1
017,Bioscope,Weekly_Pass,2026-06-11,OTP_Failed,1.0,3.0,1.0,1
017,Bioscope,Weekly_Pass,2026-07-06,Success,1.0,88.0,4.0,0
017,Toffee,Weekly_Pass,2026-07-05,Buffer_Timeout,6.0,11.0,2.0,1
019,Other_Partner,Weekly_Pass,2026-06-18,Success,6.0,54.0,4.0,0
019,Bioscope,WC_Premium,2026-07-04,Success,2.0,91.0,3.0,0
017,Toffee,Daily_Pass,2026-07-06,Success,11.0,86.0,4.0,0
018,Bioscope,Daily_Pass,2026-07-09,Success,12.0,74.0,,0
018,Toffee,WC_Premium,2026-07-03,Success,18.0,53.0,5.0,0
019,Toffee,Daily_Pass,2026-06-22,Success,0.0,79.0,4.0,0
019,Other_Partner,Daily_Pass,2026-06-16,Success,16.0,72.0,5.0,0
018,Bioscope,Daily_Pass,2026-07-06,Success,4.0,89.0,,0
016,Toffee,Daily_Pass,2026-06-12,Success,4.0,92.0,5.0,0
019,Bioscope,Daily_Pass,2026-07-10,Success,5.0,55.0,,0
017,Bioscope,Daily_Pass,2026-06-17,Success,1.0,61.0,,0
013,Toffee,Daily_Pass,2026-06-13,Success,15.0,92.0,4.0,0
014,Toffee,Daily_Pass,2026-06-15,Success,13.0,87.0,,0
016,Bioscope,Daily_Pass,2026-06-30,Success,0.0,97.0,3.0,1
018,Bioscope,WC_Premium,2026-07-08,Success,3.0,92.0,5.0,0
018,Toffee,WC_Premium,2026-06-27,Success,13.0,69.0,4.0,0
017,Toffee,Weekly_Pass,2026-07-03,Success,3.0,63.0,,0
018,Toffee,WC_Premium,2026-06-11,Buffer_Timeout,4.0,15.0,1.0,0
016,Toffee,Weekly_Pass,2026-06-30,Success,8.0,101.0,,0
013,Bioscope,WC_Premium,2026-07-08,Stuck_at_Number_Screen,1.0,13.0,1.0,1
016,Toffee,Daily_Pass,2026-06-18,OTP_Failed,2.0,0.0,1.0,1
019,Toffee,WC_Premium,2026-06-24,Success,1.0,63.0,4.0,0
017,Bioscope,WC_Premium,2026-06-23,Success,2.0,70.0,4.0,0
018,Toffee,Daily_Pass,2026-06-22,OTP_Failed,2.0,15.0,,1
013,Toffee,Weekly_Pass,2026-07-05,Success,0.0,111.0,4.0,0
016,Other_Partner,WC_Premium,2026-07-05,Success,30.0,105.0,1.0,0
017,Bioscope,Daily_Pass,2026-07-07,Stuck_at_Number_Screen,0.0,9.0,1.0,0
018,Bioscope,Weekly_Pass,2026-07-08,Success,1.0,117.0,4.0,0
019,Toffee,Daily_Pass,2026-07-04,Success,12.0,95.0,4.0,0
013,Toffee,Daily_Pass,2026-06-15,Success,23.0,71.0,1.0,0
014,Bioscope,Daily_Pass,2026-07-02,Success,3.0,70.0,4.0,0
015,Bioscope,Weekly_Pass,2026-06-12,Success,1.0,61.0,5.0,0
017,Toffee,Weekly_Pass,2026-06-19,Success,24.0,131.0,1.0,0
017,Toffee,WC_Premium,2026-06-12,Success,4.0,76.0,4.0,0
015,Other_Partner,Weekly_Pass,2026-06-11,Buffer_Timeout,1.0,1.0,2.0,0
015,Toffee,Daily_Pass,2026-06-15,OTP_Failed,1.0,7.0,1.0,1
017,Toffee,Daily_Pass,2026-07-06,Success,3.0,70.0,4.0,0
017,Toffee,WC_Premium,2026-07-04,Success,15.0,93.0,3.0,0
017,Bioscope,Weekly_Pass,2026-06-29,Success,15.0,129.0,3.0,0
015,Bioscope,WC_Premium,2026-06-16,Stuck_at_Number_Screen,1.0,5.0,2.0,1
017,Bioscope,Daily_Pass,2026-07-09,Success,20.0,38.0,4.0,0
018,Toffee,Weekly_Pass,2026-06-19,Success,2.0,87.0,5.0,0
019,Toffee,Daily_Pass,2026-06-22,Stuck_at_Number_Screen,2.0,1.0,,1
017,Toffee,Daily_Pass,2026-06-18,Success,4.0,104.0,5.0,0
018,Bioscope,WC_Premium,2026-06-16,Success,12.0,98.0,4.0,0
017,Bioscope,Weekly_Pass,2026-06-28,Buffer_Timeout,0.0,12.0,1.0,0
019,Other_Partner,Daily_Pass,2026-06-14,Success,5.0,94.0,5.0,0
017,Toffee,WC_Premium,2026-06-17,OTP_Failed,0.0,7.0,1.0,1
016,Bioscope,Weekly_Pass,2026-07-05,Buffer_Timeout,0.0,3.0,2.0,1
016,Bioscope,Daily_Pass,2026-07-06,Success,34.0,89.0,1.0,1
017,Toffee,WC_Premium,2026-06-12,Stuck_at_Number_Screen,1.0,9.0,1.0,1
017,Toffee,Daily_Pass,2026-06-17,Success,3.0,120.0,4.0,0
013,Bioscope,WC_Premium,2026-06-24,Buffer_Timeout,0.0,8.0,1.0,0
017,Other_Partner,WC_Premium,2026-06-18,Success,14.0,93.0,,0
019,Toffee,Daily_Pass,2026-07-06,Buffer_Timeout,0.0,15.0,1.0,0
019,Other_Partner,Weekly_Pass,2026-06-25,Success,8.0,63.0,4.0,0
018,Bioscope,Daily_Pass,2026-07-09,OTP_Failed,3.0,6.0,1.0,0
018,Toffee,Daily_Pass,2026-07-09,Stuck_at_Number_Screen,1.0,4.0,1.0,1
018,Toffee,WC_Premium,2026-06-17,Success,11.0,56.0,,0
019,Toffee,Daily_Pass,2026-07-01,Success,30.0,71.0,1.0,0
013,Toffee,Daily_Pass,2026-07-01,Success,19.0,95.0,5.0,1
017,Toffee,Weekly_Pass,2026-06-24,Success,0.0,119.0,5.0,0
017,Toffee,Weekly_Pass,2026-07-05,OTP_Failed,0.0,7.0,2.0,0
018,Other_Partner,Weekly_Pass,2026-07-07,Stuck_at_Number_Screen,0.0,3.0,1.0,1
013,Bioscope,WC_Premium,2026-06-11,Success,8.0,95.0,4.0,0
013,Bioscope,Weekly_Pass,2026-06-17,Success,9.0,91.0,4.0,0
017,Toffee,WC_Premium,2026-06-24,OTP_Failed,0.0,1.0,1.0,1
016,Toffee,Daily_Pass,2026-06-12,Success,2.0,82.0,4.0,0
017,Toffee,Weekly_Pass,2026-06-26,OTP_Failed,0.0,5.0,1.0,1
017,Bioscope,Daily_Pass,2026-06-15,Success,13.0,80.0,5.0,0
013,Toffee,WC_Premium,2026-06-16,Success,24.0,78.0,1.0,0
017,Toffee,Weekly_Pass,2026-07-06,OTP_Failed,2.0,3.0,1.0,1
018,Bioscope,WC_Premium,2026-07-09,Success,11.0,94.0,4.0,0
013,Bioscope,WC_Premium,2026-06-30,Success,4.0,83.0,5.0,0
013,Bioscope,WC_Premium,2026-06-30,OTP_Failed,1.0,2.0,1.0,1
018,Toffee,Weekly_Pass,2026-06-15,Success,5.0,68.0,,0
017,Toffee,Weekly_Pass,2026-06-30,OTP_Failed,3.0,5.0,2.0,0
017,Bioscope,Weekly_Pass,2026-07-10,Buffer_Timeout,3.0,0.0,2.0,0
019,Bioscope,Daily_Pass,2026-07-09,OTP_Failed,1.0,4.0,1.0,1
013,Toffee,WC_Premium,2026-06-29,OTP_Failed,1.0,0.0,1.0,1
013,Toffee,WC_Premium,2026-07-06,Success,7.0,70.0,,0
017,Bioscope,WC_Premium,2026-06-19,OTP_Failed,1.0,8.0,1.0,1
018,Other_Partner,Weekly_Pass,2026-06-27,Success,17.0,77.0,4.0,0
018,Bioscope,Daily_Pass,2026-06-16,Success,1.0,87.0,3.0,0
018,Bioscope,Weekly_Pass,2026-06-11,Success,6.0,102.0,4.0,0
016,Bioscope,Daily_Pass,2026-06-23,Success,4.0,80.0,,0
017,Toffee,WC_Premium,2026-07-01,OTP_Failed,1.0,0.0,1.0,1
017,Toffee,WC_Premium,2026-06-24,OTP_Failed,0.0,15.0,,0
019,Bioscope,Daily_Pass,2026-06-29,Success,2.0,89.0,4.0,0
014,Toffee,Weekly_Pass,2026-07-01,Success,14.0,101.0,4.0,0
017,Bioscope,Weekly_Pass,2026-06-24,Success,10.0,73.0,5.0,0
018,Bioscope,Weekly_Pass,2026-06-24,Stuck_at_Number_Screen,1.0,10.0,1.0,1
017,Other_Partner,Weekly_Pass,2026-06-18,Success,13.0,88.0,3.0,0
017,Bioscope,Daily_Pass,2026-06-18,Success,4.0,97.0,5.0,1
017,Toffee,Daily_Pass,2026-07-05,Success,4.0,91.0,5.0,0
017,Toffee,WC_Premium,2026-06-30,Success,16.0,84.0,4.0,0
016,Toffee,Daily_Pass,2026-06-28,Success,4.0,84.0,,0
018,Bioscope,WC_Premium,2026-06-23,Success,5.0,118.0,4.0,0
017,Toffee,Weekly_Pass,2026-07-04,Success,25.0,103.0,1.0,0
017,Other_Partner,WC_Premium,2026-07-04,Buffer_Timeout,11.0,6.0,1.0,1
019,Other_Partner,WC_Premium,2026-06-19,Success,0.0,99.0,5.0,0
017,Bioscope,Weekly_Pass,2026-07-06,Stuck_at_Number_Screen,5.0,6.0,1.0,1
018,Toffee,Weekly_Pass,2026-07-03,OTP_Failed,0.0,8.0,2.0,1
017,Toffee,Weekly_Pass,2026-06-12,Stuck_at_Number_Screen,0.0,5.0,2.0,1
018,Toffee,Daily_Pass,2026-06-23,Success,16.0,80.0,,0
017,Toffee,Daily_Pass,2026-06-18,Success,6.0,119.0,,0
017,Toffee,Weekly_Pass,2026-06-17,OTP_Failed,2.0,3.0,1.0,1
017,Toffee,WC_Premium,2026-06-24,Stuck_at_Number_Screen,6.0,0.0,1.0,1
017,Bioscope,Daily_Pass,2026-07-09,Success,4.0,115.0,4.0,0
013,Toffee,Weekly_Pass,2026-07-09,Success,8.0,122.0,4.0,0
016,Toffee,Weekly_Pass,2026-06-16,Buffer_Timeout,11.0,1.0,1.0,1
017,Bioscope,WC_Premium,2026-07-07,Success,1.0,81.0,4.0,0
017,Other_Partner,Daily_Pass,2026-07-02,Success,1.0,105.0,4.0,0
018,Bioscope,Daily_Pass,2026-06-19,Success,8.0,83.0,4.0,0
018,Toffee,WC_Premium,2026-07-01,Success,16.0,46.0,5.0,0
015,Bioscope,Daily_Pass,2026-07-10,Stuck_at_Number_Screen,2.0,5.0,1.0,1
018,Bioscope,Weekly_Pass,2026-07-04,Success,7.0,93.0,,0
018,Bioscope,Weekly_Pass,2026-07-06,Success,1.0,73.0,4.0,0
018,Toffee,Daily_Pass,2026-06-21,Success,18.0,92.0,5.0,0
014,Bioscope,Weekly_Pass,2026-07-05,Success,13.0,114.0,5.0,0
019,Toffee,WC_Premium,2026-07-08,Success,1.0,113.0,5.0,0
017,Other_Partner,Daily_Pass,2026-07-09,Success,9.0,60.0,5.0,0
017,Toffee,Daily_Pass,2026-07-02,Buffer_Timeout,0.0,2.0,1.0,0
017,Other_Partner,Weekly_Pass,2026-06-23,Success,5.0,72.0,4.0,0
018,Other_Partner,Weekly_Pass,2026-07-08,Success,14.0,121.0,,0
016,Toffee,Weekly_Pass,2026-06-23,Buffer_Timeout,4.0,0.0,2.0,0
018,Other_Partner,WC_Premium,2026-07-02,Success,9.0,74.0,4.0,0
017,Toffee,WC_Premium,2026-06-24,Success,3.0,89.0,4.0,0
016,Toffee,Daily_Pass,2026-06-27,Success,6.0,39.0,5.0,0
019,Toffee,Daily_Pass,2026-07-07,Success,7.0,48.0,4.0,0
017,Other_Partner,Daily_Pass,2026-07-10,OTP_Failed,0.0,10.0,2.0,1
016,Toffee,WC_Premium,2026-07-06,Success,1.0,92.0,4.0,0
013,Bioscope,Daily_Pass,2026-07-08,Buffer_Timeout,2.0,1.0,1.0,0
019,Bioscope,Weekly_Pass,2026-06-25,Buffer_Timeout,0.0,5.0,1.0,1
019,Other_Partner,WC_Premium,2026-06-19,Stuck_at_Number_Screen,1.0,3.0,1.0,1
018,Bioscope,Weekly_Pass,2026-06-19,Success,2.0,72.0,,0
016,Toffee,Daily_Pass,2026-06-30,Success,4.0,107.0,4.0,0
019,Toffee,Weekly_Pass,2026-06-13,Success,16.0,82.0,,0
018,Toffee,Weekly_Pass,2026-06-29,OTP_Failed,1.0,2.0,2.0,0
017,Bioscope,WC_Premium,2026-06-28,Success,0.0,77.0,5.0,0
019,Toffee,Weekly_Pass,2026-06-18,Stuck_at_Number_Screen,0.0,3.0,,0
017,Toffee,Daily_Pass,2026-07-06,Success,12.0,103.0,4.0,0
013,Bioscope,Daily_Pass,2026-06-28,Success,3.0,99.0,4.0,0
019,Toffee,WC_Premium,2026-06-25,Success,2.0,108.0,5.0,0
016,Bioscope,WC_Premium,2026-06-21,Success,20.0,107.0,5.0,0
013,Toffee,Daily_Pass,2026-07-09,Success,7.0,69.0,5.0,0
017,Toffee,Daily_Pass,2026-06-17,Success,0.0,62.0,,0
013,Toffee,Weekly_Pass,2026-07-01,Success,8.0,85.0,5.0,0
017,Toffee,Weekly_Pass,2026-07-02,OTP_Failed,2.0,4.0,1.0,1
017,Bioscope,Daily_Pass,2026-07-04,Success,23.0,68.0,2.0,1
016,Toffee,Weekly_Pass,2026-07-01,Stuck_at_Number_Screen,2.0,6.0,2.0,1
017,Toffee,WC_Premium,2026-06-22,Stuck_at_Number_Screen,1.0,14.0,1.0,1
018,Bioscope,Weekly_Pass,2026-06-14,Success,22.0,134.0,1.0,1
013,Bioscope,Weekly_Pass,2026-06-14,Success,12.0,83.0,5.0,0
015,Bioscope,WC_Premium,2026-06-22,Success,2.0,140.0,5.0,0
013,Other_Partner,Daily_Pass,2026-06-21,Success,0.0,85.0,,0
017,Bioscope,Weekly_Pass,2026-06-18,Stuck_at_Number_Screen,1.0,0.0,1.0,1
017,Toffee,Weekly_Pass,2026-06-14,Buffer_Timeout,2.0,14.0,1.0,1
018,Bioscope,Weekly_Pass,2026-06-20,Success,4.0,55.0,5.0,1
018,Bioscope,WC_Premium,2026-06-22,Buffer_Timeout,1.0,3.0,,0
013,Toffee,Daily_Pass,2026-06-11,OTP_Failed,0.0,7.0,,1
013,Toffee,Daily_Pass,2026-06-15,OTP_Failed,0.0,5.0,1.0,1
017,Toffee,WC_Premium,2026-06-11,Success,2.0,102.0,5.0,0
018,Toffee,Daily_Pass,2026-06-27,Success,9.0,84.0,5.0,0
018,Toffee,Daily_Pass,2026-06-24,Success,8.0,108.0,4.0,0
017,Toffee,Weekly_Pass,2026-06-12,Success,0.0,115.0,4.0,0
017,Bioscope,WC_Premium,2026-06-18,Success,19.0,88.0,,0
017,Other_Partner,Weekly_Pass,2026-07-07,Success,0.0,104.0,,0
017,Bioscope,Weekly_Pass,2026-07-04,OTP_Failed,0.0,7.0,2.0,1
018,Bioscope,Weekly_Pass,2026-07-04,Success,1.0,98.0,,0
017,Toffee,WC_Premium,2026-06-28,Success,21.0,64.0,2.0,0
017,Other_Partner,WC_Premium,2026-06-26,Success,7.0,105.0,,0
017,Bioscope,Daily_Pass,2026-06-29,Success,8.0,102.0,4.0,0
015,Toffee,WC_Premium,2026-06-26,Buffer_Timeout,2.0,6.0,1.0,0
019,Toffee,WC_Premium,2026-07-06,OTP_Failed,1.0,4.0,1.0,1
017,Toffee,Weekly_Pass,2026-06-13,Success,1.0,69.0,4.0,0
017,Toffee,Weekly_Pass,2026-06-14,OTP_Failed,4.0,0.0,2.0,1
017,Toffee,Weekly_Pass,2026-06-12,Success,12.0,108.0,5.0,0
018,Toffee,Weekly_Pass,2026-06-11,Success,18.0,92.0,,0
017,Toffee,WC_Premium,2026-07-03,Buffer_Timeout,4.0,0.0,1.0,0
016,Toffee,Daily_Pass,2026-07-04,OTP_Failed,6.0,7.0,1.0,1
018,Other_Partner,Daily_Pass,2026-06-20,Stuck_at_Number_Screen,2.0,3.0,,1
019,Toffee,Daily_Pass,2026-07-05,Buffer_Timeout,3.0,3.0,1.0,0
017,Toffee,WC_Premium,2026-06-21,Success,3.0,44.0,5.0,0
019,Bioscope,Weekly_Pass,2026-06-14,Success,9.0,94.0,4.0,0
019,Bioscope,Weekly_Pass,2026-07-08,Success,3.0,73.0,5.0,1
017,Toffee,WC_Premium,2026-06-22,OTP_Failed,1.0,10.0,2.0,1
013,Bioscope,WC_Premium,2026-06-27,Stuck_at_Number_Screen,1.0,11.0,2.0,1
017,Toffee,WC_Premium,2026-07-01,OTP_Failed,8.0,4.0,1.0,1
017,Toffee,Daily_Pass,2026-06-15,Success,11.0,112.0,4.0,0
017,Toffee,Weekly_Pass,2026-06-12,OTP_Failed,2.0,0.0,1.0,1
018,Bioscope,WC_Premium,2026-06-23,Stuck_at_Number_Screen,2.0,0.0,2.0,1
013,Toffee,Daily_Pass,2026-07-01,Success,9.0,75.0,5.0,0
014,Bioscope,Daily_Pass,2026-06-23,Success,16.0,74.0,4.0,0
017,Toffee,Weekly_Pass,2026-06-15,OTP_Failed,3.0,0.0,,0
015,Bioscope,WC_Premium,2026-06-19,OTP_Failed,0.0,5.0,1.0,1
017,Toffee,Weekly_Pass,2026-06-30,OTP_Failed,3.0,15.0,1.0,1
019,Toffee,Weekly_Pass,2026-07-07,Success,24.0,111.0,1.0,0
017,Bioscope,Weekly_Pass,2026-06-11,Success,1.0,91.0,3.0,0
017,Bioscope,Daily_Pass,2026-06-25,Stuck_at_Number_Screen,2.0,2.0,1.0,1
019,Toffee,WC_Premium,2026-06-25,Buffer_Timeout,3.0,10.0,2.0,0
017,Bioscope,Daily_Pass,2026-07-03,Buffer_Timeout,2.0,0.0,1.0,0
016,Bioscope,Weekly_Pass,2026-06-23,Success,1.0,92.0,3.0,0
018,Toffee,Daily_Pass,2026-06-15,Stuck_at_Number_Screen,10.0,9.0,1.0,1
018,Other_Partner,Weekly_Pass,2026-06-19,Success,10.0,50.0,4.0,0
018,Bioscope,WC_Premium,2026-06-13,Buffer_Timeout,1.0,9.0,1.0,0
016,Toffee,WC_Premium,2026-06-14,Success,4.0,83.0,4.0,0
017,Toffee,Daily_Pass,2026-07-09,OTP_Failed,3.0,0.0,1.0,0
016,Bioscope,Daily_Pass,2026-06-12,Success,8.0,125.0,4.0,0
019,Toffee,Daily_Pass,2026-06-26,Stuck_at_Number_Screen,0.0,1.0,,1
017,Toffee,Daily_Pass,2026-07-02,OTP_Failed,4.0,14.0,2.0,1
017,Toffee,Weekly_Pass,2026-06-13,Success,3.0,89.0,4.0,1
016,Bioscope,Weekly_Pass,2026-07-02,Success,3.0,74.0,,0
013,Toffee,WC_Premium,2026-06-24,Success,25.0,75.0,,0
013,Bioscope,WC_Premium,2026-06-23,Success,29.0,72.0,1.0,1
017,Toffee,Daily_Pass,2026-06-12,Success,0.0,108.0,3.0,0
018,Toffee,WC_Premium,2026-07-03,Success,13.0,142.0,4.0,0
017,Bioscope,WC_Premium,2026-06-19,Stuck_at_Number_Screen,1.0,4.0,1.0,1
018,Bioscope,Weekly_Pass,2026-06-26,Buffer_Timeout,1.0,4.0,1.0,1
019,Toffee,WC_Premium,2026-06-22,Success,4.0,58.0,4.0,0
017,Toffee,WC_Premium,2026-07-04,Success,8.0,106.0,5.0,0
018,Toffee,Weekly_Pass,2026-06-28,Success,7.0,86.0,,0
015,Bioscope,WC_Premium,2026-06-23,Success,22.0,85.0,,0
016,Toffee,Weekly_Pass,2026-06-12,Stuck_at_Number_Screen,1.0,15.0,,1
019,Bioscope,Weekly_Pass,2026-06-11,Success,13.0,75.0,4.0,0
013,Bioscope,Daily_Pass,2026-06-16,OTP_Failed,2.0,0.0,2.0,0
019,Toffee,WC_Premium,2026-07-01,Success,9.0,119.0,4.0,0
017,Toffee,Daily_Pass,2026-06-25,OTP_Failed,1.0,2.0,1.0,1
017,Toffee,Weekly_Pass,2026-06-24,Buffer_Timeout,6.0,0.0,1.0,0
017,Toffee,Weekly_Pass,2026-06-21,Success,3.0,101.0,3.0,0
013,Bioscope,Weekly_Pass,2026-06-28,Buffer_Timeout,4.0,0.0,1.0,0
019,Bioscope,Weekly_Pass,2026-06-29,Success,5.0,81.0,3.0,0
017,Bioscope,Weekly_Pass,2026-07-05,Success,2.0,69.0,4.0,1
016,Toffee,Daily_Pass,2026-06-18,Buffer_Timeout,1.0,6.0,1.0,0
016,Other_Partner,WC_Premium,2026-07-04,OTP_Failed,4.0,5.0,1.0,1
018,Toffee,Weekly_Pass,2026-06-12,Success,12.0,104.0,4.0,0
013,Toffee,WC_Premium,2026-06-30,Success,4.0,61.0,5.0,0
018,Bioscope,Daily_Pass,2026-07-05,Success,1.0,109.0,,0
017,Bioscope,Weekly_Pass,2026-07-06,Stuck_at_Number_Screen,1.0,7.0,1.0,1
017,Toffee,WC_Premium,2026-06-18,Stuck_at_Number_Screen,2.0,2.0,1.0,1
015,Bioscope,Daily_Pass,2026-06-20,Success,5.0,103.0,4.0,0
017,Bioscope,WC_Premium,2026-06-30,OTP_Failed,2.0,11.0,1.0,1
017,Bioscope,Daily_Pass,2026-07-03,Success,23.0,114.0,1.0,0
019,Toffee,Weekly_Pass,2026-06-18,OTP_Failed,1.0,7.0,1.0,1
017,Bioscope,Weekly_Pass,2026-06-18,Success,9.0,83.0,3.0,0
016,Bioscope,Weekly_Pass,2026-07-10,Success,12.0,80.0,4.0,0
017,Bioscope,Weekly_Pass,2026-06-17,Success,2.0,85.0,3.0,0
013,Bioscope,Daily_Pass,2026-06-16,Success,8.0,80.0,4.0,1
017,Other_Partner,Weekly_Pass,2026-06-12,Success,9.0,87.0,4.0,0
017,Toffee,Daily_Pass,2026-07-04,Success,4.0,70.0,4.0,0
013,Toffee,Weekly_Pass,2026-06-28,Success,4.0,114.0,5.0,0
016,Toffee,Daily_Pass,2026-06-25,Success,23.0,83.0,1.0,1
018,Toffee,Weekly_Pass,2026-06-26,OTP_Failed,4.0,6.0,2.0,0
014,Toffee,Weekly_Pass,2026-06-29,Success,3.0,86.0,,0
017,Bioscope,WC_Premium,2026-06-13,Success,5.0,99.0,3.0,0
018,Toffee,Weekly_Pass,2026-06-23,Buffer_Timeout,0.0,4.0,,0
018,Bioscope,Daily_Pass,2026-06-28,Success,17.0,60.0,,0
014,Bioscope,Weekly_Pass,2026-06-19,Success,21.0,90.0,1.0,0
017,Toffee,Weekly_Pass,2026-07-03,OTP_Failed,3.0,0.0,,1
018,Other_Partner,Daily_Pass,2026-06-19,Success,5.0,100.0,5.0,0
019,Toffee,Weekly_Pass,2026-06-28,OTP_Failed,1.0,12.0,2.0,1
017,Bioscope,Weekly_Pass,2026-06-17,Success,0.0,84.0,4.0,0
019,Bioscope,Daily_Pass,2026-07-02,Success,9.0,113.0,5.0,0
017,Toffee,Daily_Pass,2026-07-09,Stuck_at_Number_Screen,1.0,0.0,,1
016,Toffee,Daily_Pass,2026-06-29,Success,7.0,104.0,,0
014,Toffee,Daily_Pass,2026-06-29,Success,4.0,96.0,4.0,1
016,Bioscope,Daily_Pass,2026-06-25,Success,1.0,141.0,5.0,0
013,Bioscope,Weekly_Pass,2026-06-25,Success,2.0,89.0,,0
017,Toffee,Daily_Pass,2026-06-18,Success,22.0,82.0,1.0,0
014,Bioscope,Daily_Pass,2026-06-24,Success,4.0,112.0,4.0,0
018,Toffee,Daily_Pass,2026-06-26,OTP_Failed,1.0,14.0,1.0,1
017,Toffee,Weekly_Pass,2026-07-09,OTP_Failed,4.0,11.0,1.0,1
016,Other_Partner,WC_Premium,2026-07-04,Success,10.0,102.0,,0
018,Toffee,Weekly_Pass,2026-06-26,OTP_Failed,1.0,5.0,1.0,1
017,Other_Partner,Weekly_Pass,2026-06-28,Stuck_at_Number_Screen,0.0,7.0,1.0,1
017,Bioscope,Weekly_Pass,2026-07-09,Buffer_Timeout,3.0,5.0,1.0,0
017,Other_Partner,Daily_Pass,2026-06-27,Success,18.0,82.0,4.0,0
018,Toffee,Daily_Pass,2026-06-12,Buffer_Timeout,3.0,0.0,,0
018,Toffee,Daily_Pass,2026-06-20,Success,6.0,86.0,5.0,0
018,Toffee,Daily_Pass,2026-06-24,OTP_Failed,0.0,4.0,1.0,1
019,Bioscope,Daily_Pass,2026-07-01,Success,1.0,92.0,4.0,0
019,Bioscope,Weekly_Pass,2026-07-09,Buffer_Timeout,1.0,5.0,1.0,0
018,Toffee,Daily_Pass,2026-06-18,Success,2.0,116.0,5.0,0
017,Bioscope,WC_Premium,2026-06-30,OTP_Failed,2.0,1.0,1.0,1
016,Toffee,WC_Premium,2026-06-16,Success,4.0,90.0,4.0,0
013,Toffee,WC_Premium,2026-06-14,Stuck_at_Number_Screen,0.0,7.0,,1
018,Toffee,Daily_Pass,2026-07-04,Buffer_Timeout,0.0,8.0,1.0,0
018,Toffee,WC_Premium,2026-06-21,Success,10.0,132.0,5.0,0
013,Toffee,WC_Premium,2026-06-30,Success,14.0,83.0,3.0,0
014,Toffee,WC_Premium,2026-06-25,Success,12.0,121.0,5.0,0
017,Bioscope,Weekly_Pass,2026-06-29,Success,1.0,104.0,4.0,0
016,Bioscope,WC_Premium,2026-06-27,Buffer_Timeout,0.0,2.0,1.0,0
017,Toffee,Daily_Pass,2026-06-30,Success,13.0,81.0,5.0,0
014,Bioscope,Daily_Pass,2026-07-04,Success,1.0,90.0,4.0,0
017,Bioscope,Daily_Pass,2026-06-15,OTP_Failed,0.0,4.0,1.0,1
017,Toffee,WC_Premium,2026-07-07,OTP_Failed,4.0,1.0,2.0,1
017,Bioscope,Daily_Pass,2026-07-03,Success,13.0,45.0,,0
013,Bioscope,Daily_Pass,2026-06-24,Success,7.0,97.0,3.0,0
017,Bioscope,WC_Premium,2026-07-02,Success,4.0,128.0,5.0,0
018,Bioscope,Daily_Pass,2026-07-03,Success,16.0,140.0,4.0,0
013,Bioscope,WC_Premium,2026-06-21,Success,2.0,125.0,4.0,0
017,Toffee,WC_Premium,2026-07-03,Success,7.0,75.0,3.0,0
017,Bioscope,Daily_Pass,2026-06-18,Buffer_Timeout,2.0,2.0,,0
019,Toffee,Daily_Pass,2026-07-05,Success,8.0,105.0,4.0,0
016,Bioscope,Weekly_Pass,2026-06-22,Stuck_at_Number_Screen,1.0,0.0,2.0,1
016,Toffee,WC_Premium,2026-06-23,OTP_Failed,2.0,7.0,2.0,1
016,Toffee,WC_Premium,2026-06-29,Success,10.0,84.0,5.0,0
017,Bioscope,Daily_Pass,2026-07-05,OTP_Failed,1.0,1.0,1.0,1
017,Toffee,Daily_Pass,2026-06-11,Success,15.0,51.0,3.0,0
017,Bioscope,Daily_Pass,2026-06-14,Stuck_at_Number_Screen,0.0,4.0,1.0,1
019,Toffee,WC_Premium,2026-06-15,Buffer_Timeout,6.0,4.0,1.0,0
015,Bioscope,Daily_Pass,2026-06-14,Success,1.0,119.0,4.0,0
018,Toffee,Daily_Pass,2026-06-21,OTP_Failed,0.0,9.0,2.0,1
017,Toffee,WC_Premium,2026-07-10,Success,0.0,96.0,4.0,0
017,Toffee,Weekly_Pass,2026-06-23,Success,7.0,116.0,4.0,0
017,Bioscope,Daily_Pass,2026-07-02,Success,7.0,66.0,4.0,0
018,Bioscope,WC_Premium,2026-06-18,OTP_Failed,0.0,5.0,,1
017,Bioscope,Weekly_Pass,2026-06-14,Success,16.0,99.0,4.0,0
014,Other_Partner,Weekly_Pass,2026-06-17,Success,4.0,114.0,5.0,0
013,Bioscope,Weekly_Pass,2026-06-23,Stuck_at_Number_Screen,2.0,13.0,2.0,1
014,Other_Partner,Weekly_Pass,2026-06-17,OTP_Failed,2.0,5.0,1.0,1
019,Toffee,Weekly_Pass,2026-07-04,Stuck_at_Number_Screen,3.0,3.0,2.0,1
019,Toffee,WC_Premium,2026-07-05,Success,5.0,149.0,4.0,0
018,Toffee,Weekly_Pass,2026-06-24,OTP_Failed,2.0,8.0,,0
018,Toffee,Weekly_Pass,2026-07-02,Buffer_Timeout,3.0,7.0,1.0,0
018,Bioscope,Weekly_Pass,2026-06-27,Success,9.0,88.0,5.0,0
018,Bioscope,Weekly_Pass,2026-06-28,Stuck_at_Number_Screen,1.0,5.0,1.0,1
018,Bioscope,Daily_Pass,2026-06-27,Success,25.0,77.0,2.0,1
015,Bioscope,Daily_Pass,2026-07-08,OTP_Failed,1.0,6.0,1.0,1
016,Other_Partner,Weekly_Pass,2026-06-27,OTP_Failed,3.0,5.0,1.0,1
019,Bioscope,Weekly_Pass,2026-07-10,Buffer_Timeout,4.0,4.0,1.0,0
019,Toffee,Weekly_Pass,2026-06-26,Success,19.0,69.0,5.0,0
017,Toffee,WC_Premium,2026-06-16,Stuck_at_Number_Screen,8.0,4.0,1.0,1
017,Toffee,Daily_Pass,2026-06-21,Success,7.0,115.0,3.0,0
018,Toffee,Weekly_Pass,2026-06-11,Success,3.0,139.0,4.0,1
018,Bioscope,Weekly_Pass,2026-06-16,Success,1.0,92.0,4.0,0
019,Bioscope,Daily_Pass,2026-07-02,Success,3.0,78.0,3.0,0
013,Toffee,Daily_Pass,2026-07-10,Success,6.0,63.0,4.0,0
018,Bioscope,Daily_Pass,2026-06-18,Buffer_Timeout,3.0,7.0,1.0,0
018,Bioscope,Daily_Pass,2026-06-22,Success,6.0,93.0,3.0,0
017,Toffee,Daily_Pass,2026-06-13,Success,1.0,78.0,5.0,0
018,Toffee,Weekly_Pass,2026-07-02,Buffer_Timeout,0.0,0.0,1.0,1
019,Bioscope,Weekly_Pass,2026-06-20,Success,3.0,112.0,5.0,0
017,Bioscope,Weekly_Pass,2026-07-05,Success,1.0,135.0,,0
018,Toffee,WC_Premium,2026-06-20,Success,22.0,116.0,1.0,0
018,Toffee,Weekly_Pass,2026-07-08,Success,2.0,66.0,5.0,0
017,Toffee,Daily_Pass,2026-06-18,Success,1.0,72.0,,0
017,Toffee,Daily_Pass,2026-07-09,Success,4.0,81.0,4.0,0
015,Bioscope,Daily_Pass,2026-06-16,OTP_Failed,9.0,12.0,1.0,1
013,Toffee,WC_Premium,2026-06-14,OTP_Failed,0.0,2.0,1.0,1
017,Toffee,WC_Premium,2026-06-19,Stuck_at_Number_Screen,1.0,0.0,2.0,1
017,Toffee,Daily_Pass,2026-06-25,Success,17.0,65.0,4.0,0
016,Bioscope,Weekly_Pass,2026-06-26,Success,0.0,112.0,4.0,0
018,Toffee,WC_Premium,2026-07-03,OTP_Failed,2.0,10.0,1.0,1
018,Toffee,WC_Premium,2026-06-12,Success,12.0,83.0,4.0,0
017,Bioscope,Weekly_Pass,2026-06-14,Stuck_at_Number_Screen,4.0,0.0,,0
019,Toffee,Daily_Pass,2026-06-12,Success,11.0,61.0,4.0,0
013,Toffee,Daily_Pass,2026-06-18,Buffer_Timeout,0.0,0.0,1.0,0
017,Toffee,WC_Premium,2026-07-04,Success,16.0,79.0,,0
018,Bioscope,WC_Premium,2026-06-21,Success,12.0,107.0,,0
013,Other_Partner,Weekly_Pass,2026-07-03,Success,20.0,121.0,4.0,0
019,Toffee,Daily_Pass,2026-06-16,Success,2.0,81.0,5.0,0
014,Toffee,WC_Premium,2026-06-20,OTP_Failed,3.0,12.0,1.0,1
017,Toffee,WC_Premium,2026-07-03,Buffer_Timeout,1.0,9.0,1.0,1
019,Bioscope,Daily_Pass,2026-06-14,Success,1.0,76.0,5.0,0
019,Bioscope,Daily_Pass,2026-06-13,Success,4.0,73.0,3.0,0
014,Bioscope,Weekly_Pass,2026-06-22,Success,2.0,72.0,4.0,0
017,Bioscope,Daily_Pass,2026-07-09,Success,16.0,79.0,4.0,0
018,Other_Partner,Daily_Pass,2026-06-11,Success,1.0,63.0,5.0,0
017,Bioscope,Daily_Pass,2026-06-24,Stuck_at_Number_Screen,4.0,8.0,,1
019,Bioscope,WC_Premium,2026-07-08,Stuck_at_Number_Screen,1.0,0.0,,1
017,Toffee,WC_Premium,2026-06-21,OTP_Failed,1.0,11.0,2.0,1
018,Toffee,Daily_Pass,2026-07-10,OTP_Failed,4.0,2.0,2.0,1
017,Bioscope,WC_Premium,2026-06-18,Stuck_at_Number_Screen,2.0,15.0,1.0,1
017,Bioscope,Weekly_Pass,2026-06-23,Success,1.0,61.0,5.0,0
018,Bioscope,Daily_Pass,2026-06-12,Success,9.0,65.0,4.0,0
019,Toffee,WC_Premium,2026-07-08,Success,22.0,76.0,2.0,1
018,Bioscope,Weekly_Pass,2026-06-16,Success,6.0,89.0,4.0,0
019,Toffee,WC_Premium,2026-07-04,Success,4.0,90.0,5.0,0
017,Bioscope,Weekly_Pass,2026-06-24,Success,7.0,77.0,4.0,0
018,Toffee,Weekly_Pass,2026-06-14,Success,3.0,83.0,5.0,0
018,Toffee,Daily_Pass,2026-06-12,OTP_Failed,3.0,8.0,1.0,1
017,Toffee,Daily_Pass,2026-06-13,OTP_Failed,1.0,0.0,2.0,0
018,Bioscope,Weekly_Pass,2026-07-06,Success,7.0,93.0,3.0,0
016,Toffee,WC_Premium,2026-07-09,OTP_Failed,0.0,0.0,1.0,1
018,Toffee,Weekly_Pass,2026-07-03,OTP_Failed,0.0,15.0,1.0,1
016,Toffee,Daily_Pass,2026-06-30,Success,5.0,66.0,3.0,0
018,Bioscope,Daily_Pass,2026-06-28,Buffer_Timeout,1.0,9.0,1.0,0
017,Toffee,WC_Premium,2026-06-17,Success,4.0,83.0,4.0,0
017,Other_Partner,Daily_Pass,2026-07-08,OTP_Failed,5.0,4.0,,1
018,Bioscope,Daily_Pass,2026-06-14,Buffer_Timeout,2.0,7.0,2.0,0
017,Toffee,WC_Premium,2026-07-10,OTP_Failed,0.0,4.0,1.0,1
017,Bioscope,WC_Premium,2026-06-25,OTP_Failed,1.0,5.0,2.0,1
013,Toffee,WC_Premium,2026-07-03,Buffer_Timeout,0.0,8.0,1.0,0
018,Bioscope,Daily_Pass,2026-06-22,Success,5.0,107.0,,0
017,Toffee,Daily_Pass,2026-06-18,Success,7.0,68.0,4.0,0
016,Other_Partner,WC_Premium,2026-07-02,Success,1.0,97.0,4.0,0
018,Bioscope,WC_Premium,2026-06-18,Buffer_Timeout,1.0,6.0,1.0,1
017,Bioscope,WC_Premium,2026-06-17,OTP_Failed,0.0,10.0,1.0,0
019,Toffee,Weekly_Pass,2026-06-28,Buffer_Timeout,1.0,12.0,2.0,0
018,Toffee,WC_Premium,2026-06-28,Success,5.0,29.0,3.0,0
018,Bioscope,Daily_Pass,2026-07-10,Stuck_at_Number_Screen,2.0,11.0,1.0,0
018,Bioscope,Daily_Pass,2026-06-16,Buffer_Timeout,4.0,5.0,,0
017,Toffee,Daily_Pass,2026-07-05,Success,23.0,63.0,,1
016,Toffee,WC_Premium,2026-06-26,Buffer_Timeout,1.0,0.0,,0
013,Toffee,Daily_Pass,2026-06-25,Success,14.0,91.0,4.0,0
014,Bioscope,Daily_Pass,2026-07-06,Buffer_Timeout,1.0,6.0,1.0,0
019,Toffee,WC_Premium,2026-06-16,Buffer_Timeout,0.0,6.0,,0
018,Toffee,Daily_Pass,2026-06-23,Success,12.0,91.0,4.0,1
017,Toffee,Daily_Pass,2026-07-07,Success,12.0,83.0,5.0,0
017,Toffee,WC_Premium,2026-06-19,Success,11.0,100.0,5.0,0
017,Toffee,WC_Premium,2026-06-22,Success,13.0,86.0,4.0,0
018,Other_Partner,Weekly_Pass,2026-06-26,Success,2.0,92.0,4.0,0
017,Toffee,WC_Premium,2026-07-06,Success,7.0,71.0,5.0,0
018,Other_Partner,Daily_Pass,2026-06-17,Success,19.0,94.0,4.0,0
017,Toffee,WC_Premium,2026-06-18,Success,5.0,96.0,4.0,1
015,Toffee,WC_Premium,2026-07-07,Buffer_Timeout,1.0,4.0,1.0,1
017,Toffee,Daily_Pass,2026-07-07,Success,2.0,91.0,5.0,0
014,Bioscope,WC_Premium,2026-06-29,OTP_Failed,6.0,2.0,1.0,0
014,Bioscope,Daily_Pass,2026-06-30,Success,7.0,100.0,,0
018,Toffee,Daily_Pass,2026-07-10,OTP_Failed,1.0,0.0,2.0,1
016,Toffee,WC_Premium,2026-06-11,Buffer_Timeout,3.0,3.0,1.0,0
013,Other_Partner,Daily_Pass,2026-06-21,Success,2.0,97.0,4.0,0
018,Other_Partner,Daily_Pass,2026-06-19,Success,2.0,117.0,,0
017,Toffee,Daily_Pass,2026-07-09,OTP_Failed,0.0,12.0,2.0,1
017,Bioscope,Daily_Pass,2026-06-23,Success,3.0,93.0,5.0,0
018,Toffee,WC_Premium,2026-06-13,Success,3.0,127.0,4.0,0
018,Toffee,WC_Premium,2026-07-10,Success,2.0,107.0,,0
018,Toffee,Weekly_Pass,2026-07-07,Success,13.0,77.0,4.0,0
017,Toffee,Weekly_Pass,2026-07-09,OTP_Failed,2.0,7.0,2.0,1
013,Bioscope,Weekly_Pass,2026-06-27,Buffer_Timeout,0.0,2.0,1.0,0
017,Toffee,Daily_Pass,2026-06-19,OTP_Failed,0.0,0.0,,0
017,Bioscope,Daily_Pass,2026-07-05,Success,5.0,99.0,4.0,0
017,Bioscope,Daily_Pass,2026-06-28,Success,6.0,96.0,,0
017,Toffee,Weekly_Pass,2026-06-26,Buffer_Timeout,1.0,6.0,1.0,1
017,Toffee,Weekly_Pass,2026-06-17,Buffer_Timeout,2.0,5.0,2.0,0
019,Bioscope,WC_Premium,2026-07-09,Success,3.0,92.0,,0
017,Toffee,WC_Premium,2026-07-06,Buffer_Timeout,1.0,8.0,1.0,0
016,Toffee,WC_Premium,2026-06-28,Buffer_Timeout,1.0,0.0,1.0,0
017,Toffee,Daily_Pass,2026-06-25,Success,7.0,93.0,,0
019,Toffee,WC_Premium,2026-06-15,OTP_Failed,1.0,0.0,1.0,0
018,Bioscope,WC_Premium,2026-06-12,Success,3.0,90.0,5.0,0
017,Bioscope,WC_Premium,2026-06-17,Success,1.0,84.0,5.0,0
018,Toffee,Daily_Pass,2026-06-25,Success,6.0,126.0,5.0,0
013,Bioscope,Weekly_Pass,2026-06-28,Success,8.0,106.0,4.0,0
018,Other_Partner,Weekly_Pass,2026-06-16,Buffer_Timeout,0.0,0.0,1.0,1
017,Toffee,Daily_Pass,2026-06-18,Stuck_at_Number_Screen,0.0,6.0,1.0,1
015,Toffee,WC_Premium,2026-06-22,Success,10.0,101.0,4.0,0
013,Other_Partner,Daily_Pass,2026-07-01,Success,5.0,102.0,4.0,0
017,Other_Partner,Daily_Pass,2026-07-07,Success,1.0,65.0,4.0,0
016,Toffee,Weekly_Pass,2026-06-13,Success,3.0,97.0,4.0,0
013,Toffee,Daily_Pass,2026-07-05,OTP_Failed,3.0,6.0,1.0,1
019,Toffee,WC_Premium,2026-07-05,Success,18.0,115.0,,0
018,Toffee,Weekly_Pass,2026-06-17,Success,15.0,50.0,5.0,0
016,Bioscope,Weekly_Pass,2026-06-29,Success,2.0,108.0,,0
017,Toffee,Weekly_Pass,2026-06-27,OTP_Failed,2.0,10.0,1.0,0
019,Toffee,Daily_Pass,2026-07-06,OTP_Failed,1.0,6.0,1.0,0
016,Toffee,WC_Premium,2026-06-25,Success,11.0,126.0,4.0,0
017,Other_Partner,WC_Premium,2026-07-10,Success,3.0,106.0,4.0,0
017,Toffee,Weekly_Pass,2026-06-21,OTP_Failed,2.0,4.0,,1
017,Toffee,WC_Premium,2026-06-13,Success,12.0,89.0,4.0,0
015,Other_Partner,Weekly_Pass,2026-06-16,Buffer_Timeout,1.0,0.0,2.0,1
017,Bioscope,Weekly_Pass,2026-07-05,Success,8.0,94.0,5.0,0
018,Toffee,WC_Premium,2026-06-27,Buffer_Timeout,5.0,10.0,1.0,1
017,Toffee,Weekly_Pass,2026-07-03,Success,3.0,57.0,,0
013,Toffee,Weekly_Pass,2026-06-20,Success,8.0,85.0,4.0,0
018,Bioscope,Daily_Pass,2026-07-10,Success,3.0,114.0,4.0,0
015,Toffee,WC_Premium,2026-06-20,Success,4.0,91.0,5.0,0
018,Toffee,WC_Premium,2026-07-08,Buffer_Timeout,7.0,1.0,1.0,0
019,Toffee,Weekly_Pass,2026-06-13,Success,1.0,120.0,4.0,0
018,Toffee,Daily_Pass,2026-07-03,OTP_Failed,3.0,8.0,1.0,1
017,Bioscope,Weekly_Pass,2026-06-28,Stuck_at_Number_Screen,4.0,6.0,,1
017,Toffee,WC_Premium,2026-06-26,Success,5.0,78.0,,1
018,Toffee,Daily_Pass,2026-06-20,Buffer_Timeout,4.0,4.0,,0
015,Other_Partner,WC_Premium,2026-07-06,Success,10.0,61.0,5.0,0
019,Bioscope,WC_Premium,2026-07-06,Buffer_Timeout,4.0,13.0,1.0,0
017,Toffee,Weekly_Pass,2026-06-29,OTP_Failed,0.0,9.0,1.0,1
017,Bioscope,Daily_Pass,2026-06-27,OTP_Failed,1.0,7.0,2.0,1
017,Toffee,Weekly_Pass,2026-06-19,Success,4.0,99.0,,0
014,Bioscope,Daily_Pass,2026-07-09,Stuck_at_Number_Screen,0.0,7.0,1.0,1
019,Bioscope,Weekly_Pass,2026-07-05,Success,0.0,112.0,4.0,0
019,Bioscope,Daily_Pass,2026-07-05,Success,17.0,77.0,4.0,1
013,Bioscope,Weekly_Pass,2026-06-23,Success,17.0,82.0,4.0,0
018,Toffee,Daily_Pass,2026-07-08,Success,32.0,85.0,,0
018,Bioscope,WC_Premium,2026-06-30,Success,15.0,87.0,5.0,0
017,Toffee,WC_Premium,2026-06-16,Buffer_Timeout,3.0,9.0,,0
018,Toffee,WC_Premium,2026-07-10,OTP_Failed,2.0,1.0,,1
017,Other_Partner,Daily_Pass,2026-06-23,Success,0.0,82.0,4.0,0
017,Bioscope,Daily_Pass,2026-06-23,Buffer_Timeout,2.0,3.0,1.0,1
019,Other_Partner,Weekly_Pass,2026-07-07,OTP_Failed,2.0,5.0,1.0,1
019,Toffee,Daily_Pass,2026-07-03,Success,7.0,61.0,4.0,0
013,Toffee,Daily_Pass,2026-07-03,OTP_Failed,1.0,2.0,2.0,1
018,Toffee,Weekly_Pass,2026-06-15,Buffer_Timeout,4.0,0.0,1.0,0
013,Bioscope,Weekly_Pass,2026-06-26,Success,8.0,77.0,4.0,0
016,Toffee,Daily_Pass,2026-06-21,OTP_Failed,0.0,4.0,1.0,1
019,Toffee,Weekly_Pass,2026-06-30,OTP_Failed,0.0,0.0,1.0,1
019,Toffee,Weekly_Pass,2026-06-21,Success,24.0,66.0,,0
016,Bioscope,Daily_Pass,2026-06-27,Buffer_Timeout,2.0,0.0,2.0,1
017,Toffee,WC_Premium,2026-07-05,Success,5.0,93.0,4.0,0
017,Bioscope,Daily_Pass,2026-06-23,Success,9.0,82.0,5.0,0
018,Toffee,Daily_Pass,2026-06-14,Buffer_Timeout,0.0,0.0,1.0,1
017,Toffee,Daily_Pass,2026-06-24,OTP_Failed,1.0,12.0,,0
019,Toffee,Daily_Pass,2026-06-23,Success,6.0,93.0,4.0,0
017,Other_Partner,WC_Premium,2026-06-30,Success,6.0,120.0,,0
017,Toffee,Daily_Pass,2026-06-13,Buffer_Timeout,9.0,8.0,1.0,1
013,Toffee,WC_Premium,2026-07-05,Success,0.0,101.0,5.0,0
015,Bioscope,Weekly_Pass,2026-06-12,Success,1.0,74.0,4.0,0
017,Toffee,Weekly_Pass,2026-06-28,Success,0.0,109.0,5.0,0
018,Bioscope,WC_Premium,2026-07-07,Buffer_Timeout,1.0,9.0,1.0,1
013,Toffee,WC_Premium,2026-06-28,OTP_Failed,3.0,0.0,1.0,1
017,Toffee,Daily_Pass,2026-06-14,OTP_Failed,2.0,0.0,1.0,1
018,Toffee,WC_Premium,2026-06-29,OTP_Failed,2.0,10.0,1.0,1
016,Toffee,Weekly_Pass,2026-06-20,Buffer_Timeout,2.0,0.0,2.0,1
018,Bioscope,Daily_Pass,2026-07-06,Buffer_Timeout,5.0,2.0,,0
019,Bioscope,Weekly_Pass,2026-06-11,Stuck_at_Number_Screen,0.0,6.0,1.0,1
017,Bioscope,WC_Premium,2026-06-14,Stuck_at_Number_Screen,2.0,0.0,1.0,1
017,Other_Partner,Daily_Pass,2026-06-12,Success,26.0,78.0,1.0,0
014,Toffee,WC_Premium,2026-07-10,Success,1.0,125.0,5.0,0
013,Toffee,Daily_Pass,2026-06-19,Stuck_at_Number_Screen,1.0,0.0,2.0,1
018,Bioscope,Daily_Pass,2026-06-19,Stuck_at_Number_Screen,0.0,13.0,1.0,1
019,Bioscope,WC_Premium,2026-06-12,Buffer_Timeout,2.0,6.0,2.0,0
017,Toffee,Weekly_Pass,2026-07-04,Success,19.0,72.0,5.0,0
016,Bioscope,Daily_Pass,2026-07-09,OTP_Failed,3.0,11.0,2.0,0
017,Toffee,Weekly_Pass,2026-07-02,OTP_Failed,2.0,8.0,1.0,1
017,Bioscope,WC_Premium,2026-07-10,Stuck_at_Number_Screen,2.0,1.0,1.0,1
017,Bioscope,Weekly_Pass,2026-06-20,Success,12.0,89.0,5.0,0
019,Bioscope,Daily_Pass,2026-06-18,Stuck_at_Number_Screen,2.0,3.0,1.0,1
017,Toffee,Weekly_Pass,2026-06-18,Success,15.0,125.0,,0
016,Bioscope,WC_Premium,2026-07-05,OTP_Failed,4.0,8.0,,1
014,Bioscope,Weekly_Pass,2026-06-27,OTP_Failed,1.0,0.0,1.0,1
018,Toffee,WC_Premium,2026-06-12,Success,6.0,81.0,4.0,0
018,Toffee,WC_Premium,2026-07-09,OTP_Failed,1.0,6.0,2.0,1
018,Other_Partner,Daily_Pass,2026-06-29,Buffer_Timeout,3.0,1.0,1.0,0
017,Toffee,Weekly_Pass,2026-07-01,Success,18.0,85.0,4.0,1
018,Toffee,Daily_Pass,2026-06-18,OTP_Failed,0.0,4.0,1.0,1
018,Toffee,Daily_Pass,2026-07-04,Success,0.0,90.0,,0
015,Bioscope,Daily_Pass,2026-06-26,Stuck_at_Number_Screen,0.0,9.0,1.0,1
014,Other_Partner,WC_Premium,2026-07-09,Success,20.0,83.0,5.0,0
019,Bioscope,Daily_Pass,2026-06-23,Success,13.0,90.0,,0
019,Toffee,Daily_Pass,2026-07-04,OTP_Failed,1.0,9.0,2.0,1
018,Bioscope,Daily_Pass,2026-06-25,Success,15.0,90.0,5.0,0
016,Bioscope,Daily_Pass,2026-06-16,Success,3.0,97.0,,0
019,Bioscope,Weekly_Pass,2026-06-28,Buffer_Timeout,2.0,12.0,2.0,0
013,Toffee,WC_Premium,2026-06-21,OTP_Failed,2.0,8.0,2.0,1
015,Bioscope,Daily_Pass,2026-06-23,OTP_Failed,0.0,0.0,1.0,1
013,Toffee,Daily_Pass,2026-06-15,OTP_Failed,0.0,0.0,2.0,1
018,Toffee,WC_Premium,2026-06-22,Stuck_at_Number_Screen,1.0,0.0,1.0,1
016,Bioscope,Weekly_Pass,2026-06-23,Success,0.0,57.0,,0
015,Other_Partner,WC_Premium,2026-06-26,Success,35.0,101.0,2.0,1
017,Toffee,Daily_Pass,2026-06-30,Success,9.0,110.0,,0
016,Other_Partner,WC_Premium,2026-06-13,Success,1.0,108.0,4.0,1
018,Toffee,Weekly_Pass,2026-06-15,Success,43.0,80.0,1.0,0
017,Bioscope,Weekly_Pass,2026-06-17,OTP_Failed,2.0,0.0,1.0,1
019,Toffee,Daily_Pass,2026-06-19,Success,20.0,75.0,4.0,0
018,Toffee,Daily_Pass,2026-06-20,OTP_Failed,0.0,0.0,1.0,1
016,Bioscope,WC_Premium,2026-06-27,Stuck_at_Number_Screen,5.0,0.0,1.0,1
017,Bioscope,Daily_Pass,2026-07-10,Success,12.0,61.0,,0
018,Bioscope,Daily_Pass,2026-06-24,Success,2.0,56.0,5.0,0
018,Bioscope,Weekly_Pass,2026-06-24,Stuck_at_Number_Screen,1.0,9.0,,1
013,Bioscope,Weekly_Pass,2026-06-25,Stuck_at_Number_Screen,4.0,0.0,,1
017,Other_Partner,Weekly_Pass,2026-07-09,Stuck_at_Number_Screen,1.0,1.0,,0
015,Toffee,Weekly_Pass,2026-06-15,Success,7.0,88.0,4.0,0
018,Toffee,Weekly_Pass,2026-06-14,Buffer_Timeout,6.0,3.0,2.0,1
016,Toffee,Weekly_Pass,2026-07-07,OTP_Failed,1.0,0.0,2.0,1
013,Toffee,WC_Premium,2026-06-11,Success,0.0,81.0,5.0,0
013,Bioscope,Weekly_Pass,2026-06-26,Success,5.0,80.0,4.0,0
013,Toffee,Weekly_Pass,2026-06-17,OTP_Failed,3.0,1.0,1.0,1
013,Toffee,Daily_Pass,2026-06-23,Success,5.0,100.0,,0
018,Toffee,WC_Premium,2026-06-28,Buffer_Timeout,5.0,4.0,1.0,0
018,Bioscope,Daily_Pass,2026-07-06,Stuck_at_Number_Screen,6.0,10.0,,1
018,Toffee,Weekly_Pass,2026-07-07,Success,9.0,33.0,4.0,0
017,Toffee,Daily_Pass,2026-07-03,Buffer_Timeout,1.0,7.0,,0
018,Bioscope,Weekly_Pass,2026-06-17,Success,3.0,68.0,4.0,0
017,Bioscope,Daily_Pass,2026-06-16,Success,3.0,100.0,3.0,0
017,Toffee,WC_Premium,2026-06-19,OTP_Failed,0.0,10.0,1.0,1
014,Bioscope,Daily_Pass,2026-06-26,OTP_Failed,0.0,0.0,2.0,1
018,Toffee,Weekly_Pass,2026-07-03,Success,1.0,94.0,5.0,0
016,Other_Partner,WC_Premium,2026-06-18,Success,2.0,73.0,4.0,0
013,Toffee,Daily_Pass,2026-06-14,Success,17.0,125.0,4.0,0
014,Other_Partner,Daily_Pass,2026-06-30,Success,3.0,87.0,5.0,0
018,Other_Partner,Weekly_Pass,2026-07-03,Success,6.0,116.0,5.0,0
019,Bioscope,WC_Premium,2026-06-26,OTP_Failed,3.0,13.0,1.0,1
013,Toffee,Daily_Pass,2026-06-24,OTP_Failed,0.0,9.0,1.0,1
015,Bioscope,Daily_Pass,2026-06-14,Success,21.0,78.0,,0
019,Toffee,Weekly_Pass,2026-06-24,OTP_Failed,0.0,2.0,,1
019,Bioscope,Daily_Pass,2026-06-14,Success,15.0,88.0,,0
017,Bioscope,Weekly_Pass,2026-06-12,Success,9.0,102.0,4.0,0
017,Other_Partner,WC_Premium,2026-06-28,Success,6.0,99.0,5.0,0
017,Bioscope,Daily_Pass,2026-07-01,Success,10.0,119.0,4.0,0
017,Bioscope,WC_Premium,2026-07-09,Success,6.0,83.0,4.0,1
019,Bioscope,Weekly_Pass,2026-07-03,Success,3.0,86.0,,0
017,Toffee,WC_Premium,2026-07-02,Success,3.0,78.0,5.0,0
017,Toffee,WC_Premium,2026-06-27,Success,5.0,76.0,,1
017,Bioscope,Weekly_Pass,2026-07-05,Success,8.0,86.0,4.0,0
017,Other_Partner,Weekly_Pass,2026-06-21,Success,4.0,94.0,4.0,0
017,Bioscope,WC_Premium,2026-07-10,Success,13.0,99.0,4.0,0
019,Bioscope,Daily_Pass,2026-06-28,Success,15.0,116.0,4.0,0
018,Bioscope,Daily_Pass,2026-06-29,Success,1.0,120.0,4.0,0
017,Bioscope,WC_Premium,2026-06-30,Stuck_at_Number_Screen,0.0,12.0,1.0,1
013,Toffee,Weekly_Pass,2026-07-03,Success,2.0,129.0,4.0,0
013,Bioscope,Daily_Pass,2026-07-09,OTP_Failed,1.0,4.0,1.0,0
017,Toffee,WC_Premium,2026-07-09,Success,6.0,70.0,4.0,0
016,Toffee,Weekly_Pass,2026-07-07,Success,6.0,104.0,5.0,0
016,Toffee,Daily_Pass,2026-07-03,Success,2.0,86.0,4.0,0
016,Other_Partner,Daily_Pass,2026-07-07,Success,2.0,105.0,5.0,0
016,Toffee,Daily_Pass,2026-06-28,Success,11.0,69.0,5.0,0
017,Bioscope,WC_Premium,2026-07-08,Success,7.0,71.0,,0
015,Bioscope,WC_Premium,2026-07-02,Success,5.0,111.0,,0
019,Bioscope,Daily_Pass,2026-06-19,Stuck_at_Number_Screen,5.0,12.0,1.0,1
014,Bioscope,WC_Premium,2026-07-05,Success,4.0,79.0,4.0,0
017,Bioscope,Weekly_Pass,2026-06-29,Success,3.0,102.0,4.0,0
014,Toffee,Weekly_Pass,2026-06-29,Stuck_at_Number_Screen,2.0,1.0,2.0,1
019,Toffee,Daily_Pass,2026-06-18,Success,3.0,115.0,5.0,0
019,Other_Partner,Weekly_Pass,2026-07-07,Success,2.0,98.0,4.0,0
017,Toffee,Daily_Pass,2026-06-27,Success,4.0,98.0,4.0,0
016,Bioscope,Daily_Pass,2026-06-15,Success,4.0,100.0,4.0,0
015,Bioscope,Daily_Pass,2026-06-15,Success,24.0,108.0,2.0,0
016,Toffee,Daily_Pass,2026-07-03,Buffer_Timeout,0.0,0.0,,0
018,Other_Partner,WC_Premium,2026-06-19,Stuck_at_Number_Screen,2.0,2.0,1.0,1
014,Bioscope,WC_Premium,2026-07-09,Success,13.0,71.0,,0
013,Toffee,WC_Premium,2026-06-12,Success,13.0,61.0,5.0,0
018,Other_Partner,Daily_Pass,2026-06-18,Success,9.0,113.0,5.0,0
018,Bioscope,Weekly_Pass,2026-07-02,Success,9.0,47.0,5.0,0
014,Toffee,Weekly_Pass,2026-07-07,OTP_Failed,4.0,11.0,,1
017,Bioscope,Daily_Pass,2026-07-10,Success,15.0,92.0,5.0,0
018,Toffee,Daily_Pass,2026-07-08,Success,1.0,72.0,4.0,0
016,Bioscope,Weekly_Pass,2026-06-22,Success,14.0,73.0,5.0,0
019,Toffee,Daily_Pass,2026-06-15,Buffer_Timeout,1.0,9.0,,0
018,Bioscope,WC_Premium,2026-06-27,Success,4.0,83.0,4.0,0
014,Bioscope,Weekly_Pass,2026-07-10,Buffer_Timeout,3.0,1.0,1.0,0
014,Bioscope,Daily_Pass,2026-06-12,OTP_Failed,0.0,9.0,2.0,1
017,Bioscope,Weekly_Pass,2026-07-10,Success,15.0,57.0,4.0,0
013,Toffee,Daily_Pass,2026-06-22,Success,6.0,93.0,3.0,0
017,Bioscope,Daily_Pass,2026-07-08,Success,6.0,93.0,4.0,0
017,Bioscope,Daily_Pass,2026-06-15,Success,9.0,105.0,4.0,0
018,Bioscope,WC_Premium,2026-06-18,OTP_Failed,1.0,13.0,1.0,1
014,Toffee,Daily_Pass,2026-07-05,OTP_Failed,0.0,6.0,,1
019,Bioscope,Weekly_Pass,2026-06-22,Success,3.0,80.0,3.0,0
017,Other_Partner,Daily_Pass,2026-07-03,Success,1.0,81.0,,0
017,Bioscope,Daily_Pass,2026-06-12,Stuck_at_Number_Screen,4.0,9.0,1.0,1
018,Other_Partner,Daily_Pass,2026-06-29,Buffer_Timeout,8.0,0.0,1.0,0
018,Toffee,Weekly_Pass,2026-07-05,Buffer_Timeout,1.0,6.0,1.0,0
017,Bioscope,Weekly_Pass,2026-07-10,Success,12.0,92.0,5.0,0
019,Toffee,WC_Premium,2026-07-04,Success,3.0,113.0,4.0,0
014,Toffee,Daily_Pass,2026-06-21,Success,0.0,73.0,4.0,0
013,Bioscope,Daily_Pass,2026-07-02,Success,3.0,81.0,5.0,0
019,Bioscope,Weekly_Pass,2026-06-13,Stuck_at_Number_Screen,5.0,7.0,,1
013,Toffee,Daily_Pass,2026-06-11,Success,4.0,94.0,,0
016,Toffee,Daily_Pass,2026-06-20,OTP_Failed,5.0,4.0,1.0,1
018,Toffee,Daily_Pass,2026-06-16,Stuck_at_Number_Screen,5.0,4.0,1.0,1
017,Toffee,WC_Premium,2026-06-20,Success,8.0,110.0,5.0,0
014,Toffee,Weekly_Pass,2026-07-02,Buffer_Timeout,0.0,15.0,2.0,0
018,Toffee,Daily_Pass,2026-06-25,Success,13.0,50.0,5.0,0
016,Toffee,Weekly_Pass,2026-07-09,Success,10.0,69.0,4.0,1
013,Other_Partner,WC_Premium,2026-06-17,Stuck_at_Number_Screen,1.0,0.0,1.0,1
017,Bioscope,Daily_Pass,2026-06-19,Buffer_Timeout,1.0,0.0,1.0,1
017,Toffee,Daily_Pass,2026-06-11,OTP_Failed,1.0,7.0,,1
018,Other_Partner,Weekly_Pass,2026-07-04,Stuck_at_Number_Screen,1.0,6.0,1.0,1
016,Bioscope,Weekly_Pass,2026-07-02,Buffer_Timeout,0.0,10.0,2.0,0
017,Toffee,Daily_Pass,2026-06-23,Success,22.0,49.0,1.0,0
016,Toffee,Weekly_Pass,2026-06-28,OTP_Failed,1.0,15.0,1.0,0
016,Toffee,Weekly_Pass,2026-06-17,Success,5.0,96.0,5.0,0
016,Toffee,WC_Premium,2026-07-10,Success,17.0,99.0,5.0,0
018,Toffee,Daily_Pass,2026-06-19,OTP_Failed,0.0,7.0,2.0,1
014,Bioscope,Daily_Pass,2026-06-27,Stuck_at_Number_Screen,0.0,9.0,,1
018,Bioscope,Weekly_Pass,2026-07-04,Success,6.0,61.0,3.0,0
018,Bioscope,Weekly_Pass,2026-06-16,Success,7.0,101.0,,0
017,Toffee,Daily_Pass,2026-06-21,Buffer_Timeout,1.0,13.0,,0
017,Bioscope,WC_Premium,2026-07-07,Success,2.0,128.0,,0
017,Bioscope,Weekly_Pass,2026-06-28,Buffer_Timeout,1.0,0.0,,0
018,Other_Partner,WC_Premium,2026-07-07,Stuck_at_Number_Screen,0.0,15.0,2.0,1
017,Toffee,Daily_Pass,2026-06-21,OTP_Failed,2.0,6.0,1.0,0
017,Other_Partner,WC_Premium,2026-07-06,Success,1.0,62.0,5.0,0
019,Bioscope,Weekly_Pass,2026-06-12,Success,8.0,63.0,4.0,0
017,Bioscope,Daily_Pass,2026-07-09,Success,18.0,127.0,4.0,0
017,Bioscope,Daily_Pass,2026-06-27,OTP_Failed,2.0,0.0,1.0,1
017,Toffee,Daily_Pass,2026-06-26,Success,24.0,64.0,,0
019,Other_Partner,Weekly_Pass,2026-06-27,Stuck_at_Number_Screen,5.0,0.0,1.0,0
017,Toffee,Daily_Pass,2026-06-12,OTP_Failed,1.0,5.0,1.0,1
018,Bioscope,WC_Premium,2026-07-06,Success,2.0,132.0,4.0,0
018,Toffee,WC_Premium,2026-07-08,OTP_Failed,3.0,0.0,2.0,1
016,Toffee,WC_Premium,2026-06-24,Success,2.0,98.0,,0
018,Bioscope,Weekly_Pass,2026-06-16,Success,8.0,93.0,4.0,0
019,Other_Partner,WC_Premium,2026-06-16,Success,0.0,109.0,4.0,0
017,Toffee,Daily_Pass,2026-06-29,Success,11.0,91.0,5.0,0
017,Other_Partner,Weekly_Pass,2026-06-30,Stuck_at_Number_Screen,4.0,12.0,,1
017,Bioscope,Daily_Pass,2026-06-19,OTP_Failed,2.0,13.0,1.0,1
017,Toffee,Daily_Pass,2026-06-12,OTP_Failed,0.0,10.0,2.0,0
017,Toffee,Daily_Pass,2026-06-15,OTP_Failed,0.0,12.0,1.0,1
017,Bioscope,Weekly_Pass,2026-07-10,OTP_Failed,0.0,11.0,1.0,1
018,Toffee,Daily_Pass,2026-06-11,OTP_Failed,3.0,0.0,1.0,0
016,Toffee,WC_Premium,2026-07-06,Stuck_at_Number_Screen,0.0,6.0,,1
013,Toffee,WC_Premium,2026-07-10,Success,2.0,62.0,4.0,0
016,Toffee,Daily_Pass,2026-06-26,Stuck_at_Number_Screen,1.0,8.0,,1
017,Bioscope,Weekly_Pass,2026-07-05,Stuck_at_Number_Screen,0.0,4.0,1.0,1
017,Toffee,WC_Premium,2026-06-14,Success,8.0,87.0,,0
018,Toffee,Daily_Pass,2026-06-25,Success,17.0,110.0,5.0,0
017,Toffee,WC_Premium,2026-06-12,Stuck_at_Number_Screen,1.0,9.0,1.0,1
017,Toffee,WC_Premium,2026-06-21,Stuck_at_Number_Screen,2.0,8.0,1.0,1
013,Toffee,Daily_Pass,2026-06-25,Success,31.0,75.0,1.0,1
014,Bioscope,Daily_Pass,2026-06-23,Success,2.0,94.0,,0
016,Bioscope,WC_Premium,2026-07-06,Success,1.0,71.0,5.0,0
017,Toffee,WC_Premium,2026-07-05,Success,13.0,83.0,5.0,0
019,Toffee,Weekly_Pass,2026-07-10,Success,2.0,85.0,,0
016,Toffee,Daily_Pass,2026-07-03,Success,4.0,85.0,5.0,1
018,Toffee,Weekly_Pass,2026-06-26,Success,10.0,110.0,4.0,0
019,Bioscope,Daily_Pass,2026-07-03,Success,10.0,117.0,5.0,0
013,Toffee,WC_Premium,2026-06-17,Stuck_at_Number_Screen,1.0,3.0,2.0,1
017,Toffee,WC_Premium,2026-06-24,Success,1.0,94.0,4.0,0
018,Bioscope,Weekly_Pass,2026-06-20,Success,0.0,89.0,,0
018,Toffee,Daily_Pass,2026-06-13,OTP_Failed,0.0,0.0,1.0,1
018,Bioscope,WC_Premium,2026-06-21,Stuck_at_Number_Screen,0.0,6.0,2.0,1
018,Bioscope,Daily_Pass,2026-06-17,Success,16.0,79.0,,0
014,Toffee,Daily_Pass,2026-07-02,Success,1.0,97.0,4.0,0
014,Bioscope,Weekly_Pass,2026-06-20,Buffer_Timeout,4.0,8.0,,1
019,Bioscope,Weekly_Pass,2026-07-08,Stuck_at_Number_Screen,3.0,0.0,1.0,1
019,Toffee,WC_Premium,2026-06-18,OTP_Failed,1.0,3.0,1.0,1
014,Bioscope,WC_Premium,2026-06-24,Success,1.0,124.0,3.0,0
017,Bioscope,Daily_Pass,2026-07-01,Success,1.0,91.0,5.0,0
017,Other_Partner,Weekly_Pass,2026-06-17,Success,2.0,98.0,4.0,0
018,Bioscope,Weekly_Pass,2026-06-26,Success,16.0,61.0,,0
019,Bioscope,Daily_Pass,2026-07-09,Success,29.0,117.0,1.0,1
018,Toffee,WC_Premium,2026-06-29,Success,32.0,85.0,2.0,1
016,Bioscope,Weekly_Pass,2026-06-27,Success,1.0,74.0,,0
017,Toffee,WC_Premium,2026-06-24,OTP_Failed,2.0,0.0,2.0,1
017,Toffee,Weekly_Pass,2026-07-03,OTP_Failed,6.0,11.0,1.0,1
016,Bioscope,Daily_Pass,2026-06-29,Success,4.0,103.0,,0
017,Bioscope,Daily_Pass,2026-06-17,Buffer_Timeout,2.0,14.0,1.0,0
013,Toffee,Daily_Pass,2026-06-24,OTP_Failed,1.0,0.0,1.0,1
017,Bioscope,Daily_Pass,2026-07-08,Success,5.0,75.0,5.0,0
017,Toffee,Weekly_Pass,2026-07-02,Success,15.0,103.0,4.0,0
016,Toffee,Daily_Pass,2026-07-07,Success,5.0,104.0,,0
013,Toffee,WC_Premium,2026-06-22,OTP_Failed,2.0,4.0,1.0,1
018,Toffee,Daily_Pass,2026-06-22,Success,18.0,71.0,4.0,0
017,Toffee,Weekly_Pass,2026-07-05,Success,1.0,108.0,4.0,0
019,Bioscope,Daily_Pass,2026-07-06,Success,0.0,104.0,5.0,0
013,Toffee,Weekly_Pass,2026-06-11,OTP_Failed,2.0,6.0,1.0,1
018,Toffee,Daily_Pass,2026-06-19,Success,2.0,75.0,5.0,0
016,Bioscope,Daily_Pass,2026-06-24,Success,19.0,78.0,4.0,0
017,Bioscope,Weekly_Pass,2026-06-28,Success,21.0,60.0,2.0,0
019,Toffee,Weekly_Pass,2026-06-28,Success,3.0,82.0,4.0,0
018,Toffee,Weekly_Pass,2026-06-28,Success,9.0,96.0,,0
013,Toffee,Weekly_Pass,2026-06-19,Success,2.0,125.0,3.0,0
017,Bioscope,WC_Premium,2026-06-21,Success,1.0,103.0,4.0,0
014,Bioscope,WC_Premium,2026-06-21,Success,3.0,96.0,5.0,0
019,Bioscope,WC_Premium,2026-06-17,Success,3.0,89.0,5.0,0
017,Toffee,Daily_Pass,2026-06-11,Success,3.0,54.0,4.0,0
017,Bioscope,WC_Premium,2026-06-20,Success,3.0,100.0,5.0,0
019,Toffee,WC_Premium,2026-06-11,Success,3.0,103.0,4.0,1
016,Toffee,WC_Premium,2026-06-17,Success,28.0,61.0,1.0,0
019,Toffee,Weekly_Pass,2026-06-21,Success,11.0,110.0,4.0,0
013,Bioscope,Daily_Pass,2026-07-06,Success,7.0,108.0,5.0,0
016,Bioscope,WC_Premium,2026-06-11,Buffer_Timeout,2.0,8.0,,0
013,Bioscope,WC_Premium,2026-06-21,Buffer_Timeout,1.0,0.0,2.0,0
017,Bioscope,Weekly_Pass,2026-07-06,Success,6.0,82.0,,0
018,Toffee,Weekly_Pass,2026-06-17,Success,17.0,85.0,3.0,0
015,Toffee,Daily_Pass,2026-06-12,Buffer_Timeout,1.0,10.0,,0
017,Bioscope,Daily_Pass,2026-06-18,Success,3.0,50.0,3.0,0
018,Bioscope,WC_Premium,2026-07-09,Stuck_at_Number_Screen,0.0,6.0,2.0,1
016,Bioscope,Daily_Pass,2026-07-06,Stuck_at_Number_Screen,6.0,0.0,,0
018,Toffee,Weekly_Pass,2026-06-13,Buffer_Timeout,2.0,13.0,2.0,0
019,Bioscope,WC_Premium,2026-06-18,Success,1.0,131.0,4.0,0
019,Toffee,Daily_Pass,2026-06-13,Success,7.0,72.0,,1
017,Bioscope,Daily_Pass,2026-06-30,Success,9.0,75.0,5.0,0
015,Toffee,WC_Premium,2026-06-24,OTP_Failed,1.0,7.0,,0
019,Other_Partner,Daily_Pass,2026-06-29,Success,5.0,126.0,3.0,0
019,Toffee,Daily_Pass,2026-07-07,Success,2.0,87.0,5.0,0
016,Bioscope,WC_Premium,2026-06-18,Success,1.0,111.0,,0
019,Bioscope,WC_Premium,2026-07-07,Stuck_at_Number_Screen,4.0,1.0,1.0,1
017,Toffee,WC_Premium,2026-06-20,Success,3.0,122.0,4.0,0
017,Toffee,Weekly_Pass,2026-06-22,OTP_Failed,1.0,8.0,1.0,1
019,Bioscope,Weekly_Pass,2026-06-24,Stuck_at_Number_Screen,1.0,2.0,1.0,1
017,Toffee,WC_Premium,2026-06-30,Success,2.0,74.0,4.0,0
017,Toffee,Weekly_Pass,2026-06-19,Success,14.0,82.0,5.0,0
019,Other_Partner,Weekly_Pass,2026-06-25,Stuck_at_Number_Screen,3.0,11.0,2.0,1
019,Bioscope,Weekly_Pass,2026-06-27,Success,4.0,97.0,4.0,0
017,Toffee,Daily_Pass,2026-06-30,Stuck_at_Number_Screen,3.0,1.0,2.0,1
019,Bioscope,Weekly_Pass,2026-06-14,Stuck_at_Number_Screen,1.0,3.0,1.0,1
016,Bioscope,Daily_Pass,2026-06-12,Success,7.0,98.0,3.0,0
018,Bioscope,Daily_Pass,2026-06-17,OTP_Failed,1.0,0.0,,1
019,Bioscope,WC_Premium,2026-06-29,Success,16.0,96.0,,0
013,Bioscope,Daily_Pass,2026-07-02,Stuck_at_Number_Screen,2.0,2.0,,1
017,Toffee,Daily_Pass,2026-06-22,Success,6.0,65.0,5.0,0
017,Bioscope,Daily_Pass,2026-06-24,Success,13.0,124.0,4.0,0
018,Toffee,Weekly_Pass,2026-07-10,Success,1.0,96.0,4.0,0
018,Toffee,WC_Premium,2026-06-15,Buffer_Timeout,4.0,3.0,1.0,0
019,Bioscope,WC_Premium,2026-07-06,Buffer_Timeout,2.0,2.0,1.0,1
019,Toffee,WC_Premium,2026-07-05,OTP_Failed,5.0,4.0,1.0,1
018,Bioscope,WC_Premium,2026-06-20,Success,4.0,86.0,3.0,0
019,Bioscope,WC_Premium,2026-06-30,Success,16.0,107.0,3.0,0
017,Toffee,Daily_Pass,2026-07-01,Success,5.0,68.0,5.0,0
017,Toffee,Weekly_Pass,2026-06-22,OTP_Failed,2.0,3.0,2.0,0
019,Bioscope,Daily_Pass,2026-06-17,OTP_Failed,2.0,12.0,1.0,1
017,Other_Partner,Daily_Pass,2026-07-04,Success,12.0,84.0,5.0,0
017,Bioscope,Weekly_Pass,2026-07-02,Stuck_at_Number_Screen,2.0,9.0,1.0,1
016,Bioscope,Weekly_Pass,2026-06-11,Success,5.0,97.0,5.0,0
013,Toffee,Weekly_Pass,2026-07-03,Stuck_at_Number_Screen,0.0,11.0,1.0,1
019,Toffee,Daily_Pass,2026-06-28,Success,8.0,60.0,4.0,0
017,Bioscope,Daily_Pass,2026-06-19,Success,1.0,85.0,4.0,0
017,Toffee,Daily_Pass,2026-06-22,OTP_Failed,0.0,10.0,2.0,1
017,Bioscope,WC_Premium,2026-06-14,Buffer_Timeout,6.0,8.0,2.0,1
018,Toffee,Weekly_Pass,2026-06-20,Success,1.0,106.0,4.0,0
013,Bioscope,WC_Premium,2026-06-18,Success,5.0,92.0,3.0,0
018,Bioscope,WC_Premium,2026-06-14,Stuck_at_Number_Screen,5.0,0.0,,0
019,Bioscope,Weekly_Pass,2026-07-03,Buffer_Timeout,4.0,0.0,1.0,0
014,Bioscope,Daily_Pass,2026-07-07,Buffer_Timeout,1.0,2.0,1.0,0
017,Other_Partner,Weekly_Pass,2026-07-06,Success,2.0,108.0,5.0,0
018,Other_Partner,WC_Premium,2026-07-05,Success,31.0,81.0,1.0,0
018,Other_Partner,Weekly_Pass,2026-07-09,Stuck_at_Number_Screen,1.0,11.0,,1
014,Bioscope,Daily_Pass,2026-06-16,Success,16.0,98.0,,0
015,Bioscope,Weekly_Pass,2026-06-22,Success,24.0,118.0,1.0,1
017,Bioscope,Daily_Pass,2026-07-09,Success,13.0,92.0,4.0,0
016,Toffee,WC_Premium,2026-06-11,Success,6.0,55.0,,0
013,Toffee,Weekly_Pass,2026-06-25,Success,3.0,103.0,3.0,0
017,Toffee,Daily_Pass,2026-06-18,Success,6.0,94.0,,0
017,Toffee,Daily_Pass,2026-06-23,OTP_Failed,1.0,0.0,,0
018,Toffee,WC_Premium,2026-06-28,Success,12.0,108.0,4.0,0
018,Toffee,WC_Premium,2026-07-03,Stuck_at_Number_Screen,1.0,6.0,1.0,0
017,Other_Partner,Weekly_Pass,2026-07-02,Success,11.0,102.0,5.0,0
016,Bioscope,Weekly_Pass,2026-06-25,Success,8.0,105.0,5.0,0
017,Toffee,Weekly_Pass,2026-07-05,Buffer_Timeout,0.0,15.0,1.0,0
018,Toffee,Daily_Pass,2026-07-06,OTP_Failed,3.0,0.0,2.0,1
017,Bioscope,WC_Premium,2026-06-28,Success,9.0,69.0,5.0,0
017,Bioscope,Weekly_Pass,2026-07-09,Buffer_Timeout,5.0,11.0,1.0,1
013,Other_Partner,Daily_Pass,2026-06-21,OTP_Failed,1.0,0.0,1.0,1
017,Other_Partner,Daily_Pass,2026-07-06,Success,7.0,44.0,5.0,0
018,Other_Partner,Daily_Pass,2026-06-28,Stuck_at_Number_Screen,2.0,7.0,,0
017,Toffee,Daily_Pass,2026-06-19,Success,17.0,42.0,5.0,0
018,Toffee,Weekly_Pass,2026-07-02,Success,13.0,98.0,5.0,0
017,Bioscope,Daily_Pass,2026-06-25,Stuck_at_Number_Screen,3.0,6.0,,1
016,Toffee,WC_Premium,2026-06-29,Success,22.0,83.0,2.0,0
019,Bioscope,Weekly_Pass,2026-07-08,Buffer_Timeout,1.0,0.0,1.0,0
017,Bioscope,Daily_Pass,2026-06-28,Success,13.0,96.0,5.0,0
018,Bioscope,Daily_Pass,2026-06-27,Success,6.0,115.0,4.0,0
017,Toffee,Weekly_Pass,2026-07-01,Success,2.0,57.0,3.0,0
018,Bioscope,Daily_Pass,2026-06-11,OTP_Failed,3.0,2.0,2.0,1
017,Bioscope,Daily_Pass,2026-07-03,Success,4.0,109.0,,0
018,Other_Partner,Daily_Pass,2026-06-29,Success,14.0,76.0,5.0,0
018,Toffee,Daily_Pass,2026-06-27,Buffer_Timeout,9.0,6.0,2.0,0
014,Other_Partner,Daily_Pass,2026-06-30,Stuck_at_Number_Screen,4.0,0.0,,0
018,Bioscope,Daily_Pass,2026-07-09,Success,6.0,89.0,5.0,0
018,Bioscope,WC_Premium,2026-06-15,Success,8.0,60.0,,0
013,Bioscope,Daily_Pass,2026-06-16,Success,7.0,84.0,5.0,0
014,Bioscope,Weekly_Pass,2026-07-04,Buffer_Timeout,1.0,1.0,1.0,0
019,Toffee,Daily_Pass,2026-06-20,OTP_Failed,1.0,2.0,,0
017,Toffee,Daily_Pass,2026-07-07,Stuck_at_Number_Screen,0.0,3.0,1.0,1
019,Bioscope,WC_Premium,2026-07-09,Buffer_Timeout,5.0,2.0,2.0,0
013,Bioscope,Daily_Pass,2026-07-01,Success,21.0,131.0,1.0,0
019,Toffee,Daily_Pass,2026-07-08,Success,4.0,97.0,5.0,0
019,Bioscope,Weekly_Pass,2026-06-11,Success,36.0,111.0,1.0,1
017,Toffee,Daily_Pass,2026-06-30,Stuck_at_Number_Screen,0.0,11.0,2.0,1
016,Toffee,Weekly_Pass,2026-06-29,OTP_Failed,1.0,6.0,1.0,1
017,Bioscope,Daily_Pass,2026-07-04,Buffer_Timeout,7.0,5.0,1.0,1
017,Toffee,Daily_Pass,2026-06-17,Stuck_at_Number_Screen,0.0,2.0,1.0,0
017,Toffee,Daily_Pass,2026-06-29,Success,3.0,111.0,5.0,0
016,Toffee,WC_Premium,2026-07-09,Success,22.0,86.0,2.0,0
017,Bioscope,Weekly_Pass,2026-06-20,OTP_Failed,1.0,0.0,,1
017,Toffee,Weekly_Pass,2026-06-27,Success,8.0,61.0,5.0,0
016,Toffee,Weekly_Pass,2026-06-11,Success,5.0,85.0,,0
017,Toffee,WC_Premium,2026-06-21,Success,17.0,92.0,4.0,0
017,Toffee,Weekly_Pass,2026-06-30,Stuck_at_Number_Screen,3.0,13.0,1.0,1
017,Toffee,WC_Premium,2026-06-15,Buffer_Timeout,0.0,5.0,,0
013,Toffee,Weekly_Pass,2026-06-17,Success,5.0,86.0,4.0,0
018,Toffee,Daily_Pass,2026-06-24,OTP_Failed,0.0,5.0,2.0,1
017,Bioscope,WC_Premium,2026-06-11,OTP_Failed,2.0,0.0,1.0,1
015,Toffee,WC_Premium,2026-06-14,OTP_Failed,2.0,5.0,1.0,1
016,Toffee,Daily_Pass,2026-06-14,OTP_Failed,3.0,7.0,1.0,0
017,Toffee,Weekly_Pass,2026-07-10,Success,5.0,85.0,3.0,0
017,Toffee,Weekly_Pass,2026-06-29,Success,22.0,77.0,2.0,0
013,Bioscope,Daily_Pass,2026-07-01,Success,6.0,75.0,4.0,0
018,Toffee,WC_Premium,2026-07-01,Buffer_Timeout,1.0,6.0,1.0,0
017,Toffee,Weekly_Pass,2026-06-25,Success,5.0,74.0,4.0,0
017,Toffee,Weekly_Pass,2026-06-28,Buffer_Timeout,2.0,3.0,1.0,0
019,Bioscope,Daily_Pass,2026-07-01,Success,9.0,106.0,,0
017,Toffee,Daily_Pass,2026-07-07,OTP_Failed,4.0,10.0,,1
013,Bioscope,Daily_Pass,2026-06-16,Stuck_at_Number_Screen,0.0,0.0,1.0,1
019,Toffee,Daily_Pass,2026-07-08,OTP_Failed,0.0,2.0,2.0,1
016,Toffee,Weekly_Pass,2026-06-27,Success,1.0,67.0,4.0,0
017,Bioscope,WC_Premium,2026-06-14,Success,4.0,83.0,4.0,0
016,Bioscope,Weekly_Pass,2026-07-05,Success,2.0,101.0,5.0,0
017,Bioscope,Daily_Pass,2026-06-20,Stuck_at_Number_Screen,1.0,3.0,,1
016,Toffee,Daily_Pass,2026-06-20,OTP_Failed,3.0,5.0,1.0,1
018,Bioscope,Weekly_Pass,2026-06-24,Success,1.0,88.0,5.0,0
019,Toffee,Weekly_Pass,2026-07-06,Success,13.0,92.0,4.0,0
015,Bioscope,WC_Premium,2026-06-16,Success,12.0,102.0,3.0,1
014,Bioscope,WC_Premium,2026-06-26,Success,2.0,123.0,4.0,0
014,Toffee,WC_Premium,2026-06-24,Success,0.0,93.0,3.0,0
018,Bioscope,Daily_Pass,2026-06-22,Buffer_Timeout,8.0,0.0,,0
013,Bioscope,WC_Premium,2026-06-18,Stuck_at_Number_Screen,5.0,3.0,1.0,1
018,Toffee,Daily_Pass,2026-06-21,Success,6.0,82.0,,0
016,Bioscope,Weekly_Pass,2026-07-04,Success,4.0,72.0,4.0,0
019,Bioscope,Weekly_Pass,2026-07-09,Success,7.0,91.0,,0
017,Toffee,Weekly_Pass,2026-07-10,Success,9.0,128.0,3.0,0
014,Other_Partner,Daily_Pass,2026-06-24,OTP_Failed,1.0,8.0,1.0,1
019,Toffee,Weekly_Pass,2026-07-02,Success,20.0,73.0,5.0,0
015,Bioscope,Daily_Pass,2026-07-04,Success,0.0,93.0,4.0,0
019,Bioscope,Daily_Pass,2026-06-11,Success,29.0,75.0,2.0,1
017,Bioscope,Weekly_Pass,2026-06-29,Success,24.0,98.0,,0
017,Toffee,WC_Premium,2026-06-26,Success,0.0,63.0,5.0,0
017,Other_Partner,WC_Premium,2026-06-24,OTP_Failed,1.0,15.0,1.0,1
017,Toffee,Weekly_Pass,2026-06-15,Stuck_at_Number_Screen,2.0,12.0,2.0,1
018,Toffee,Daily_Pass,2026-06-17,Success,10.0,58.0,4.0,0
019,Toffee,Daily_Pass,2026-06-19,OTP_Failed,1.0,6.0,1.0,1
019,Bioscope,Daily_Pass,2026-06-30,OTP_Failed,2.0,8.0,2.0,1
018,Other_Partner,WC_Premium,2026-07-04,OTP_Failed,3.0,5.0,1.0,1
017,Toffee,Daily_Pass,2026-06-27,OTP_Failed,3.0,6.0,1.0,1
017,Bioscope,WC_Premium,2026-06-14,Buffer_Timeout,1.0,10.0,1.0,0
017,Toffee,WC_Premium,2026-06-15,Success,21.0,101.0,1.0,0
013,Other_Partner,Weekly_Pass,2026-06-13,Success,0.0,72.0,,0
018,Bioscope,WC_Premium,2026-06-27,Stuck_at_Number_Screen,1.0,15.0,,1
017,Toffee,Daily_Pass,2026-07-09,Stuck_at_Number_Screen,1.0,3.0,1.0,1
017,Toffee,Weekly_Pass,2026-07-06,Success,0.0,69.0,4.0,0
017,Toffee,WC_Premium,2026-06-16,OTP_Failed,1.0,6.0,1.0,1
018,Toffee,Weekly_Pass,2026-06-26,Success,32.0,122.0,1.0,0
018,Bioscope,Daily_Pass,2026-07-10,Buffer_Timeout,4.0,6.0,1.0,0
018,Toffee,Daily_Pass,2026-06-16,OTP_Failed,1.0,13.0,,1
013,Other_Partner,WC_Premium,2026-06-29,Success,5.0,111.0,3.0,0
015,Bioscope,Daily_Pass,2026-07-02,OTP_Failed,1.0,2.0,1.0,1
017,Bioscope,WC_Premium,2026-06-20,Success,31.0,100.0,1.0,0
018,Toffee,Daily_Pass,2026-07-10,Success,15.0,89.0,4.0,0
016,Bioscope,Weekly_Pass,2026-06-20,Buffer_Timeout,3.0,15.0,1.0,0
018,Bioscope,Weekly_Pass,2026-07-04,Success,2.0,112.0,4.0,0
014,Bioscope,Weekly_Pass,2026-06-21,Success,0.0,60.0,4.0,0
013,Other_Partner,Weekly_Pass,2026-06-27,Success,12.0,112.0,5.0,0
018,Toffee,WC_Premium,2026-07-01,Stuck_at_Number_Screen,1.0,4.0,,1
017,Toffee,Weekly_Pass,2026-06-29,Success,2.0,60.0,5.0,0
018,Bioscope,WC_Premium,2026-06-17,OTP_Failed,0.0,10.0,,1
017,Bioscope,Daily_Pass,2026-06-11,Success,1.0,45.0,4.0,0
017,Bioscope,Daily_Pass,2026-07-04,Stuck_at_Number_Screen,3.0,10.0,1.0,1
018,Toffee,Daily_Pass,2026-07-02,Success,25.0,71.0,1.0,0
018,Bioscope,Daily_Pass,2026-07-02,Stuck_at_Number_Screen,3.0,9.0,1.0,1
017,Toffee,Weekly_Pass,2026-07-07,OTP_Failed,2.0,7.0,1.0,0
016,Toffee,Weekly_Pass,2026-06-18,Success,1.0,90.0,4.0,0
018,Toffee,WC_Premium,2026-06-13,Success,3.0,95.0,4.0,0
017,Toffee,Daily_Pass,2026-06-16,Success,2.0,116.0,4.0,1
018,Toffee,Daily_Pass,2026-07-05,Stuck_at_Number_Screen,4.0,15.0,1.0,1
016,Other_Partner,WC_Premium,2026-06-20,Success,7.0,94.0,5.0,0
018,Bioscope,WC_Premium,2026-07-08,Buffer_Timeout,1.0,14.0,1.0,0
013,Other_Partner,WC_Premium,2026-06-27,Success,8.0,67.0,5.0,0
017,Bioscope,WC_Premium,2026-06-18,Success,8.0,95.0,4.0,0
018,Toffee,Weekly_Pass,2026-06-14,Buffer_Timeout,2.0,5.0,1.0,0
014,Bioscope,WC_Premium,2026-06-30,Stuck_at_Number_Screen,6.0,4.0,2.0,1
016,Other_Partner,WC_Premium,2026-07-07,OTP_Failed,6.0,0.0,,0
017,Other_Partner,WC_Premium,2026-06-18,Buffer_Timeout,1.0,4.0,,0
018,Bioscope,Daily_Pass,2026-07-04,Buffer_Timeout,3.0,0.0,2.0,0
019,Toffee,WC_Premium,2026-06-19,Success,9.0,88.0,,0
017,Toffee,Weekly_Pass,2026-07-04,Success,16.0,113.0,4.0,0
015,Toffee,Daily_Pass,2026-06-27,Success,10.0,74.0,5.0,0
014,Other_Partner,Daily_Pass,2026-07-06,Stuck_at_Number_Screen,0.0,7.0,,1
017,Toffee,WC_Premium,2026-07-08,Success,0.0,64.0,5.0,0
014,Bioscope,Weekly_Pass,2026-06-12,Success,2.0,114.0,4.0,1
013,Toffee,WC_Premium,2026-06-18,Stuck_at_Number_Screen,1.0,6.0,,1
019,Bioscope,Daily_Pass,2026-06-15,OTP_Failed,8.0,5.0,1.0,1
013,Toffee,Weekly_Pass,2026-06-26,Success,25.0,98.0,1.0,0
013,Toffee,Daily_Pass,2026-06-25,Success,1.0,88.0,,0
018,Toffee,Weekly_Pass,2026-06-14,Success,9.0,91.0,5.0,0
019,Bioscope,Weekly_Pass,2026-06-28,Success,12.0,116.0,5.0,0
017,Toffee,Weekly_Pass,2026-06-12,Success,3.0,95.0,,0
018,Bioscope,Daily_Pass,2026-07-08,Success,11.0,84.0,4.0,0
017,Toffee,Daily_Pass,2026-06-24,Stuck_at_Number_Screen,2.0,14.0,2.0,1
017,Bioscope,Daily_Pass,2026-06-26,Buffer_Timeout,3.0,9.0,1.0,0
017,Toffee,WC_Premium,2026-06-16,Buffer_Timeout,1.0,4.0,2.0,1
018,Bioscope,Daily_Pass,2026-06-28,Success,2.0,109.0,5.0,0
017,Toffee,Daily_Pass,2026-06-15,Stuck_at_Number_Screen,3.0,4.0,,1
017,Bioscope,Weekly_Pass,2026-07-05,OTP_Failed,2.0,0.0,,1
017,Toffee,WC_Premium,2026-07-09,Stuck_at_Number_Screen,5.0,0.0,2.0,1
017,Bioscope,Daily_Pass,2026-06-14,Stuck_at_Number_Screen,1.0,3.0,2.0,1
018,Other_Partner,Daily_Pass,2026-06-21,Buffer_Timeout,2.0,9.0,1.0,0
015,Toffee,Weekly_Pass,2026-06-16,Success,18.0,84.0,5.0,0
017,Toffee,WC_Premium,2026-07-10,OTP_Failed,1.0,2.0,1.0,1
014,Bioscope,Weekly_Pass,2026-06-30,Stuck_at_Number_Screen,0.0,6.0,1.0,1
016,Bioscope,Daily_Pass,2026-07-04,Success,19.0,86.0,5.0,1
018,Toffee,Weekly_Pass,2026-06-17,Success,1.0,78.0,4.0,0
018,Toffee,WC_Premium,2026-06-24,Success,21.0,141.0,1.0,0
019,Toffee,Weekly_Pass,2026-06-24,Buffer_Timeout,2.0,12.0,1.0,0
017,Toffee,Daily_Pass,2026-06-27,Stuck_at_Number_Screen,2.0,8.0,1.0,1
018,Toffee,Daily_Pass,2026-06-23,OTP_Failed,2.0,8.0,1.0,1
016,Bioscope,WC_Premium,2026-06-24,Success,3.0,50.0,4.0,0
018,Toffee,WC_Premium,2026-07-06,Success,2.0,107.0,5.0,0
019,Bioscope,Weekly_Pass,2026-07-06,Stuck_at_Number_Screen,2.0,10.0,1.0,1
017,Bioscope,Daily_Pass,2026-07-07,Success,9.0,53.0,5.0,0
016,Toffee,Weekly_Pass,2026-06-23,Success,1.0,97.0,4.0,0
018,Bioscope,Daily_Pass,2026-06-28,Buffer_Timeout,0.0,9.0,1.0,0
013,Bioscope,Daily_Pass,2026-07-08,OTP_Failed,1.0,11.0,,0
017,Toffee,WC_Premium,2026-06-20,OTP_Failed,2.0,6.0,1.0,1
018,Toffee,Daily_Pass,2026-06-17,Success,6.0,106.0,4.0,0
019,Other_Partner,Daily_Pass,2026-06-26,Success,13.0,102.0,5.0,0
018,Other_Partner,WC_Premium,2026-06-24,Success,1.0,96.0,4.0,0
019,Toffee,Daily_Pass,2026-06-19,Success,20.0,72.0,3.0,0
013,Toffee,WC_Premium,2026-07-09,Success,26.0,90.0,1.0,0
017,Toffee,Weekly_Pass,2026-07-06,Success,12.0,102.0,5.0,0
017,Toffee,WC_Premium,2026-06-20,Success,4.0,104.0,4.0,0
017,Toffee,WC_Premium,2026-06-11,Success,27.0,124.0,2.0,0
013,Bioscope,WC_Premium,2026-06-16,Success,4.0,101.0,,0
017,Bioscope,Daily_Pass,2026-06-20,Success,11.0,79.0,,0
016,Toffee,Weekly_Pass,2026-06-29,Success,23.0,82.0,2.0,0
016,Bioscope,WC_Premium,2026-07-10,Success,7.0,68.0,4.0,0
017,Toffee,Daily_Pass,2026-07-01,Stuck_at_Number_Screen,1.0,13.0,,1
017,Toffee,WC_Premium,2026-07-03,Success,5.0,89.0,,0
017,Bioscope,Daily_Pass,2026-06-12,Success,13.0,94.0,4.0,0
018,Toffee,Daily_Pass,2026-06-14,Success,0.0,91.0,,0
017,Toffee,Daily_Pass,2026-07-06,Success,2.0,90.0,4.0,0
017,Bioscope,Daily_Pass,2026-07-10,Success,15.0,120.0,5.0,0
014,Toffee,WC_Premium,2026-06-21,Success,1.0,72.0,,0
019,Bioscope,WC_Premium,2026-06-24,Success,30.0,67.0,,0
017,Toffee,Weekly_Pass,2026-06-24,Success,5.0,81.0,5.0,0
013,Toffee,WC_Premium,2026-06-22,Success,3.0,97.0,,0
013,Bioscope,Weekly_Pass,2026-06-24,Success,1.0,106.0,4.0,0
019,Bioscope,WC_Premium,2026-06-21,Success,5.0,69.0,5.0,0
018,Toffee,WC_Premium,2026-06-11,Success,9.0,36.0,5.0,0
017,Bioscope,Daily_Pass,2026-07-08,Buffer_Timeout,1.0,1.0,1.0,1
016,Other_Partner,Weekly_Pass,2026-06-30,Success,8.0,100.0,4.0,0
013,Bioscope,Weekly_Pass,2026-06-29,Buffer_Timeout,3.0,0.0,1.0,0
017,Toffee,WC_Premium,2026-06-13,Buffer_Timeout,1.0,4.0,2.0,0
013,Bioscope,Weekly_Pass,2026-06-11,Success,5.0,97.0,3.0,0
018,Bioscope,WC_Premium,2026-06-30,Stuck_at_Number_Screen,5.0,5.0,2.0,1
017,Bioscope,WC_Premium,2026-07-10,Buffer_Timeout,1.0,0.0,1.0,0
017,Toffee,Weekly_Pass,2026-06-14,Success,32.0,51.0,2.0,1
013,Toffee,WC_Premium,2026-06-24,Success,2.0,94.0,5.0,0
017,Bioscope,Daily_Pass,2026-06-18,Success,9.0,107.0,3.0,1
019,Toffee,Daily_Pass,2026-06-17,OTP_Failed,2.0,0.0,1.0,1
017,Bioscope,WC_Premium,2026-07-10,Success,10.0,85.0,5.0,0
017,Bioscope,Daily_Pass,2026-06-30,Buffer_Timeout,1.0,9.0,1.0,0
016,Bioscope,Daily_Pass,2026-07-08,Success,31.0,100.0,,1
019,Toffee,Weekly_Pass,2026-06-27,Buffer_Timeout,3.0,6.0,,0
019,Toffee,Weekly_Pass,2026-07-04,Success,26.0,93.0,1.0,0
018,Bioscope,WC_Premium,2026-07-06,OTP_Failed,5.0,7.0,1.0,1
017,Bioscope,WC_Premium,2026-06-22,OTP_Failed,1.0,5.0,1.0,1
016,Other_Partner,Weekly_Pass,2026-07-09,Success,0.0,71.0,4.0,0
016,Bioscope,Weekly_Pass,2026-06-27,Buffer_Timeout,0.0,0.0,1.0,0
017,Toffee,WC_Premium,2026-07-02,Success,5.0,88.0,,0
014,Bioscope,Weekly_Pass,2026-06-25,Success,7.0,97.0,4.0,0
017,Bioscope,Daily_Pass,2026-07-06,Buffer_Timeout,0.0,8.0,,0
015,Bioscope,WC_Premium,2026-06-13,Success,4.0,108.0,4.0,0
019,Bioscope,WC_Premium,2026-06-26,Success,3.0,70.0,5.0,0
016,Toffee,Daily_Pass,2026-06-16,Success,9.0,101.0,4.0,0
014,Toffee,WC_Premium,2026-06-24,OTP_Failed,1.0,3.0,1.0,1
016,Toffee,Weekly_Pass,2026-07-03,Success,12.0,66.0,5.0,0
017,Toffee,Daily_Pass,2026-06-28,OTP_Failed,3.0,4.0,,1
013,Toffee,Weekly_Pass,2026-06-29,OTP_Failed,1.0,7.0,1.0,1
017,Bioscope,Daily_Pass,2026-06-15,Success,26.0,77.0,2.0,0
013,Toffee,Daily_Pass,2026-06-11,Success,7.0,98.0,4.0,0
016,Other_Partner,WC_Premium,2026-07-06,OTP_Failed,0.0,12.0,,1
013,Toffee,WC_Premium,2026-06-25,OTP_Failed,2.0,6.0,1.0,1
017,Toffee,Daily_Pass,2026-06-29,Success,7.0,109.0,4.0,0
018,Toffee,WC_Premium,2026-06-22,Success,16.0,107.0,5.0,0
019,Toffee,Daily_Pass,2026-07-01,Buffer_Timeout,1.0,2.0,1.0,0
017,Other_Partner,Daily_Pass,2026-06-15,Stuck_at_Number_Screen,1.0,0.0,1.0,1
013,Toffee,Daily_Pass,2026-06-27,OTP_Failed,1.0,4.0,1.0,1
017,Toffee,Daily_Pass,2026-06-19,Success,7.0,95.0,,0
016,Other_Partner,Daily_Pass,2026-06-11,Success,23.0,106.0,1.0,0
017,Toffee,WC_Premium,2026-06-27,Success,3.0,83.0,,0
016,Toffee,Daily_Pass,2026-06-30,OTP_Failed,4.0,2.0,,1
017,Toffee,Daily_Pass,2026-07-01,OTP_Failed,2.0,2.0,1.0,1
017,Toffee,WC_Premium,2026-06-14,Success,1.0,98.0,5.0,0
014,Toffee,Daily_Pass,2026-07-05,Success,19.0,79.0,5.0,0
017,Toffee,Weekly_Pass,2026-06-12,OTP_Failed,1.0,2.0,2.0,1
013,Bioscope,Weekly_Pass,2026-06-17,Stuck_at_Number_Screen,3.0,6.0,1.0,1
017,Bioscope,Daily_Pass,2026-07-07,Success,13.0,96.0,4.0,0
018,Toffee,WC_Premium,2026-06-12,OTP_Failed,6.0,4.0,1.0,1
018,Toffee,Daily_Pass,2026-06-23,Success,3.0,101.0,5.0,0
017,Toffee,Daily_Pass,2026-06-15,OTP_Failed,1.0,10.0,2.0,0
017,Bioscope,Daily_Pass,2026-06-14,OTP_Failed,0.0,8.0,1.0,1
013,Toffee,Weekly_Pass,2026-06-26,Success,13.0,103.0,5.0,0
016,Bioscope,Weekly_Pass,2026-06-13,OTP_Failed,4.0,0.0,1.0,1
019,Bioscope,Weekly_Pass,2026-07-05,OTP_Failed,4.0,15.0,1.0,1
018,Toffee,Weekly_Pass,2026-06-27,OTP_Failed,1.0,7.0,1.0,1
018,Bioscope,Weekly_Pass,2026-07-06,Success,24.0,83.0,,0
017,Toffee,Daily_Pass,2026-07-04,Success,7.0,91.0,5.0,0
017,Toffee,WC_Premium,2026-07-07,Buffer_Timeout,2.0,0.0,1.0,0
017,Toffee,WC_Premium,2026-06-22,Success,5.0,107.0,4.0,0
017,Toffee,Weekly_Pass,2026-06-18,Success,6.0,60.0,,0
017,Bioscope,Daily_Pass,2026-06-11,Buffer_Timeout,1.0,1.0,,0
018,Bioscope,Weekly_Pass,2026-07-09,Success,2.0,65.0,3.0,0
018,Toffee,Daily_Pass,2026-06-19,Success,10.0,105.0,5.0,0
014,Other_Partner,Weekly_Pass,2026-06-13,Success,3.0,105.0,4.0,0
017,Toffee,Daily_Pass,2026-06-16,Buffer_Timeout,1.0,0.0,2.0,0
018,Toffee,WC_Premium,2026-06-18,Success,4.0,103.0,4.0,0
019,Toffee,Daily_Pass,2026-06-23,OTP_Failed,6.0,0.0,,1
018,Bioscope,WC_Premium,2026-06-14,Success,10.0,125.0,5.0,0
017,Other_Partner,Daily_Pass,2026-06-19,Success,14.0,91.0,,0
017,Bioscope,Weekly_Pass,2026-06-15,Success,16.0,88.0,4.0,0
017,Other_Partner,WC_Premium,2026-06-22,Success,8.0,112.0,4.0,0
017,Toffee,Daily_Pass,2026-06-21,Buffer_Timeout,1.0,0.0,,0
016,Toffee,WC_Premium,2026-06-24,Stuck_at_Number_Screen,2.0,8.0,,1
017,Bioscope,Daily_Pass,2026-06-22,Buffer_Timeout,1.0,5.0,1.0,0
017,Bioscope,WC_Premium,2026-06-30,Success,2.0,55.0,4.0,0
016,Toffee,WC_Premium,2026-06-15,Success,1.0,126.0,4.0,0
019,Bioscope,Daily_Pass,2026-07-05,Success,4.0,128.0,5.0,0
018,Toffee,WC_Premium,2026-06-23,OTP_Failed,3.0,10.0,1.0,1
016,Toffee,Daily_Pass,2026-07-03,OTP_Failed,0.0,0.0,,1
013,Bioscope,Daily_Pass,2026-06-20,Stuck_at_Number_Screen,3.0,3.0,,0
017,Bioscope,Daily_Pass,2026-06-23,Buffer_Timeout,1.0,1.0,1.0,1
013,Toffee,Daily_Pass,2026-06-15,Success,4.0,38.0,,0
018,Toffee,Weekly_Pass,2026-06-27,OTP_Failed,8.0,7.0,1.0,1
014,Toffee,Weekly_Pass,2026-07-04,OTP_Failed,1.0,6.0,1.0,1
017,Bioscope,WC_Premium,2026-06-16,Success,6.0,100.0,5.0,0
018,Bioscope,Daily_Pass,2026-07-07,OTP_Failed,1.0,1.0,2.0,1
017,Bioscope,WC_Premium,2026-06-20,Buffer_Timeout,0.0,13.0,1.0,0
018,Toffee,Daily_Pass,2026-06-19,Success,21.0,76.0,2.0,0
017,Other_Partner,Daily_Pass,2026-06-24,Success,4.0,102.0,,0
017,Bioscope,WC_Premium,2026-07-05,Success,5.0,98.0,5.0,0
019,Toffee,WC_Premium,2026-07-03,Buffer_Timeout,1.0,3.0,1.0,0
018,Toffee,WC_Premium,2026-07-08,Stuck_at_Number_Screen,2.0,0.0,2.0,1
018,Toffee,Weekly_Pass,2026-06-12,Success,6.0,66.0,3.0,0
017,Toffee,Daily_Pass,2026-06-26,OTP_Failed,0.0,0.0,,1
017,Bioscope,Daily_Pass,2026-06-30,Success,14.0,60.0,5.0,0
013,Bioscope,Weekly_Pass,2026-07-08,Success,8.0,99.0,4.0,0
019,Bioscope,Weekly_Pass,2026-07-05,Success,12.0,89.0,4.0,0
015,Toffee,Daily_Pass,2026-06-25,Success,8.0,108.0,5.0,0
013,Bioscope,Weekly_Pass,2026-06-13,Success,2.0,110.0,3.0,0
013,Toffee,WC_Premium,2026-07-04,OTP_Failed,0.0,8.0,1.0,1
019,Toffee,WC_Premium,2026-06-11,Stuck_at_Number_Screen,0.0,3.0,2.0,0
013,Bioscope,Daily_Pass,2026-06-25,Success,6.0,72.0,4.0,0
018,Toffee,Weekly_Pass,2026-07-04,Success,7.0,62.0,,0
017,Bioscope,Daily_Pass,2026-07-09,Success,2.0,91.0,4.0,0
016,Bioscope,Daily_Pass,2026-06-21,Success,17.0,61.0,3.0,1
018,Bioscope,WC_Premium,2026-07-03,Success,0.0,87.0,4.0,0
019,Toffee,Weekly_Pass,2026-07-06,Stuck_at_Number_Screen,4.0,15.0,2.0,1
019,Bioscope,WC_Premium,2026-06-29,Success,10.0,128.0,5.0,0
017,Other_Partner,Daily_Pass,2026-06-12,Success,22.0,43.0,1.0,0
016,Bioscope,WC_Premium,2026-06-30,Success,1.0,97.0,4.0,0
019,Bioscope,Daily_Pass,2026-06-11,Buffer_Timeout,1.0,2.0,1.0,0
017,Bioscope,WC_Premium,2026-06-26,Success,4.0,111.0,5.0,0
017,Toffee,Daily_Pass,2026-06-19,Success,10.0,110.0,5.0,0
017,Bioscope,Daily_Pass,2026-07-04,Success,2.0,95.0,3.0,0
018,Bioscope,Daily_Pass,2026-06-23,Success,3.0,131.0,3.0,0
013,Bioscope,Daily_Pass,2026-07-04,Buffer_Timeout,0.0,7.0,,0
018,Bioscope,Weekly_Pass,2026-07-04,Success,27.0,113.0,1.0,0
017,Toffee,WC_Premium,2026-07-05,OTP_Failed,2.0,2.0,1.0,1
019,Toffee,Daily_Pass,2026-06-13,Success,2.0,129.0,4.0,0
017,Bioscope,Weekly_Pass,2026-07-09,Success,4.0,76.0,4.0,0
017,Toffee,WC_Premium,2026-06-17,Stuck_at_Number_Screen,5.0,3.0,1.0,1
018,Toffee,Weekly_Pass,2026-06-27,OTP_Failed,2.0,0.0,1.0,1
018,Toffee,Daily_Pass,2026-06-23,Success,16.0,74.0,4.0,0
017,Toffee,WC_Premium,2026-06-27,OTP_Failed,1.0,9.0,1.0,1
017,Bioscope,Daily_Pass,2026-06-18,Success,2.0,78.0,3.0,0
017,Bioscope,Weekly_Pass,2026-06-17,Buffer_Timeout,4.0,1.0,2.0,0
016,Toffee,WC_Premium,2026-07-05,OTP_Failed,4.0,5.0,1.0,1
019,Toffee,Daily_Pass,2026-06-24,Success,1.0,66.0,,1
018,Toffee,WC_Premium,2026-07-08,Success,10.0,111.0,4.0,0
016,Toffee,Daily_Pass,2026-07-02,Success,1.0,86.0,,0
016,Toffee,Daily_Pass,2026-06-19,OTP_Failed,1.0,1.0,1.0,1
017,Other_Partner,Daily_Pass,2026-06-18,Success,5.0,133.0,4.0,0
015,Toffee,WC_Premium,2026-06-11,Success,2.0,58.0,4.0,0
019,Bioscope,WC_Premium,2026-07-04,Buffer_Timeout,4.0,5.0,,0
017,Bioscope,Daily_Pass,2026-06-21,Success,17.0,92.0,5.0,0
017,Other_Partner,Daily_Pass,2026-07-06,Success,10.0,108.0,5.0,0
017,Toffee,Daily_Pass,2026-07-07,Success,3.0,99.0,,0
017,Bioscope,Weekly_Pass,2026-06-26,Success,0.0,103.0,3.0,0
016,Toffee,WC_Premium,2026-07-09,OTP_Failed,3.0,12.0,,0
018,Toffee,WC_Premium,2026-06-25,OTP_Failed,1.0,5.0,1.0,1
019,Toffee,WC_Premium,2026-07-01,Success,4.0,112.0,3.0,0
016,Bioscope,Weekly_Pass,2026-06-19,Success,12.0,72.0,4.0,0
018,Toffee,Daily_Pass,2026-06-19,Success,3.0,104.0,4.0,0
016,Bioscope,Daily_Pass,2026-06-22,Success,2.0,106.0,5.0,1
017,Bioscope,Weekly_Pass,2026-06-27,Success,16.0,78.0,4.0,0
017,Other_Partner,Weekly_Pass,2026-07-07,Success,2.0,92.0,5.0,0
018,Bioscope,WC_Premium,2026-06-29,Success,5.0,105.0,4.0,0
017,Toffee,Daily_Pass,2026-06-13,OTP_Failed,1.0,8.0,1.0,1
017,Toffee,Daily_Pass,2026-06-13,Success,2.0,111.0,,0
019,Toffee,Weekly_Pass,2026-06-20,OTP_Failed,1.0,0.0,,1
016,Bioscope,WC_Premium,2026-07-02,Success,11.0,113.0,4.0,0
017,Bioscope,WC_Premium,2026-06-18,OTP_Failed,2.0,0.0,1.0,1
016,Bioscope,Daily_Pass,2026-06-29,Stuck_at_Number_Screen,1.0,6.0,2.0,1
019,Toffee,WC_Premium,2026-06-29,OTP_Failed,2.0,4.0,1.0,1
017,Bioscope,Weekly_Pass,2026-07-09,Success,7.0,122.0,,0
017,Bioscope,Daily_Pass,2026-07-02,Success,16.0,98.0,,0
014,Other_Partner,Daily_Pass,2026-06-24,Stuck_at_Number_Screen,4.0,0.0,1.0,1
017,Bioscope,Weekly_Pass,2026-07-03,Success,9.0,60.0,5.0,0
017,Toffee,Weekly_Pass,2026-06-17,Success,19.0,102.0,4.0,0
018,Toffee,Weekly_Pass,2026-06-18,Buffer_Timeout,7.0,0.0,1.0,1
019,Toffee,Weekly_Pass,2026-06-15,OTP_Failed,3.0,1.0,,0
017,Bioscope,Daily_Pass,2026-07-09,Stuck_at_Number_Screen,1.0,5.0,1.0,1
017,Bioscope,Daily_Pass,2026-06-16,Success,3.0,78.0,4.0,0
017,Toffee,WC_Premium,2026-07-02,Success,6.0,87.0,4.0,1
015,Toffee,Weekly_Pass,2026-07-05,Success,1.0,86.0,5.0,1
017,Toffee,Weekly_Pass,2026-07-09,OTP_Failed,1.0,6.0,1.0,1
018,Other_Partner,Daily_Pass,2026-06-19,Success,1.0,97.0,,0
014,Toffee,Daily_Pass,2026-07-09,Success,4.0,90.0,4.0,0
017,Toffee,Daily_Pass,2026-06-13,OTP_Failed,0.0,6.0,,0
015,Toffee,Daily_Pass,2026-07-01,Success,6.0,102.0,5.0,0
014,Toffee,Weekly_Pass,2026-07-03,OTP_Failed,8.0,2.0,1.0,1
019,Bioscope,WC_Premium,2026-06-22,Success,2.0,81.0,,0
017,Bioscope,Daily_Pass,2026-06-27,Success,1.0,115.0,,0
018,Toffee,WC_Premium,2026-07-07,Success,8.0,80.0,5.0,0
019,Bioscope,WC_Premium,2026-06-24,OTP_Failed,2.0,12.0,1.0,1
015,Toffee,Daily_Pass,2026-06-25,Success,1.0,107.0,3.0,0
017,Other_Partner,Weekly_Pass,2026-06-29,Stuck_at_Number_Screen,1.0,1.0,1.0,1
019,Toffee,Daily_Pass,2026-07-03,OTP_Failed,2.0,10.0,1.0,0
017,Toffee,Weekly_Pass,2026-06-29,OTP_Failed,2.0,15.0,2.0,1
017,Bioscope,Daily_Pass,2026-07-02,Buffer_Timeout,3.0,7.0,1.0,0
013,Toffee,Daily_Pass,2026-07-09,Success,2.0,96.0,4.0,0
019,Toffee,Weekly_Pass,2026-07-04,Success,22.0,108.0,1.0,0
018,Bioscope,Daily_Pass,2026-06-18,Success,10.0,111.0,4.0,0
018,Bioscope,Daily_Pass,2026-07-04,Buffer_Timeout,1.0,5.0,1.0,0
015,Toffee,Daily_Pass,2026-06-27,OTP_Failed,2.0,2.0,2.0,1
013,Bioscope,Weekly_Pass,2026-06-21,Stuck_at_Number_Screen,2.0,0.0,1.0,1
018,Bioscope,WC_Premium,2026-06-29,Success,3.0,79.0,4.0,1
013,Bioscope,Daily_Pass,2026-06-15,Success,6.0,81.0,4.0,0
013,Bioscope,Daily_Pass,2026-07-02,Success,14.0,108.0,5.0,0
016,Bioscope,Weekly_Pass,2026-06-13,OTP_Failed,1.0,7.0,,1
014,Toffee,Daily_Pass,2026-07-03,Success,7.0,115.0,5.0,0
018,Toffee,Weekly_Pass,2026-06-16,Success,1.0,82.0,4.0,0
019,Toffee,Daily_Pass,2026-06-21,OTP_Failed,2.0,8.0,1.0,1
017,Toffee,WC_Premium,2026-07-02,Stuck_at_Number_Screen,1.0,0.0,1.0,1
017,Bioscope,Weekly_Pass,2026-06-12,Success,1.0,102.0,4.0,0
018,Toffee,Daily_Pass,2026-06-23,Buffer_Timeout,1.0,6.0,1.0,0
017,Toffee,Weekly_Pass,2026-07-06,Success,1.0,87.0,5.0,0
017,Toffee,Weekly_Pass,2026-07-02,Success,7.0,79.0,4.0,0
018,Toffee,Daily_Pass,2026-06-20,Stuck_at_Number_Screen,1.0,13.0,1.0,1
017,Bioscope,Daily_Pass,2026-06-26,Success,1.0,64.0,3.0,0
017,Toffee,Daily_Pass,2026-06-15,Buffer_Timeout,1.0,3.0,,0
018,Bioscope,Weekly_Pass,2026-06-29,Success,9.0,83.0,,1
018,Toffee,Daily_Pass,2026-07-07,Buffer_Timeout,1.0,3.0,2.0,0
014,Bioscope,Weekly_Pass,2026-06-11,Success,1.0,88.0,4.0,0
018,Other_Partner,WC_Premium,2026-07-05,Success,1.0,109.0,,1
013,Bioscope,WC_Premium,2026-07-04,Buffer_Timeout,2.0,10.0,2.0,0
014,Bioscope,Weekly_Pass,2026-07-02,Success,3.0,119.0,,0
019,Bioscope,Weekly_Pass,2026-07-09,Success,0.0,89.0,4.0,0
017,Other_Partner,Weekly_Pass,2026-06-17,Success,1.0,131.0,5.0,0
017,Bioscope,WC_Premium,2026-07-08,Buffer_Timeout,2.0,8.0,1.0,0
016,Other_Partner,Daily_Pass,2026-06-28,Success,9.0,67.0,3.0,0
018,Bioscope,Daily_Pass,2026-06-16,Success,7.0,64.0,4.0,0
019,Bioscope,Daily_Pass,2026-06-15,Stuck_at_Number_Screen,3.0,9.0,1.0,1
016,Bioscope,Weekly_Pass,2026-07-07,Stuck_at_Number_Screen,1.0,0.0,,1
018,Toffee,Daily_Pass,2026-07-06,Success,20.0,110.0,3.0,0
015,Toffee,Daily_Pass,2026-06-11,Stuck_at_Number_Screen,2.0,3.0,2.0,1
018,Bioscope,Weekly_Pass,2026-06-12,Success,1.0,103.0,4.0,0
017,Toffee,WC_Premium,2026-06-19,OTP_Failed,1.0,11.0,1.0,1
019,Bioscope,WC_Premium,2026-06-17,Success,4.0,120.0,5.0,0
017,Toffee,WC_Premium,2026-06-15,Success,12.0,76.0,5.0,0
019,Toffee,Daily_Pass,2026-07-05,Stuck_at_Number_Screen,1.0,9.0,,1
015,Bioscope,WC_Premium,2026-07-03,Success,18.0,75.0,,0
016,Bioscope,WC_Premium,2026-07-03,Success,4.0,79.0,5.0,0
018,Bioscope,WC_Premium,2026-06-15,OTP_Failed,0.0,0.0,1.0,1
018,Toffee,Weekly_Pass,2026-07-01,OTP_Failed,2.0,6.0,1.0,1
013,Toffee,Daily_Pass,2026-06-13,Success,5.0,97.0,5.0,0
013,Toffee,Daily_Pass,2026-06-14,OTP_Failed,0.0,4.0,1.0,1
018,Toffee,WC_Premium,2026-06-16,OTP_Failed,1.0,0.0,2.0,1
019,Toffee,Daily_Pass,2026-06-22,Stuck_at_Number_Screen,4.0,2.0,1.0,1
016,Bioscope,Daily_Pass,2026-06-16,Success,9.0,107.0,,0
017,Toffee,Weekly_Pass,2026-07-08,Success,1.0,87.0,,0
018,Bioscope,Daily_Pass,2026-06-23,Success,30.0,101.0,2.0,1
019,Toffee,WC_Premium,2026-06-17,Success,9.0,65.0,4.0,0
018,Toffee,Daily_Pass,2026-06-16,Success,6.0,113.0,4.0,1
018,Toffee,Daily_Pass,2026-07-02,Success,24.0,120.0,1.0,0
019,Other_Partner,WC_Premium,2026-06-15,Buffer_Timeout,3.0,15.0,1.0,0
016,Bioscope,Daily_Pass,2026-06-26,Buffer_Timeout,2.0,8.0,1.0,0
013,Toffee,WC_Premium,2026-07-02,Success,0.0,122.0,5.0,0
019,Bioscope,Weekly_Pass,2026-06-13,Success,22.0,61.0,2.0,0
017,Bioscope,Weekly_Pass,2026-06-26,Success,3.0,80.0,4.0,0
015,Bioscope,Daily_Pass,2026-06-18,Success,9.0,102.0,3.0,0
017,Bioscope,Weekly_Pass,2026-07-02,Buffer_Timeout,1.0,10.0,1.0,0
017,Toffee,Daily_Pass,2026-06-29,Success,14.0,82.0,4.0,0
019,Bioscope,WC_Premium,2026-07-04,Stuck_at_Number_Screen,0.0,0.0,2.0,1
017,Bioscope,Daily_Pass,2026-06-11,Success,33.0,55.0,,1
016,Bioscope,Daily_Pass,2026-06-11,OTP_Failed,0.0,0.0,2.0,1
019,Bioscope,WC_Premium,2026-07-01,OTP_Failed,1.0,2.0,1.0,1
019,Toffee,Weekly_Pass,2026-06-30,Success,19.0,89.0,4.0,0
015,Toffee,Weekly_Pass,2026-06-17,Success,6.0,80.0,5.0,0
017,Bioscope,Weekly_Pass,2026-06-25,Buffer_Timeout,1.0,5.0,,1
016,Bioscope,Daily_Pass,2026-06-28,Success,21.0,101.0,,0
017,Toffee,Daily_Pass,2026-06-21,Success,13.0,54.0,5.0,0
013,Toffee,WC_Premium,2026-06-12,Success,3.0,95.0,5.0,0
019,Bioscope,Daily_Pass,2026-06-16,Success,21.0,117.0,1.0,0
013,Toffee,Daily_Pass,2026-06-28,Success,7.0,85.0,4.0,0
018,Toffee,Weekly_Pass,2026-06-15,Success,8.0,74.0,4.0,0
018,Toffee,Daily_Pass,2026-06-18,Buffer_Timeout,1.0,5.0,1.0,0
018,Other_Partner,WC_Premium,2026-06-19,Success,8.0,124.0,5.0,0
015,Other_Partner,Weekly_Pass,2026-06-22,Success,1.0,92.0,4.0,0
017,Bioscope,WC_Premium,2026-06-12,Success,1.0,65.0,,0
018,Bioscope,Daily_Pass,2026-06-21,Success,2.0,81.0,4.0,0
019,Toffee,Daily_Pass,2026-06-29,OTP_Failed,5.0,6.0,2.0,1
018,Toffee,WC_Premium,2026-06-13,Buffer_Timeout,1.0,7.0,1.0,0
017,Bioscope,Daily_Pass,2026-06-24,Stuck_at_Number_Screen,0.0,7.0,2.0,1
018,Toffee,Weekly_Pass,2026-06-28,Success,1.0,80.0,,1
017,Toffee,WC_Premium,2026-07-02,Success,6.0,82.0,3.0,0
017,Bioscope,Weekly_Pass,2026-06-17,Success,3.0,100.0,5.0,0
019,Toffee,Weekly_Pass,2026-06-11,Success,5.0,96.0,4.0,0
018,Bioscope,Daily_Pass,2026-06-14,Success,16.0,102.0,4.0,0
014,Bioscope,WC_Premium,2026-06-25,Stuck_at_Number_Screen,8.0,9.0,1.0,1
019,Bioscope,Daily_Pass,2026-06-28,Success,2.0,102.0,,0
016,Toffee,WC_Premium,2026-06-11,Success,6.0,95.0,5.0,0
017,Toffee,Daily_Pass,2026-06-18,Stuck_at_Number_Screen,4.0,0.0,,1
013,Bioscope,WC_Premium,2026-06-25,Buffer_Timeout,2.0,4.0,,0
017,Other_Partner,Weekly_Pass,2026-07-08,Success,5.0,67.0,4.0,0
014,Toffee,Daily_Pass,2026-07-08,Success,4.0,96.0,5.0,0
017,Other_Partner,Weekly_Pass,2026-06-24,OTP_Failed,0.0,0.0,2.0,1
017,Bioscope,Daily_Pass,2026-07-04,Success,2.0,106.0,5.0,0
018,Bioscope,Daily_Pass,2026-06-30,Buffer_Timeout,3.0,8.0,1.0,0
017,Toffee,Daily_Pass,2026-06-16,Success,26.0,86.0,,0
017,Toffee,WC_Premium,2026-06-22,Success,5.0,93.0,5.0,0
018,Toffee,Daily_Pass,2026-06-14,Success,2.0,121.0,5.0,0
017,Toffee,WC_Premium,2026-06-26,OTP_Failed,1.0,6.0,2.0,1
017,Other_Partner,Daily_Pass,2026-06-18,OTP_Failed,3.0,6.0,,1
013,Toffee,Weekly_Pass,2026-07-02,OTP_Failed,4.0,2.0,2.0,1
016,Bioscope,WC_Premium,2026-06-19,Buffer_Timeout,0.0,13.0,1.0,0
018,Toffee,WC_Premium,2026-07-03,Success,11.0,94.0,,0
013,Bioscope,Daily_Pass,2026-06-17,Stuck_at_Number_Screen,1.0,0.0,1.0,0
018,Toffee,Weekly_Pass,2026-07-03,Stuck_at_Number_Screen,3.0,10.0,,1
013,Toffee,Daily_Pass,2026-06-14,Stuck_at_Number_Screen,1.0,0.0,1.0,1
014,Toffee,Daily_Pass,2026-07-06,Success,15.0,117.0,,0
017,Bioscope,WC_Premium,2026-06-17,OTP_Failed,1.0,10.0,1.0,1
016,Toffee,Daily_Pass,2026-06-19,OTP_Failed,2.0,5.0,2.0,1
019,Toffee,Daily_Pass,2026-06-30,OTP_Failed,2.0,11.0,1.0,1
019,Toffee,Daily_Pass,2026-07-05,Success,7.0,55.0,3.0,0
017,Other_Partner,Daily_Pass,2026-06-27,Success,19.0,39.0,,0
017,Bioscope,Daily_Pass,2026-06-29,Stuck_at_Number_Screen,1.0,13.0,,1
016,Bioscope,WC_Premium,2026-06-27,Success,3.0,62.0,4.0,0
017,Bioscope,Daily_Pass,2026-06-29,Success,2.0,84.0,,0
019,Toffee,Weekly_Pass,2026-06-26,Success,3.0,114.0,5.0,0
016,Bioscope,WC_Premium,2026-07-01,Stuck_at_Number_Screen,8.0,10.0,2.0,1
016,Toffee,Weekly_Pass,2026-07-07,OTP_Failed,1.0,9.0,1.0,1
017,Toffee,WC_Premium,2026-07-01,Success,4.0,79.0,5.0,0
016,Bioscope,Weekly_Pass,2026-06-23,OTP_Failed,1.0,8.0,,1
016,Bioscope,Weekly_Pass,2026-06-15,Success,13.0,129.0,4.0,0
019,Toffee,Daily_Pass,2026-07-07,Success,2.0,100.0,5.0,0
017,Toffee,WC_Premium,2026-06-27,Success,0.0,95.0,,0
017,Bioscope,WC_Premium,2026-06-30,Success,2.0,108.0,4.0,0
013,Bioscope,Weekly_Pass,2026-07-02,OTP_Failed,0.0,14.0,,0
017,Toffee,Daily_Pass,2026-06-15,Buffer_Timeout,0.0,4.0,1.0,0
018,Toffee,Weekly_Pass,2026-06-30,Success,8.0,89.0,5.0,0
014,Bioscope,Weekly_Pass,2026-06-27,Buffer_Timeout,1.0,9.0,2.0,0
013,Bioscope,WC_Premium,2026-07-09,OTP_Failed,1.0,5.0,1.0,1
019,Other_Partner,Weekly_Pass,2026-07-09,Success,8.0,66.0,5.0,0
017,Toffee,Weekly_Pass,2026-07-01,Success,15.0,88.0,5.0,0
017,Toffee,Weekly_Pass,2026-06-23,OTP_Failed,4.0,8.0,,1
017,Toffee,Daily_Pass,2026-06-21,OTP_Failed,5.0,0.0,2.0,1
017,Bioscope,WC_Premium,2026-06-21,Success,9.0,67.0,5.0,0
014,Toffee,Daily_Pass,2026-06-28,Success,11.0,94.0,3.0,0
017,Toffee,Weekly_Pass,2026-06-14,Stuck_at_Number_Screen,1.0,2.0,1.0,1
018,Toffee,Daily_Pass,2026-06-14,Success,3.0,136.0,4.0,0
018,Bioscope,Daily_Pass,2026-06-18,Stuck_at_Number_Screen,0.0,6.0,,1
014,Toffee,Daily_Pass,2026-06-28,Success,1.0,86.0,4.0,0
017,Bioscope,WC_Premium,2026-07-07,Success,5.0,101.0,3.0,0
017,Bioscope,Weekly_Pass,2026-06-12,Success,2.0,86.0,5.0,0
017,Bioscope,Daily_Pass,2026-06-15,Success,4.0,93.0,5.0,0
013,Toffee,WC_Premium,2026-06-29,Success,10.0,108.0,,1
017,Other_Partner,Weekly_Pass,2026-06-15,Success,2.0,123.0,5.0,0
019,Toffee,Weekly_Pass,2026-06-12,OTP_Failed,0.0,3.0,1.0,1
018,Toffee,Weekly_Pass,2026-06-14,Success,7.0,51.0,,0
018,Other_Partner,Daily_Pass,2026-07-05,Success,12.0,82.0,,0
018,Toffee,Daily_Pass,2026-06-24,Stuck_at_Number_Screen,1.0,6.0,2.0,1
017,Bioscope,Daily_Pass,2026-06-17,Stuck_at_Number_Screen,3.0,7.0,,1
013,Toffee,Weekly_Pass,2026-06-19,Success,10.0,108.0,,0
015,Bioscope,Daily_Pass,2026-07-10,OTP_Failed,0.0,5.0,,0
019,Bioscope,Weekly_Pass,2026-06-23,OTP_Failed,1.0,5.0,1.0,1
019,Toffee,Daily_Pass,2026-07-10,Success,1.0,74.0,3.0,0
019,Bioscope,Daily_Pass,2026-06-11,Success,1.0,80.0,4.0,0
017,Bioscope,WC_Premium,2026-07-09,Success,2.0,114.0,4.0,0
017,Toffee,WC_Premium,2026-07-06,Success,2.0,113.0,4.0,0
017,Toffee,Daily_Pass,2026-06-21,Stuck_at_Number_Screen,1.0,12.0,2.0,0
017,Toffee,WC_Premium,2026-06-22,Stuck_at_Number_Screen,3.0,8.0,,0
017,Bioscope,Weekly_Pass,2026-07-09,Stuck_at_Number_Screen,1.0,4.0,2.0,1
018,Bioscope,WC_Premium,2026-07-03,Success,30.0,85.0,1.0,0
016,Bioscope,Daily_Pass,2026-07-07,Buffer_Timeout,2.0,15.0,1.0,0
019,Toffee,Daily_Pass,2026-07-07,OTP_Failed,0.0,15.0,1.0,1
016,Toffee,WC_Premium,2026-06-25,Success,3.0,96.0,5.0,0
014,Toffee,WC_Premium,2026-06-23,Stuck_at_Number_Screen,1.0,3.0,1.0,1
017,Toffee,Weekly_Pass,2026-06-30,Success,8.0,95.0,5.0,0
017,Bioscope,WC_Premium,2026-06-14,Success,13.0,90.0,5.0,0
016,Other_Partner,Weekly_Pass,2026-06-21,OTP_Failed,2.0,11.0,1.0,1
017,Toffee,Daily_Pass,2026-06-27,Stuck_at_Number_Screen,6.0,0.0,,0
017,Other_Partner,Daily_Pass,2026-06-18,Success,7.0,85.0,3.0,0
017,Toffee,Daily_Pass,2026-07-03,OTP_Failed,1.0,1.0,,1
017,Other_Partner,WC_Premium,2026-07-07,Success,27.0,98.0,1.0,0
018,Toffee,WC_Premium,2026-06-28,OTP_Failed,1.0,7.0,1.0,1
013,Other_Partner,Weekly_Pass,2026-06-24,Success,1.0,96.0,4.0,0
018,Toffee,Weekly_Pass,2026-06-24,Buffer_Timeout,1.0,0.0,,0
016,Other_Partner,WC_Premium,2026-07-09,Stuck_at_Number_Screen,1.0,0.0,1.0,1
013,Toffee,Daily_Pass,2026-07-07,Success,8.0,85.0,5.0,0
017,Toffee,Daily_Pass,2026-07-04,Stuck_at_Number_Screen,1.0,7.0,1.0,1
017,Toffee,Weekly_Pass,2026-06-14,Stuck_at_Number_Screen,1.0,7.0,2.0,1
017,Toffee,Weekly_Pass,2026-06-20,Success,8.0,85.0,3.0,0
016,Bioscope,WC_Premium,2026-06-13,Buffer_Timeout,2.0,10.0,2.0,0
019,Other_Partner,Daily_Pass,2026-06-15,Buffer_Timeout,4.0,2.0,1.0,0
016,Bioscope,Weekly_Pass,2026-07-01,Success,3.0,103.0,4.0,0
017,Bioscope,WC_Premium,2026-06-23,Success,3.0,79.0,3.0,0
018,Toffee,Daily_Pass,2026-06-30,Success,13.0,56.0,5.0,0
018,Bioscope,Weekly_Pass,2026-07-02,Success,3.0,82.0,4.0,0
018,Toffee,Daily_Pass,2026-06-15,Success,3.0,69.0,5.0,0
018,Bioscope,Weekly_Pass,2026-06-12,Success,2.0,134.0,4.0,0
018,Toffee,WC_Premium,2026-06-26,Buffer_Timeout,1.0,0.0,1.0,0
018,Bioscope,Daily_Pass,2026-06-17,Stuck_at_Number_Screen,0.0,5.0,1.0,1
016,Toffee,WC_Premium,2026-06-19,Stuck_at_Number_Screen,1.0,7.0,,1
017,Toffee,Daily_Pass,2026-06-12,Buffer_Timeout,0.0,10.0,1.0,1
016,Toffee,Daily_Pass,2026-07-08,Success,6.0,107.0,3.0,0
017,Toffee,Weekly_Pass,2026-07-08,OTP_Failed,1.0,0.0,1.0,1
017,Toffee,WC_Premium,2026-07-06,Success,7.0,88.0,4.0,0
015,Toffee,Daily_Pass,2026-06-12,OTP_Failed,0.0,0.0,2.0,1
015,Bioscope,Daily_Pass,2026-06-28,Success,7.0,103.0,3.0,0
017,Toffee,Weekly_Pass,2026-07-08,Success,1.0,53.0,,1
013,Bioscope,Daily_Pass,2026-07-03,Success,3.0,62.0,5.0,0
017,Toffee,Daily_Pass,2026-06-23,OTP_Failed,6.0,4.0,2.0,1
018,Toffee,Daily_Pass,2026-06-16,Buffer_Timeout,2.0,1.0,1.0,0
019,Bioscope,WC_Premium,2026-06-14,Success,53.0,92.0,,1
015,Bioscope,WC_Premium,2026-07-09,Success,14.0,100.0,3.0,0
018,Toffee,Daily_Pass,2026-07-04,OTP_Failed,4.0,0.0,1.0,1
013,Bioscope,Weekly_Pass,2026-06-12,Success,0.0,100.0,5.0,0
018,Toffee,Daily_Pass,2026-07-10,Buffer_Timeout,0.0,6.0,,0
017,Bioscope,Weekly_Pass,2026-07-10,Success,18.0,93.0,5.0,0
014,Bioscope,Daily_Pass,2026-07-10,Success,3.0,87.0,4.0,0
019,Toffee,Daily_Pass,2026-06-16,Success,2.0,88.0,,0
018,Bioscope,WC_Premium,2026-06-23,Success,9.0,101.0,,0
017,Bioscope,Daily_Pass,2026-07-07,Success,27.0,84.0,2.0,0
017,Toffee,Daily_Pass,2026-06-11,Success,7.0,89.0,4.0,0
017,Bioscope,WC_Premium,2026-07-01,Stuck_at_Number_Screen,4.0,6.0,1.0,1
019,Other_Partner,WC_Premium,2026-07-04,Success,4.0,91.0,5.0,0
018,Bioscope,Daily_Pass,2026-06-11,Success,18.0,97.0,5.0,1
017,Toffee,Weekly_Pass,2026-06-12,Buffer_Timeout,0.0,4.0,,0
018,Other_Partner,Weekly_Pass,2026-06-27,Success,2.0,82.0,4.0,0
019,Toffee,Weekly_Pass,2026-07-07,Success,6.0,96.0,4.0,0
017,Toffee,WC_Premium,2026-06-24,Success,17.0,70.0,4.0,0
019,Toffee,WC_Premium,2026-06-30,Success,23.0,116.0,2.0,0
019,Bioscope,WC_Premium,2026-06-19,Stuck_at_Number_Screen,0.0,7.0,1.0,1
014,Other_Partner,Daily_Pass,2026-06-30,Stuck_at_Number_Screen,1.0,2.0,1.0,1
013,Bioscope,Weekly_Pass,2026-07-03,OTP_Failed,5.0,2.0,1.0,1
017,Other_Partner,Weekly_Pass,2026-06-22,OTP_Failed,1.0,10.0,1.0,1
013,Toffee,Daily_Pass,2026-06-15,Success,7.0,123.0,4.0,0
017,Toffee,Daily_Pass,2026-07-05,Success,2.0,82.0,,0
017,Bioscope,Daily_Pass,2026-07-10,Stuck_at_Number_Screen,2.0,1.0,2.0,1
018,Other_Partner,Daily_Pass,2026-07-01,Success,6.0,90.0,3.0,0
018,Bioscope,Daily_Pass,2026-06-16,Buffer_Timeout,3.0,7.0,1.0,1
019,Toffee,Daily_Pass,2026-06-16,Success,11.0,81.0,4.0,0
017,Toffee,Daily_Pass,2026-06-27,Success,7.0,114.0,4.0,1
018,Toffee,Weekly_Pass,2026-06-25,OTP_Failed,2.0,0.0,,1
019,Toffee,Weekly_Pass,2026-06-29,OTP_Failed,3.0,11.0,1.0,1
019,Toffee,Daily_Pass,2026-07-07,OTP_Failed,9.0,12.0,1.0,0
019,Other_Partner,WC_Premium,2026-07-09,Success,5.0,81.0,5.0,0
016,Bioscope,Weekly_Pass,2026-06-28,Success,0.0,124.0,4.0,0
014,Bioscope,WC_Premium,2026-07-03,Buffer_Timeout,9.0,3.0,1.0,0
017,Toffee,WC_Premium,2026-06-30,Stuck_at_Number_Screen,3.0,2.0,2.0,1
018,Toffee,Daily_Pass,2026-06-22,Success,2.0,90.0,,0
017,Bioscope,Weekly_Pass,2026-06-19,Stuck_at_Number_Screen,1.0,0.0,2.0,1
017,Bioscope,Weekly_Pass,2026-06-29,Buffer_Timeout,4.0,13.0,1.0,1
017,Bioscope,Daily_Pass,2026-06-17,OTP_Failed,0.0,13.0,2.0,0
017,Bioscope,Daily_Pass,2026-06-25,Success,21.0,141.0,1.0,0
017,Bioscope,WC_Premium,2026-06-15,OTP_Failed,1.0,5.0,,1
017,Toffee,Daily_Pass,2026-06-12,Success,2.0,64.0,5.0,0
017,Toffee,WC_Premium,2026-06-27,Success,26.0,70.0,,0
014,Bioscope,WC_Premium,2026-06-21,Stuck_at_Number_Screen,3.0,0.0,1.0,1
017,Toffee,Weekly_Pass,2026-07-06,OTP_Failed,1.0,9.0,1.0,1
016,Toffee,Daily_Pass,2026-06-20,Success,15.0,81.0,4.0,0
017,Toffee,Weekly_Pass,2026-07-01,Success,25.0,90.0,1.0,0
014,Toffee,Daily_Pass,2026-07-09,Success,14.0,87.0,3.0,0
019,Other_Partner,Daily_Pass,2026-06-29,Stuck_at_Number_Screen,1.0,6.0,1.0,1
016,Toffee,WC_Premium,2026-06-25,Success,1.0,87.0,4.0,0
016,Toffee,Daily_Pass,2026-07-09,OTP_Failed,4.0,7.0,2.0,1
017,Bioscope,Weekly_Pass,2026-06-17,Success,4.0,92.0,4.0,0
015,Bioscope,WC_Premium,2026-06-19,Stuck_at_Number_Screen,3.0,0.0,1.0,1
019,Bioscope,Daily_Pass,2026-06-14,Buffer_Timeout,0.0,9.0,2.0,0
019,Other_Partner,Weekly_Pass,2026-06-19,OTP_Failed,4.0,9.0,1.0,1
016,Bioscope,Weekly_Pass,2026-07-02,Success,3.0,60.0,,0
017,Bioscope,Weekly_Pass,2026-06-11,Stuck_at_Number_Screen,5.0,4.0,,0
019,Toffee,WC_Premium,2026-07-06,Success,14.0,87.0,,0
017,Toffee,WC_Premium,2026-06-17,Success,1.0,94.0,,0
018,Bioscope,Weekly_Pass,2026-07-07,Success,8.0,91.0,,0
017,Bioscope,Weekly_Pass,2026-06-26,Success,1.0,86.0,4.0,0
014,Other_Partner,Weekly_Pass,2026-06-13,Success,1.0,42.0,5.0,0
017,Bioscope,WC_Premium,2026-06-12,Success,6.0,95.0,3.0,0
017,Bioscope,Weekly_Pass,2026-06-11,Success,11.0,62.0,3.0,0
018,Toffee,Daily_Pass,2026-07-05,Stuck_at_Number_Screen,0.0,7.0,1.0,1
019,Toffee,Daily_Pass,2026-06-14,Success,5.0,53.0,4.0,0
018,Toffee,WC_Premium,2026-06-30,Buffer_Timeout,4.0,7.0,,0
017,Toffee,Daily_Pass,2026-06-29,Success,17.0,72.0,,0
017,Toffee,Weekly_Pass,2026-06-11,Success,4.0,99.0,3.0,0
019,Toffee,WC_Premium,2026-07-10,Success,2.0,90.0,4.0,0
015,Bioscope,Daily_Pass,2026-06-14,Success,20.0,47.0,5.0,0
019,Bioscope,Weekly_Pass,2026-06-25,Buffer_Timeout,0.0,0.0,1.0,1
018,Bioscope,Daily_Pass,2026-06-20,Stuck_at_Number_Screen,3.0,1.0,2.0,0
014,Toffee,WC_Premium,2026-06-11,Success,2.0,100.0,4.0,0
013,Toffee,Daily_Pass,2026-07-04,Success,0.0,77.0,,0
018,Other_Partner,Weekly_Pass,2026-07-02,Success,1.0,131.0,4.0,0
018,Toffee,Weekly_Pass,2026-06-23,Success,7.0,86.0,4.0,0
013,Other_Partner,WC_Premium,2026-06-22,Stuck_at_Number_Screen,1.0,3.0,2.0,1
019,Toffee,Daily_Pass,2026-06-28,Success,6.0,100.0,4.0,0
018,Bioscope,Weekly_Pass,2026-06-12,Success,12.0,100.0,,0
017,Toffee,Daily_Pass,2026-06-23,Success,9.0,102.0,,0
017,Toffee,Daily_Pass,2026-06-25,Success,4.0,94.0,,0
017,Toffee,WC_Premium,2026-07-08,Buffer_Timeout,1.0,15.0,2.0,1
018,Bioscope,Daily_Pass,2026-06-17,Success,34.0,94.0,1.0,1
017,Toffee,WC_Premium,2026-06-29,Success,1.0,112.0,,0
017,Bioscope,WC_Premium,2026-06-12,Stuck_at_Number_Screen,1.0,0.0,1.0,1
016,Toffee,WC_Premium,2026-06-11,Success,12.0,85.0,5.0,0
016,Toffee,Weekly_Pass,2026-07-07,Success,5.0,85.0,4.0,0
019,Other_Partner,Daily_Pass,2026-06-24,Success,1.0,106.0,4.0,0
018,Bioscope,Weekly_Pass,2026-06-12,Buffer_Timeout,4.0,0.0,2.0,0
019,Bioscope,WC_Premium,2026-06-28,Stuck_at_Number_Screen,2.0,4.0,1.0,1
014,Toffee,WC_Premium,2026-06-25,Buffer_Timeout,2.0,7.0,1.0,0
019,Toffee,Weekly_Pass,2026-06-15,OTP_Failed,3.0,2.0,,0
018,Other_Partner,WC_Premium,2026-06-30,Success,3.0,51.0,5.0,0
017,Toffee,WC_Premium,2026-07-08,Success,23.0,107.0,1.0,0
015,Bioscope,WC_Premium,2026-06-24,Stuck_at_Number_Screen,3.0,11.0,1.0,1
017,Toffee,Weekly_Pass,2026-07-09,Success,9.0,86.0,5.0,0
017,Other_Partner,WC_Premium,2026-07-01,Success,11.0,91.0,5.0,1
013,Toffee,WC_Premium,2026-07-02,Buffer_Timeout,4.0,7.0,1.0,1
017,Toffee,Daily_Pass,2026-07-04,Success,25.0,108.0,1.0,0
015,Bioscope,WC_Premium,2026-06-21,Success,12.0,69.0,5.0,0
018,Other_Partner,Daily_Pass,2026-07-07,OTP_Failed,1.0,2.0,1.0,1
018,Other_Partner,Weekly_Pass,2026-07-02,OTP_Failed,2.0,0.0,,0
016,Bioscope,WC_Premium,2026-06-23,Success,16.0,116.0,4.0,0
018,Bioscope,Weekly_Pass,2026-06-21,Success,1.0,99.0,3.0,0
017,Bioscope,WC_Premium,2026-07-05,Success,0.0,72.0,,0
018,Bioscope,Weekly_Pass,2026-07-10,Success,4.0,65.0,,0
016,Bioscope,Daily_Pass,2026-07-01,Success,1.0,98.0,3.0,0
013,Toffee,Daily_Pass,2026-07-02,Stuck_at_Number_Screen,1.0,0.0,,1
019,Bioscope,Weekly_Pass,2026-06-14,Success,12.0,116.0,4.0,0
017,Bioscope,WC_Premium,2026-06-14,Stuck_at_Number_Screen,1.0,7.0,1.0,1
017,Bioscope,Daily_Pass,2026-07-01,Stuck_at_Number_Screen,0.0,3.0,2.0,1
017,Bioscope,Weekly_Pass,2026-06-22,OTP_Failed,4.0,4.0,1.0,1
013,Toffee,Daily_Pass,2026-06-20,Success,13.0,95.0,3.0,0
019,Toffee,WC_Premium,2026-06-27,Success,6.0,108.0,4.0,0
019,Toffee,Daily_Pass,2026-06-12,OTP_Failed,1.0,3.0,2.0,1
013,Toffee,WC_Premium,2026-07-09,Buffer_Timeout,3.0,0.0,2.0,0
018,Toffee,Daily_Pass,2026-06-30,Success,5.0,102.0,5.0,0
016,Other_Partner,Daily_Pass,2026-07-03,Buffer_Timeout,2.0,9.0,,1
017,Bioscope,WC_Premium,2026-07-10,Success,1.0,101.0,5.0,0
017,Bioscope,Weekly_Pass,2026-06-21,Buffer_Timeout,1.0,1.0,,0
015,Toffee,Weekly_Pass,2026-06-12,Success,1.0,107.0,4.0,0
018,Other_Partner,WC_Premium,2026-06-12,OTP_Failed,2.0,10.0,1.0,1
015,Bioscope,Weekly_Pass,2026-06-30,Stuck_at_Number_Screen,1.0,2.0,1.0,1
017,Toffee,WC_Premium,2026-07-07,Stuck_at_Number_Screen,2.0,1.0,1.0,1
016,Bioscope,WC_Premium,2026-06-23,Stuck_at_Number_Screen,0.0,3.0,1.0,1
017,Other_Partner,Weekly_Pass,2026-06-30,Success,9.0,63.0,4.0,0
017,Toffee,Daily_Pass,2026-07-05,Success,27.0,129.0,,0
018,Bioscope,Daily_Pass,2026-07-05,Success,4.0,111.0,5.0,0
017,Other_Partner,WC_Premium,2026-06-23,Success,5.0,99.0,4.0,0
017,Toffee,WC_Premium,2026-07-01,Success,15.0,71.0,4.0,0
017,Bioscope,Daily_Pass,2026-06-27,Success,9.0,75.0,4.0,0
017,Toffee,Daily_Pass,2026-07-04,OTP_Failed,0.0,8.0,1.0,1
016,Toffee,Daily_Pass,2026-06-25,OTP_Failed,10.0,7.0,1.0,1
018,Bioscope,Weekly_Pass,2026-07-02,Success,9.0,77.0,4.0,0
017,Toffee,Daily_Pass,2026-06-24,OTP_Failed,4.0,10.0,,0
017,Bioscope,WC_Premium,2026-07-07,Success,2.0,104.0,5.0,0
017,Toffee,WC_Premium,2026-07-01,Success,6.0,63.0,4.0,0
018,Toffee,WC_Premium,2026-06-11,OTP_Failed,0.0,7.0,1.0,1
017,Bioscope,Daily_Pass,2026-07-07,Success,4.0,104.0,,1
019,Toffee,WC_Premium,2026-06-26,OTP_Failed,2.0,7.0,1.0,1
017,Toffee,WC_Premium,2026-06-26,Success,22.0,98.0,1.0,0
017,Bioscope,Daily_Pass,2026-07-02,OTP_Failed,0.0,0.0,,0
019,Other_Partner,Weekly_Pass,2026-06-21,Success,5.0,80.0,,0
016,Bioscope,WC_Premium,2026-07-09,Success,12.0,84.0,5.0,0
017,Bioscope,WC_Premium,2026-07-06,Success,1.0,108.0,4.0,0
019,Bioscope,Daily_Pass,2026-07-07,Stuck_at_Number_Screen,1.0,0.0,1.0,1
018,Other_Partner,Daily_Pass,2026-07-01,Success,8.0,70.0,3.0,0
019,Toffee,Weekly_Pass,2026-06-29,Success,0.0,71.0,4.0,1
018,Toffee,WC_Premium,2026-06-26,Success,2.0,78.0,5.0,0
016,Toffee,WC_Premium,2026-06-17,Success,5.0,131.0,4.0,0
015,Toffee,Daily_Pass,2026-06-25,Success,10.0,80.0,4.0,0
017,Other_Partner,Daily_Pass,2026-06-30,Success,4.0,110.0,5.0,0
018,Bioscope,WC_Premium,2026-07-07,Buffer_Timeout,0.0,10.0,2.0,0
018,Bioscope,WC_Premium,2026-06-20,Success,3.0,86.0,4.0,0
017,Toffee,WC_Premium,2026-07-10,Success,1.0,94.0,4.0,0
017,Toffee,WC_Premium,2026-07-07,Buffer_Timeout,0.0,7.0,1.0,0
017,Toffee,Daily_Pass,2026-06-28,Success,13.0,117.0,5.0,0
018,Other_Partner,WC_Premium,2026-06-27,Success,4.0,97.0,4.0,0
018,Toffee,Daily_Pass,2026-06-28,Success,23.0,106.0,1.0,0
018,Bioscope,WC_Premium,2026-07-07,Buffer_Timeout,1.0,2.0,1.0,0
017,Toffee,Weekly_Pass,2026-06-17,Buffer_Timeout,0.0,7.0,2.0,0
018,Bioscope,WC_Premium,2026-06-19,Success,8.0,70.0,5.0,0
014,Bioscope,WC_Premium,2026-06-24,Success,8.0,91.0,,0
013,Bioscope,Daily_Pass,2026-07-10,Success,5.0,64.0,,0
018,Toffee,Daily_Pass,2026-06-11,Buffer_Timeout,0.0,3.0,,0
019,Toffee,Weekly_Pass,2026-06-27,Success,5.0,112.0,,0
019,Toffee,WC_Premium,2026-06-11,Buffer_Timeout,1.0,0.0,,0
018,Other_Partner,WC_Premium,2026-06-21,Stuck_at_Number_Screen,2.0,1.0,1.0,1
019,Toffee,WC_Premium,2026-07-09,Success,14.0,94.0,3.0,0
013,Toffee,Weekly_Pass,2026-06-28,OTP_Failed,2.0,8.0,1.0,1
019,Bioscope,Daily_Pass,2026-06-23,Success,15.0,79.0,4.0,0
017,Bioscope,Daily_Pass,2026-07-04,Success,31.0,66.0,1.0,1
017,Bioscope,Daily_Pass,2026-06-23,Success,5.0,71.0,4.0,0
017,Other_Partner,Weekly_Pass,2026-06-28,Success,6.0,59.0,4.0,0
019,Bioscope,WC_Premium,2026-06-30,Success,38.0,104.0,1.0,1
013,Other_Partner,Daily_Pass,2026-07-06,Success,13.0,101.0,5.0,0
017,Bioscope,WC_Premium,2026-07-08,OTP_Failed,2.0,0.0,,1
017,Toffee,Daily_Pass,2026-06-28,OTP_Failed,2.0,0.0,1.0,1
014,Other_Partner,Daily_Pass,2026-06-16,Buffer_Timeout,0.0,4.0,2.0,0
019,Bioscope,Weekly_Pass,2026-06-23,Stuck_at_Number_Screen,1.0,2.0,1.0,1
018,Toffee,Weekly_Pass,2026-07-09,OTP_Failed,1.0,6.0,1.0,1
018,Bioscope,WC_Premium,2026-06-16,Success,4.0,66.0,5.0,0
018,Toffee,Weekly_Pass,2026-06-18,Success,4.0,70.0,4.0,0
013,Toffee,Daily_Pass,2026-06-28,Success,8.0,126.0,4.0,0
014,Bioscope,WC_Premium,2026-06-11,Success,2.0,88.0,,0
017,Bioscope,WC_Premium,2026-06-22,OTP_Failed,0.0,2.0,1.0,1
013,Bioscope,Weekly_Pass,2026-06-11,OTP_Failed,3.0,14.0,1.0,1
017,Toffee,Daily_Pass,2026-06-22,Buffer_Timeout,2.0,0.0,1.0,0
018,Other_Partner,Daily_Pass,2026-06-24,Success,3.0,79.0,4.0,0
018,Toffee,Daily_Pass,2026-06-15,OTP_Failed,2.0,5.0,,1
018,Toffee,Daily_Pass,2026-06-22,Stuck_at_Number_Screen,2.0,8.0,1.0,0
017,Toffee,WC_Premium,2026-07-01,Success,3.0,59.0,,0
018,Toffee,Daily_Pass,2026-06-12,Success,10.0,71.0,3.0,0
017,Toffee,Weekly_Pass,2026-06-16,Buffer_Timeout,0.0,6.0,1.0,1
017,Bioscope,Weekly_Pass,2026-06-26,Success,7.0,66.0,4.0,0
017,Bioscope,WC_Premium,2026-06-12,Stuck_at_Number_Screen,1.0,6.0,1.0,1
019,Other_Partner,Daily_Pass,2026-07-07,Buffer_Timeout,1.0,9.0,1.0,0
013,Bioscope,Weekly_Pass,2026-07-03,Success,3.0,78.0,,0
018,Toffee,Daily_Pass,2026-06-13,Success,10.0,83.0,,0
016,Bioscope,Daily_Pass,2026-06-25,Stuck_at_Number_Screen,2.0,2.0,1.0,0
016,Bioscope,Daily_Pass,2026-06-28,Stuck_at_Number_Screen,1.0,7.0,1.0,1
018,Toffee,Weekly_Pass,2026-06-21,Success,5.0,120.0,3.0,0
013,Bioscope,Daily_Pass,2026-06-16,Success,18.0,83.0,4.0,0
013,Toffee,Weekly_Pass,2026-07-06,Success,3.0,107.0,4.0,0
018,Toffee,Daily_Pass,2026-06-27,Stuck_at_Number_Screen,1.0,3.0,1.0,1
018,Bioscope,WC_Premium,2026-06-15,Success,21.0,77.0,1.0,0
019,Bioscope,Weekly_Pass,2026-06-20,Success,2.0,96.0,4.0,0
019,Bioscope,WC_Premium,2026-06-21,OTP_Failed,2.0,0.0,1.0,0
017,Toffee,Daily_Pass,2026-07-02,Success,16.0,124.0,,0
017,Bioscope,WC_Premium,2026-06-18,Buffer_Timeout,1.0,4.0,1.0,1
018,Other_Partner,Weekly_Pass,2026-06-13,Buffer_Timeout,6.0,5.0,1.0,0
017,Other_Partner,Daily_Pass,2026-07-03,Success,2.0,104.0,4.0,0
017,Toffee,WC_Premium,2026-07-07,Success,11.0,84.0,5.0,0
019,Toffee,WC_Premium,2026-06-27,Success,28.0,104.0,1.0,0
017,Bioscope,WC_Premium,2026-06-16,Success,3.0,88.0,5.0,0
014,Toffee,WC_Premium,2026-06-11,OTP_Failed,2.0,9.0,1.0,1
016,Toffee,Daily_Pass,2026-07-03,Success,15.0,97.0,5.0,0
019,Toffee,Daily_Pass,2026-06-25,Success,0.0,127.0,,0
017,Bioscope,Weekly_Pass,2026-07-04,Success,0.0,102.0,,0
017,Bioscope,Daily_Pass,2026-07-02,Success,0.0,139.0,4.0,0
018,Toffee,WC_Premium,2026-06-27,Success,12.0,71.0,4.0,0
017,Toffee,Weekly_Pass,2026-06-18,OTP_Failed,6.0,6.0,1.0,1
017,Bioscope,WC_Premium,2026-06-12,Success,7.0,100.0,4.0,0
017,Toffee,Weekly_Pass,2026-07-09,Success,5.0,79.0,4.0,0
017,Bioscope,Weekly_Pass,2026-07-05,Stuck_at_Number_Screen,7.0,11.0,1.0,1
017,Toffee,Daily_Pass,2026-06-25,Stuck_at_Number_Screen,2.0,8.0,1.0,1
019,Toffee,Daily_Pass,2026-06-26,Success,7.0,103.0,3.0,0
017,Toffee,WC_Premium,2026-07-07,Success,1.0,119.0,,0
017,Bioscope,WC_Premium,2026-07-07,Success,8.0,83.0,,0
018,Bioscope,Weekly_Pass,2026-06-27,Success,1.0,69.0,5.0,0
015,Toffee,WC_Premium,2026-07-02,OTP_Failed,3.0,4.0,,1
017,Toffee,Weekly_Pass,2026-07-01,Success,9.0,91.0,,0
017,Toffee,WC_Premium,2026-06-15,OTP_Failed,5.0,15.0,,1
018,Bioscope,Daily_Pass,2026-06-16,Buffer_Timeout,5.0,9.0,1.0,0
014,Toffee,Weekly_Pass,2026-07-09,OTP_Failed,0.0,2.0,1.0,1
019,Toffee,Weekly_Pass,2026-06-16,Success,3.0,112.0,4.0,0
018,Bioscope,Weekly_Pass,2026-06-21,Success,10.0,102.0,,0
017,Bioscope,Daily_Pass,2026-07-06,Success,1.0,118.0,5.0,0
018,Toffee,Weekly_Pass,2026-06-18,OTP_Failed,1.0,7.0,1.0,1
017,Toffee,Weekly_Pass,2026-06-25,Success,4.0,71.0,,0
016,Other_Partner,Daily_Pass,2026-06-14,Success,10.0,116.0,5.0,0
016,Other_Partner,WC_Premium,2026-07-05,Success,1.0,81.0,4.0,0
015,Toffee,WC_Premium,2026-06-18,Success,30.0,116.0,1.0,0
017,Bioscope,WC_Premium,2026-06-11,OTP_Failed,5.0,0.0,2.0,1
017,Bioscope,Weekly_Pass,2026-06-14,Buffer_Timeout,0.0,0.0,1.0,0
018,Other_Partner,Daily_Pass,2026-06-26,Buffer_Timeout,2.0,12.0,2.0,1
016,Toffee,Weekly_Pass,2026-07-04,OTP_Failed,3.0,3.0,2.0,1
019,Bioscope,Daily_Pass,2026-06-18,Success,9.0,70.0,,0
017,Bioscope,Weekly_Pass,2026-06-30,Success,1.0,103.0,5.0,0
017,Toffee,Daily_Pass,2026-07-04,Success,9.0,93.0,4.0,0
018,Bioscope,Daily_Pass,2026-06-29,Success,6.0,81.0,,0
017,Toffee,Daily_Pass,2026-06-13,OTP_Failed,0.0,5.0,1.0,1
019,Toffee,Daily_Pass,2026-07-05,Buffer_Timeout,0.0,0.0,1.0,1
018,Toffee,WC_Premium,2026-07-03,OTP_Failed,3.0,9.0,1.0,1
019,Other_Partner,WC_Premium,2026-07-02,Stuck_at_Number_Screen,1.0,0.0,1.0,1
018,Bioscope,Weekly_Pass,2026-06-25,Success,1.0,48.0,4.0,0
019,Bioscope,Daily_Pass,2026-06-28,Success,19.0,130.0,3.0,0
017,Bioscope,WC_Premium,2026-07-10,Buffer_Timeout,3.0,3.0,1.0,0
019,Toffee,WC_Premium,2026-07-05,OTP_Failed,2.0,0.0,1.0,1
017,Toffee,WC_Premium,2026-06-27,Success,0.0,88.0,5.0,0
018,Bioscope,Weekly_Pass,2026-06-11,Success,28.0,98.0,1.0,0
017,Other_Partner,Daily_Pass,2026-07-04,Success,24.0,107.0,2.0,0
018,Toffee,Daily_Pass,2026-06-29,Stuck_at_Number_Screen,1.0,1.0,,1
017,Toffee,WC_Premium,2026-06-19,Success,3.0,100.0,,1
017,Toffee,WC_Premium,2026-07-03,Success,9.0,125.0,5.0,0
015,Toffee,Weekly_Pass,2026-06-26,OTP_Failed,0.0,0.0,1.0,1
017,Toffee,Daily_Pass,2026-06-20,OTP_Failed,4.0,2.0,,1
019,Bioscope,Weekly_Pass,2026-06-17,Success,0.0,93.0,4.0,0
015,Toffee,WC_Premium,2026-06-26,Success,7.0,63.0,,0
017,Toffee,WC_Premium,2026-06-20,OTP_Failed,0.0,0.0,1.0,1
016,Bioscope,Weekly_Pass,2026-06-20,Success,4.0,87.0,,0
017,Other_Partner,Daily_Pass,2026-06-27,Success,2.0,103.0,4.0,0
017,Toffee,Daily_Pass,2026-06-22,Buffer_Timeout,7.0,5.0,1.0,0
013,Bioscope,WC_Premium,2026-06-27,Stuck_at_Number_Screen,0.0,0.0,1.0,1
014,Toffee,WC_Premium,2026-07-03,OTP_Failed,3.0,6.0,,1
017,Other_Partner,Daily_Pass,2026-07-08,OTP_Failed,5.0,4.0,1.0,0
018,Bioscope,Daily_Pass,2026-07-05,Success,5.0,53.0,4.0,0
018,Bioscope,Weekly_Pass,2026-06-28,Buffer_Timeout,1.0,12.0,1.0,0
019,Toffee,Daily_Pass,2026-06-17,Buffer_Timeout,0.0,5.0,1.0,1
017,Bioscope,Weekly_Pass,2026-06-22,OTP_Failed,1.0,6.0,1.0,1
016,Bioscope,Weekly_Pass,2026-06-18,OTP_Failed,1.0,5.0,1.0,0
016,Toffee,WC_Premium,2026-06-28,OTP_Failed,1.0,8.0,1.0,0
016,Toffee,WC_Premium,2026-06-27,OTP_Failed,4.0,1.0,2.0,1
014,Bioscope,Daily_Pass,2026-06-25,Success,11.0,116.0,4.0,0
019,Bioscope,Weekly_Pass,2026-06-21,Success,12.0,122.0,4.0,0
017,Toffee,Daily_Pass,2026-06-22,Success,6.0,106.0,5.0,0
018,Bioscope,WC_Premium,2026-06-17,Success,4.0,71.0,5.0,0
013,Toffee,WC_Premium,2026-06-27,Success,6.0,85.0,,0
017,Toffee,Daily_Pass,2026-06-25,Success,25.0,74.0,1.0,0
018,Bioscope,Daily_Pass,2026-06-12,Stuck_at_Number_Screen,2.0,9.0,1.0,1
013,Toffee,Daily_Pass,2026-06-15,Success,2.0,52.0,,0
013,Toffee,Weekly_Pass,2026-06-24,OTP_Failed,3.0,1.0,2.0,1
015,Toffee,Daily_Pass,2026-06-13,Success,7.0,106.0,5.0,0
017,Bioscope,Weekly_Pass,2026-07-01,Success,1.0,96.0,,0
014,Toffee,Weekly_Pass,2026-06-18,OTP_Failed,9.0,9.0,1.0,1
018,Other_Partner,Weekly_Pass,2026-07-10,Success,9.0,97.0,5.0,0
018,Toffee,WC_Premium,2026-06-25,OTP_Failed,1.0,8.0,1.0,1
019,Bioscope,Daily_Pass,2026-06-15,Stuck_at_Number_Screen,1.0,0.0,1.0,1
013,Toffee,WC_Premium,2026-06-13,Success,2.0,119.0,,0
013,Bioscope,Daily_Pass,2026-06-28,Success,1.0,92.0,5.0,0
013,Bioscope,Daily_Pass,2026-07-09,Success,5.0,106.0,4.0,0
013,Toffee,Weekly_Pass,2026-06-15,OTP_Failed,0.0,10.0,1.0,1
014,Toffee,Weekly_Pass,2026-06-11,OTP_Failed,0.0,11.0,1.0,1
019,Toffee,Daily_Pass,2026-07-07,OTP_Failed,0.0,4.0,2.0,1
017,Toffee,Weekly_Pass,2026-06-26,Success,9.0,92.0,,0
017,Toffee,Daily_Pass,2026-07-02,Success,11.0,118.0,4.0,0
013,Bioscope,WC_Premium,2026-06-14,Success,2.0,69.0,4.0,0
017,Bioscope,Weekly_Pass,2026-06-15,Success,1.0,69.0,4.0,0
018,Toffee,Weekly_Pass,2026-07-05,Success,1.0,94.0,3.0,0
017,Toffee,WC_Premium,2026-06-21,Success,2.0,88.0,3.0,0
018,Toffee,WC_Premium,2026-06-24,OTP_Failed,0.0,1.0,1.0,1
017,Toffee,Weekly_Pass,2026-07-10,Buffer_Timeout,0.0,3.0,1.0,0
017,Bioscope,Weekly_Pass,2026-06-22,Success,2.0,139.0,,0
016,Bioscope,Weekly_Pass,2026-06-22,Buffer_Timeout,1.0,8.0,1.0,1
018,Toffee,Daily_Pass,2026-06-15,OTP_Failed,0.0,0.0,1.0,1
015,Toffee,Daily_Pass,2026-06-20,Stuck_at_Number_Screen,0.0,5.0,1.0,0
019,Bioscope,Daily_Pass,2026-06-13,Success,16.0,117.0,5.0,0
013,Toffee,WC_Premium,2026-06-18,Buffer_Timeout,2.0,6.0,1.0,0
017,Toffee,Daily_Pass,2026-07-04,Buffer_Timeout,4.0,0.0,1.0,0
019,Bioscope,Daily_Pass,2026-06-27,Buffer_Timeout,1.0,12.0,2.0,0
014,Bioscope,Daily_Pass,2026-07-04,Stuck_at_Number_Screen,5.0,13.0,1.0,1
019,Toffee,Weekly_Pass,2026-06-21,Success,6.0,72.0,,0
017,Bioscope,Weekly_Pass,2026-07-05,Success,3.0,84.0,4.0,0
015,Toffee,Weekly_Pass,2026-06-26,Buffer_Timeout,1.0,4.0,,0
017,Bioscope,Daily_Pass,2026-07-01,Success,6.0,111.0,4.0,0
016,Toffee,WC_Premium,2026-06-21,Success,4.0,70.0,5.0,1
014,Bioscope,Weekly_Pass,2026-07-01,Success,9.0,100.0,5.0,0
017,Bioscope,Weekly_Pass,2026-07-06,OTP_Failed,3.0,0.0,,1
014,Toffee,WC_Premium,2026-07-04,OTP_Failed,5.0,5.0,1.0,1
017,Bioscope,WC_Premium,2026-06-27,Buffer_Timeout,1.0,3.0,1.0,0
015,Bioscope,Weekly_Pass,2026-06-28,Buffer_Timeout,1.0,1.0,1.0,1
017,Toffee,WC_Premium,2026-07-05,Success,24.0,112.0,1.0,0
015,Bioscope,Weekly_Pass,2026-07-02,OTP_Failed,2.0,14.0,1.0,1
017,Other_Partner,Daily_Pass,2026-06-20,Success,12.0,84.0,4.0,0
016,Bioscope,Daily_Pass,2026-06-29,Success,6.0,105.0,4.0,0
018,Toffee,Weekly_Pass,2026-06-16,Stuck_at_Number_Screen,1.0,3.0,,1
018,Toffee,Weekly_Pass,2026-06-19,Success,0.0,66.0,,0
017,Toffee,Weekly_Pass,2026-06-17,Success,6.0,78.0,5.0,0
016,Toffee,WC_Premium,2026-06-23,Success,6.0,89.0,,0
017,Bioscope,Weekly_Pass,2026-07-05,OTP_Failed,0.0,6.0,1.0,1
018,Toffee,Daily_Pass,2026-06-25,Success,14.0,78.0,5.0,0
017,Toffee,Daily_Pass,2026-07-08,Success,26.0,69.0,,0
015,Toffee,WC_Premium,2026-07-03,Stuck_at_Number_Screen,5.0,0.0,1.0,1
017,Toffee,WC_Premium,2026-06-11,Success,11.0,59.0,5.0,0
017,Bioscope,Weekly_Pass,2026-06-19,Success,8.0,100.0,5.0,0
017,Bioscope,WC_Premium,2026-07-10,Stuck_at_Number_Screen,2.0,14.0,1.0,1
013,Toffee,WC_Premium,2026-06-30,Stuck_at_Number_Screen,0.0,11.0,1.0,1
017,Toffee,WC_Premium,2026-06-28,Stuck_at_Number_Screen,6.0,6.0,,1
018,Toffee,Daily_Pass,2026-06-25,Stuck_at_Number_Screen,4.0,6.0,,1
019,Toffee,Weekly_Pass,2026-07-06,Success,14.0,121.0,,0
016,Toffee,Daily_Pass,2026-07-05,Buffer_Timeout,0.0,11.0,1.0,1
018,Bioscope,WC_Premium,2026-06-20,Success,5.0,84.0,,0
017,Toffee,WC_Premium,2026-07-08,Success,18.0,81.0,5.0,0
016,Other_Partner,WC_Premium,2026-06-15,Success,4.0,83.0,,0
017,Toffee,Weekly_Pass,2026-06-12,Buffer_Timeout,2.0,0.0,1.0,0
019,Toffee,Weekly_Pass,2026-06-19,Success,3.0,120.0,4.0,0
017,Bioscope,Weekly_Pass,2026-06-25,Success,5.0,106.0,5.0,0
013,Bioscope,Daily_Pass,2026-06-23,Success,16.0,104.0,5.0,0
013,Bioscope,Weekly_Pass,2026-07-09,Success,8.0,115.0,5.0,0
019,Other_Partner,Daily_Pass,2026-06-17,Success,5.0,76.0,5.0,0
017,Toffee,WC_Premium,2026-07-09,Success,15.0,94.0,4.0,0
018,Bioscope,Weekly_Pass,2026-07-03,Success,11.0,109.0,3.0,0
017,Toffee,WC_Premium,2026-06-11,OTP_Failed,6.0,0.0,1.0,0
016,Bioscope,WC_Premium,2026-06-15,OTP_Failed,0.0,7.0,1.0,1
014,Toffee,Daily_Pass,2026-06-30,Stuck_at_Number_Screen,3.0,5.0,1.0,1
013,Toffee,Daily_Pass,2026-06-15,Success,3.0,109.0,3.0,0
018,Bioscope,WC_Premium,2026-07-03,Success,25.0,66.0,1.0,0
014,Toffee,WC_Premium,2026-07-10,OTP_Failed,0.0,3.0,1.0,1
018,Toffee,Daily_Pass,2026-07-02,Stuck_at_Number_Screen,3.0,0.0,1.0,1
018,Toffee,Daily_Pass,2026-07-03,Success,6.0,68.0,4.0,0
018,Bioscope,Weekly_Pass,2026-06-30,Stuck_at_Number_Screen,1.0,5.0,,0
016,Bioscope,Daily_Pass,2026-06-27,Success,0.0,64.0,4.0,0
017,Bioscope,Daily_Pass,2026-06-17,Success,2.0,48.0,4.0,0
019,Bioscope,WC_Premium,2026-06-27,Success,2.0,103.0,5.0,0
013,Bioscope,Weekly_Pass,2026-07-02,Success,11.0,112.0,3.0,0
017,Toffee,Weekly_Pass,2026-06-11,Success,0.0,87.0,4.0,0
019,Toffee,WC_Premium,2026-07-09,Success,6.0,84.0,4.0,0
013,Bioscope,Weekly_Pass,2026-07-06,Success,12.0,93.0,4.0,0
017,Toffee,WC_Premium,2026-06-12,Stuck_at_Number_Screen,6.0,0.0,1.0,1
018,Toffee,Daily_Pass,2026-06-23,Success,0.0,74.0,4.0,0
019,Toffee,Daily_Pass,2026-06-29,Success,6.0,84.0,4.0,1
019,Bioscope,Daily_Pass,2026-06-13,Buffer_Timeout,0.0,9.0,2.0,0
015,Toffee,Daily_Pass,2026-06-22,OTP_Failed,2.0,5.0,1.0,1
019,Bioscope,WC_Premium,2026-06-20,Success,1.0,110.0,4.0,0
017,Bioscope,WC_Premium,2026-06-23,Stuck_at_Number_Screen,1.0,13.0,1.0,1
013,Bioscope,WC_Premium,2026-06-17,Success,18.0,108.0,,0
019,Other_Partner,Weekly_Pass,2026-07-05,Success,10.0,93.0,4.0,0
013,Toffee,WC_Premium,2026-06-28,Success,14.0,88.0,4.0,0
018,Bioscope,Weekly_Pass,2026-06-15,Stuck_at_Number_Screen,1.0,2.0,1.0,1
018,Bioscope,Daily_Pass,2026-07-02,Buffer_Timeout,3.0,14.0,1.0,0
013,Bioscope,Weekly_Pass,2026-07-04,Success,2.0,83.0,,0
014,Bioscope,Weekly_Pass,2026-06-16,Success,11.0,87.0,3.0,0
018,Toffee,Daily_Pass,2026-07-07,Success,3.0,77.0,4.0,1
018,Bioscope,Daily_Pass,2026-06-24,Success,6.0,108.0,4.0,0
015,Toffee,Daily_Pass,2026-07-02,Success,3.0,103.0,3.0,0
018,Other_Partner,Weekly_Pass,2026-07-07,Stuck_at_Number_Screen,0.0,0.0,1.0,1
017,Bioscope,Daily_Pass,2026-07-07,Buffer_Timeout,0.0,3.0,1.0,0
018,Bioscope,WC_Premium,2026-07-02,OTP_Failed,7.0,2.0,,1
019,Bioscope,Weekly_Pass,2026-06-14,Buffer_Timeout,1.0,0.0,1.0,0
019,Toffee,Daily_Pass,2026-06-17,Success,3.0,100.0,5.0,0
019,Toffee,WC_Premium,2026-06-23,Stuck_at_Number_Screen,1.0,9.0,,1
016,Bioscope,Weekly_Pass,2026-06-23,OTP_Failed,1.0,7.0,1.0,0
017,Toffee,Daily_Pass,2026-06-16,Success,0.0,68.0,5.0,0
019,Toffee,WC_Premium,2026-06-27,Success,7.0,46.0,5.0,0
019,Bioscope,Daily_Pass,2026-06-17,Success,7.0,82.0,3.0,0
017,Toffee,WC_Premium,2026-06-23,OTP_Failed,4.0,8.0,1.0,1
017,Bioscope,Weekly_Pass,2026-06-27,Buffer_Timeout,0.0,4.0,1.0,0
015,Toffee,Daily_Pass,2026-07-02,OTP_Failed,0.0,1.0,1.0,1
019,Bioscope,Weekly_Pass,2026-06-25,Stuck_at_Number_Screen,1.0,3.0,2.0,1
019,Bioscope,Daily_Pass,2026-06-21,Success,8.0,94.0,5.0,0
019,Toffee,Daily_Pass,2026-06-28,OTP_Failed,1.0,0.0,1.0,1
018,Toffee,Daily_Pass,2026-06-21,OTP_Failed,1.0,5.0,1.0,1
018,Toffee,Daily_Pass,2026-07-01,Success,36.0,111.0,,0
018,Other_Partner,WC_Premium,2026-06-11,Buffer_Timeout,4.0,15.0,,0
017,Toffee,WC_Premium,2026-06-21,Success,11.0,92.0,4.0,0
016,Toffee,WC_Premium,2026-07-03,OTP_Failed,1.0,9.0,,1
018,Bioscope,Daily_Pass,2026-07-09,Success,11.0,82.0,5.0,0
018,Toffee,Weekly_Pass,2026-07-09,Buffer_Timeout,4.0,7.0,1.0,0
018,Other_Partner,Daily_Pass,2026-06-11,Success,7.0,75.0,4.0,0
018,Bioscope,Weekly_Pass,2026-07-10,Success,16.0,63.0,,0
017,Bioscope,WC_Premium,2026-07-08,Success,9.0,92.0,4.0,0
017,Bioscope,Daily_Pass,2026-07-06,Success,17.0,108.0,4.0,0
017,Toffee,WC_Premium,2026-06-17,Success,2.0,103.0,3.0,0
017,Bioscope,WC_Premium,2026-06-18,Success,7.0,79.0,4.0,0
015,Bioscope,WC_Premium,2026-06-30,Stuck_at_Number_Screen,0.0,5.0,2.0,1
017,Toffee,Weekly_Pass,2026-06-13,Success,18.0,105.0,5.0,0
017,Toffee,WC_Premium,2026-06-22,OTP_Failed,0.0,1.0,1.0,1
018,Other_Partner,WC_Premium,2026-06-27,Buffer_Timeout,1.0,6.0,1.0,1
018,Toffee,WC_Premium,2026-07-03,OTP_Failed,2.0,7.0,1.0,1
017,Bioscope,Daily_Pass,2026-06-28,Success,15.0,72.0,5.0,0
019,Toffee,Weekly_Pass,2026-06-30,Success,0.0,56.0,4.0,0
019,Toffee,Daily_Pass,2026-06-30,Success,0.0,92.0,5.0,1
017,Bioscope,WC_Premium,2026-06-18,Success,21.0,119.0,,0
017,Toffee,WC_Premium,2026-06-12,Success,2.0,90.0,4.0,0
014,Bioscope,Weekly_Pass,2026-06-29,Stuck_at_Number_Screen,0.0,2.0,2.0,1
019,Toffee,WC_Premium,2026-06-26,Success,5.0,79.0,4.0,0
016,Toffee,WC_Premium,2026-06-27,Success,3.0,118.0,3.0,0
017,Other_Partner,Daily_Pass,2026-06-17,Success,8.0,108.0,4.0,0
013,Bioscope,Weekly_Pass,2026-07-04,Success,2.0,93.0,4.0,0
018,Other_Partner,Weekly_Pass,2026-06-28,Stuck_at_Number_Screen,7.0,10.0,,0
017,Other_Partner,WC_Premium,2026-07-07,Buffer_Timeout,0.0,0.0,1.0,0
013,Other_Partner,Daily_Pass,2026-06-28,Success,0.0,89.0,,0
018,Bioscope,WC_Premium,2026-06-11,Success,3.0,68.0,3.0,0
017,Toffee,Weekly_Pass,2026-06-27,OTP_Failed,0.0,9.0,2.0,1
019,Other_Partner,Daily_Pass,2026-06-30,Success,1.0,67.0,4.0,0
019,Toffee,Daily_Pass,2026-06-14,Success,12.0,121.0,,0
017,Toffee,Daily_Pass,2026-06-18,OTP_Failed,0.0,5.0,1.0,1
019,Toffee,Daily_Pass,2026-07-09,Success,8.0,106.0,,0
017,Toffee,Weekly_Pass,2026-06-15,Buffer_Timeout,5.0,0.0,2.0,1
019,Bioscope,Weekly_Pass,2026-06-14,Success,13.0,86.0,4.0,0
017,Toffee,Daily_Pass,2026-07-05,Success,7.0,112.0,4.0,0
017,Toffee,Weekly_Pass,2026-07-07,Success,8.0,51.0,5.0,0
018,Toffee,Weekly_Pass,2026-06-16,OTP_Failed,1.0,6.0,1.0,1
018,Toffee,Daily_Pass,2026-07-08,Success,9.0,88.0,5.0,0
014,Bioscope,Weekly_Pass,2026-06-23,Success,5.0,99.0,4.0,0
013,Toffee,WC_Premium,2026-06-27,OTP_Failed,2.0,7.0,1.0,1
017,Toffee,Daily_Pass,2026-07-10,OTP_Failed,3.0,5.0,1.0,1
018,Toffee,Daily_Pass,2026-06-17,Success,4.0,89.0,4.0,0
018,Toffee,WC_Premium,2026-07-06,Success,1.0,71.0,5.0,0
017,Bioscope,WC_Premium,2026-06-22,Stuck_at_Number_Screen,2.0,0.0,1.0,1
016,Toffee,Weekly_Pass,2026-07-04,OTP_Failed,2.0,6.0,2.0,1
019,Toffee,Weekly_Pass,2026-06-14,Stuck_at_Number_Screen,9.0,8.0,2.0,1
019,Toffee,WC_Premium,2026-06-13,OTP_Failed,2.0,0.0,1.0,1
015,Toffee,WC_Premium,2026-06-24,Success,6.0,101.0,5.0,0
017,Other_Partner,Daily_Pass,2026-06-27,Success,3.0,113.0,4.0,0
016,Toffee,Weekly_Pass,2026-07-07,Success,9.0,60.0,,1
013,Bioscope,Weekly_Pass,2026-06-18,Success,5.0,107.0,4.0,0
016,Bioscope,Daily_Pass,2026-07-06,Success,10.0,119.0,4.0,0
018,Toffee,WC_Premium,2026-07-05,Stuck_at_Number_Screen,3.0,9.0,1.0,1
015,Other_Partner,Weekly_Pass,2026-06-21,Success,24.0,110.0,1.0,0
016,Bioscope,Daily_Pass,2026-07-06,OTP_Failed,6.0,7.0,,1
015,Bioscope,WC_Premium,2026-07-06,Success,8.0,57.0,3.0,0
019,Toffee,Daily_Pass,2026-06-22,Buffer_Timeout,4.0,5.0,1.0,0
014,Bioscope,Daily_Pass,2026-07-10,Success,4.0,73.0,3.0,0
019,Toffee,Weekly_Pass,2026-07-10,OTP_Failed,5.0,7.0,1.0,1
018,Toffee,Daily_Pass,2026-06-27,OTP_Failed,1.0,7.0,1.0,1
017,Bioscope,WC_Premium,2026-06-20,Success,6.0,48.0,4.0,0
013,Bioscope,Daily_Pass,2026-07-07,Buffer_Timeout,0.0,5.0,,0
017,Toffee,Daily_Pass,2026-06-19,OTP_Failed,1.0,0.0,1.0,1
018,Bioscope,Daily_Pass,2026-07-06,Success,10.0,97.0,5.0,0
018,Bioscope,WC_Premium,2026-06-14,Success,9.0,91.0,,0
018,Toffee,Daily_Pass,2026-06-15,Stuck_at_Number_Screen,0.0,15.0,1.0,1
015,Toffee,Weekly_Pass,2026-06-15,Success,7.0,122.0,4.0,0
014,Toffee,WC_Premium,2026-07-02,Success,19.0,82.0,5.0,0
017,Bioscope,WC_Premium,2026-06-26,Stuck_at_Number_Screen,0.0,0.0,1.0,1
013,Bioscope,WC_Premium,2026-06-23,Success,5.0,87.0,3.0,0
013,Toffee,Weekly_Pass,2026-06-12,OTP_Failed,2.0,0.0,,0
013,Bioscope,Weekly_Pass,2026-06-28,Success,2.0,82.0,4.0,0
019,Bioscope,Weekly_Pass,2026-07-07,Success,23.0,101.0,2.0,0
018,Bioscope,WC_Premium,2026-06-15,OTP_Failed,0.0,0.0,,1
018,Toffee,WC_Premium,2026-06-15,Stuck_at_Number_Screen,0.0,5.0,1.0,1
019,Bioscope,WC_Premium,2026-06-27,Success,3.0,63.0,,0
019,Bioscope,WC_Premium,2026-06-19,Success,10.0,100.0,5.0,0
017,Toffee,Daily_Pass,2026-06-12,Success,9.0,58.0,5.0,0
016,Toffee,WC_Premium,2026-07-10,Buffer_Timeout,0.0,4.0,2.0,0
013,Bioscope,WC_Premium,2026-07-03,Success,21.0,63.0,1.0,1
017,Toffee,WC_Premium,2026-06-28,Success,20.0,48.0,4.0,0
017,Bioscope,WC_Premium,2026-06-18,Buffer_Timeout,5.0,10.0,1.0,0
018,Toffee,Weekly_Pass,2026-06-22,Stuck_at_Number_Screen,1.0,15.0,1.0,1
013,Toffee,Weekly_Pass,2026-06-16,OTP_Failed,1.0,5.0,1.0,1
017,Toffee,Daily_Pass,2026-06-23,Success,7.0,114.0,,1
016,Toffee,Weekly_Pass,2026-07-09,Success,5.0,93.0,5.0,0
019,Toffee,Weekly_Pass,2026-07-04,Success,12.0,111.0,5.0,0
017,Bioscope,WC_Premium,2026-07-06,OTP_Failed,1.0,8.0,2.0,1
017,Toffee,WC_Premium,2026-07-03,Success,10.0,108.0,3.0,0
019,Other_Partner,WC_Premium,2026-07-03,Success,10.0,88.0,4.0,0
017,Bioscope,Daily_Pass,2026-06-21,Success,27.0,95.0,1.0,0
014,Toffee,Weekly_Pass,2026-06-18,Stuck_at_Number_Screen,0.0,0.0,1.0,1
018,Toffee,Weekly_Pass,2026-07-05,OTP_Failed,1.0,0.0,1.0,1
017,Bioscope,Daily_Pass,2026-07-04,OTP_Failed,2.0,0.0,2.0,1
017,Toffee,Daily_Pass,2026-07-01,Success,4.0,91.0,4.0,0
017,Toffee,WC_Premium,2026-06-29,Stuck_at_Number_Screen,2.0,0.0,1.0,1
017,Bioscope,Daily_Pass,2026-06-24,Success,11.0,96.0,5.0,0
017,Toffee,Daily_Pass,2026-07-05,Success,9.0,59.0,4.0,1
018,Toffee,Weekly_Pass,2026-07-04,Buffer_Timeout,1.0,5.0,,0
017,Bioscope,WC_Premium,2026-06-24,Success,13.0,89.0,4.0,0
018,Bioscope,WC_Premium,2026-06-22,Success,7.0,112.0,4.0,0
018,Toffee,WC_Premium,2026-06-26,OTP_Failed,1.0,6.0,1.0,1
017,Bioscope,WC_Premium,2026-07-10,Success,1.0,94.0,5.0,0
017,Bioscope,Weekly_Pass,2026-07-02,Success,7.0,83.0,4.0,0
017,Bioscope,WC_Premium,2026-06-28,Buffer_Timeout,3.0,4.0,,0
017,Toffee,Weekly_Pass,2026-06-13,Success,13.0,106.0,4.0,0
016,Other_Partner,Daily_Pass,2026-06-27,Success,16.0,78.0,5.0,0
017,Toffee,Weekly_Pass,2026-06-17,OTP_Failed,2.0,1.0,2.0,1
019,Bioscope,WC_Premium,2026-07-04,Success,4.0,75.0,5.0,0
013,Toffee,WC_Premium,2026-06-20,Success,27.0,85.0,1.0,0
018,Bioscope,Daily_Pass,2026-07-03,Success,8.0,113.0,4.0,0
018,Toffee,Weekly_Pass,2026-07-06,Success,3.0,64.0,4.0,0
016,Toffee,WC_Premium,2026-07-03,Stuck_at_Number_Screen,5.0,8.0,,1
017,Bioscope,Daily_Pass,2026-06-15,Stuck_at_Number_Screen,0.0,5.0,2.0,1
017,Toffee,WC_Premium,2026-06-19,Success,19.0,83.0,4.0,0
018,Toffee,Weekly_Pass,2026-06-12,Success,11.0,99.0,4.0,0
017,Bioscope,Daily_Pass,2026-06-26,Success,11.0,89.0,,0
013,Bioscope,Weekly_Pass,2026-06-15,Success,11.0,101.0,,0
018,Toffee,Weekly_Pass,2026-06-18,OTP_Failed,1.0,7.0,2.0,1
018,Toffee,WC_Premium,2026-06-18,Success,34.0,90.0,1.0,1
018,Other_Partner,WC_Premium,2026-06-25,Stuck_at_Number_Screen,0.0,7.0,1.0,1
018,Bioscope,Weekly_Pass,2026-07-06,Success,2.0,114.0,4.0,0
016,Toffee,WC_Premium,2026-07-05,Stuck_at_Number_Screen,7.0,7.0,,1
016,Bioscope,WC_Premium,2026-06-28,Success,4.0,105.0,5.0,0
018,Bioscope,Daily_Pass,2026-06-22,Stuck_at_Number_Screen,2.0,1.0,,0
016,Toffee,Weekly_Pass,2026-06-26,Stuck_at_Number_Screen,3.0,5.0,,1
019,Toffee,Weekly_Pass,2026-07-08,Success,8.0,77.0,5.0,0
013,Toffee,Daily_Pass,2026-07-08,OTP_Failed,1.0,2.0,1.0,1
013,Bioscope,Daily_Pass,2026-07-08,OTP_Failed,1.0,0.0,,1
019,Toffee,WC_Premium,2026-07-04,Success,2.0,39.0,,0
018,Toffee,Weekly_Pass,2026-06-16,Success,1.0,76.0,4.0,0
017,Bioscope,Daily_Pass,2026-06-13,Success,10.0,93.0,,0
019,Toffee,Daily_Pass,2026-07-03,Success,2.0,72.0,4.0,0
017,Bioscope,Daily_Pass,2026-06-28,Success,0.0,108.0,5.0,0
016,Toffee,Weekly_Pass,2026-06-12,Success,18.0,96.0,4.0,0
019,Bioscope,Daily_Pass,2026-07-06,Buffer_Timeout,0.0,0.0,,0
015,Toffee,Daily_Pass,2026-06-28,OTP_Failed,4.0,0.0,1.0,1
017,Toffee,Daily_Pass,2026-07-09,Success,2.0,54.0,5.0,0
018,Bioscope,Weekly_Pass,2026-06-13,Success,8.0,87.0,4.0,0
013,Bioscope,Daily_Pass,2026-06-17,OTP_Failed,4.0,2.0,1.0,0
017,Bioscope,Daily_Pass,2026-06-12,Success,3.0,72.0,5.0,0
017,Bioscope,Daily_Pass,2026-07-09,OTP_Failed,0.0,1.0,2.0,0
018,Bioscope,Daily_Pass,2026-07-02,Success,3.0,91.0,,0
018,Bioscope,Daily_Pass,2026-07-07,OTP_Failed,1.0,7.0,1.0,1
017,Bioscope,Weekly_Pass,2026-06-23,Success,6.0,98.0,4.0,0
018,Bioscope,Weekly_Pass,2026-06-18,OTP_Failed,3.0,9.0,,0
016,Bioscope,Daily_Pass,2026-07-08,Success,1.0,75.0,4.0,0
019,Bioscope,WC_Premium,2026-07-04,Success,27.0,102.0,2.0,0
014,Toffee,Weekly_Pass,2026-06-30,Success,32.0,87.0,2.0,1
013,Toffee,Daily_Pass,2026-06-15,Success,4.0,63.0,,0
015,Toffee,Daily_Pass,2026-06-12,Success,3.0,119.0,4.0,0
019,Other_Partner,WC_Premium,2026-07-07,Success,5.0,91.0,4.0,0
017,Bioscope,WC_Premium,2026-06-27,Success,5.0,65.0,4.0,0
017,Bioscope,Daily_Pass,2026-06-26,Stuck_at_Number_Screen,3.0,0.0,1.0,1
013,Toffee,Daily_Pass,2026-07-01,OTP_Failed,1.0,5.0,1.0,1
013,Toffee,Weekly_Pass,2026-06-25,Buffer_Timeout,5.0,11.0,1.0,1
018,Bioscope,Weekly_Pass,2026-06-23,Success,11.0,113.0,,0
018,Bioscope,Weekly_Pass,2026-06-26,Success,0.0,76.0,5.0,0
016,Toffee,Weekly_Pass,2026-07-09,OTP_Failed,4.0,6.0,1.0,1
018,Bioscope,Daily_Pass,2026-06-20,Success,7.0,65.0,,0
017,Toffee,Daily_Pass,2026-07-09,OTP_Failed,1.0,9.0,1.0,1
019,Toffee,Weekly_Pass,2026-07-05,Buffer_Timeout,2.0,10.0,2.0,0
017,Bioscope,WC_Premium,2026-06-14,Success,2.0,72.0,3.0,0
015,Bioscope,Daily_Pass,2026-06-22,Success,0.0,99.0,4.0,0
017,Bioscope,WC_Premium,2026-06-25,Stuck_at_Number_Screen,2.0,1.0,1.0,1
015,Toffee,Weekly_Pass,2026-06-21,OTP_Failed,1.0,0.0,1.0,1
017,Toffee,Daily_Pass,2026-06-21,Success,4.0,104.0,4.0,0
017,Toffee,WC_Premium,2026-07-08,Success,3.0,98.0,,0
017,Toffee,Weekly_Pass,2026-06-27,Buffer_Timeout,5.0,12.0,1.0,0
016,Bioscope,Weekly_Pass,2026-06-11,Success,1.0,85.0,,0
019,Toffee,Weekly_Pass,2026-07-06,Success,0.0,134.0,3.0,0
013,Toffee,Daily_Pass,2026-06-22,Buffer_Timeout,0.0,7.0,,0
014,Toffee,Weekly_Pass,2026-06-30,Stuck_at_Number_Screen,0.0,4.0,1.0,1
018,Bioscope,Weekly_Pass,2026-07-07,Success,5.0,84.0,4.0,0
018,Bioscope,Daily_Pass,2026-06-28,Success,3.0,109.0,,0
019,Bioscope,Weekly_Pass,2026-06-30,Stuck_at_Number_Screen,0.0,7.0,2.0,1
017,Toffee,Daily_Pass,2026-06-13,Success,6.0,106.0,3.0,0
013,Toffee,Daily_Pass,2026-07-07,Success,12.0,131.0,4.0,0
014,Toffee,WC_Premium,2026-06-24,Buffer_Timeout,0.0,1.0,1.0,0
014,Toffee,Daily_Pass,2026-06-13,OTP_Failed,2.0,0.0,1.0,1
015,Toffee,Weekly_Pass,2026-06-13,OTP_Failed,1.0,6.0,,1
014,Toffee,WC_Premium,2026-06-27,OTP_Failed,2.0,6.0,2.0,1
017,Bioscope,Daily_Pass,2026-06-17,Stuck_at_Number_Screen,0.0,1.0,1.0,1
019,Other_Partner,Weekly_Pass,2026-06-15,Buffer_Timeout,0.0,3.0,1.0,0
013,Toffee,Weekly_Pass,2026-06-17,Success,5.0,95.0,,0
015,Bioscope,Weekly_Pass,2026-06-13,Stuck_at_Number_Screen,1.0,6.0,2.0,1
018,Toffee,Weekly_Pass,2026-07-05,OTP_Failed,1.0,11.0,2.0,0
018,Bioscope,Weekly_Pass,2026-07-10,Buffer_Timeout,0.0,10.0,1.0,0
018,Bioscope,Daily_Pass,2026-07-09,Stuck_at_Number_Screen,3.0,14.0,1.0,1
017,Other_Partner,Daily_Pass,2026-06-27,Stuck_at_Number_Screen,0.0,2.0,1.0,1
017,Toffee,WC_Premium,2026-07-01,Success,14.0,78.0,,0
019,Toffee,Daily_Pass,2026-06-26,Success,9.0,92.0,4.0,0
019,Toffee,WC_Premium,2026-07-05,Success,5.0,111.0,4.0,0
017,Toffee,WC_Premium,2026-06-28,Success,3.0,106.0,3.0,0
019,Other_Partner,Daily_Pass,2026-07-05,Success,1.0,103.0,,0
018,Bioscope,Daily_Pass,2026-06-20,Success,19.0,104.0,,0
013,Bioscope,Daily_Pass,2026-07-03,Buffer_Timeout,0.0,1.0,,0
017,Bioscope,Weekly_Pass,2026-07-09,Success,27.0,70.0,1.0,1
019,Bioscope,WC_Premium,2026-06-17,Success,6.0,68.0,,0
016,Toffee,Daily_Pass,2026-06-14,Stuck_at_Number_Screen,4.0,7.0,1.0,1
018,Toffee,Daily_Pass,2026-07-08,Success,3.0,69.0,4.0,0
018,Bioscope,Daily_Pass,2026-06-13,Success,2.0,94.0,,0
017,Toffee,Daily_Pass,2026-06-24,Success,9.0,83.0,5.0,0
018,Toffee,Weekly_Pass,2026-07-09,Success,4.0,74.0,3.0,0
017,Toffee,Weekly_Pass,2026-06-16,Buffer_Timeout,10.0,0.0,1.0,0
017,Bioscope,Daily_Pass,2026-06-11,Buffer_Timeout,2.0,2.0,1.0,0
016,Bioscope,Weekly_Pass,2026-06-13,Buffer_Timeout,0.0,4.0,1.0,1
014,Toffee,Daily_Pass,2026-06-19,Stuck_at_Number_Screen,4.0,11.0,1.0,1
013,Bioscope,Daily_Pass,2026-06-14,Success,7.0,75.0,5.0,0
017,Bioscope,Daily_Pass,2026-07-07,Stuck_at_Number_Screen,0.0,11.0,1.0,1
018,Other_Partner,Weekly_Pass,2026-07-09,OTP_Failed,2.0,4.0,1.0,1
019,Bioscope,Weekly_Pass,2026-06-15,Buffer_Timeout,3.0,7.0,1.0,0
016,Bioscope,Daily_Pass,2026-07-07,Success,8.0,87.0,3.0,1
019,Bioscope,Daily_Pass,2026-07-02,Success,9.0,124.0,5.0,0
018,Toffee,Daily_Pass,2026-06-24,Success,6.0,96.0,5.0,0
019,Toffee,Daily_Pass,2026-07-04,Success,4.0,75.0,4.0,0
017,Toffee,Weekly_Pass,2026-06-13,OTP_Failed,0.0,9.0,2.0,1
017,Toffee,Daily_Pass,2026-07-05,Success,13.0,63.0,5.0,0
013,Toffee,Weekly_Pass,2026-06-18,Success,14.0,100.0,5.0,0
018,Toffee,Daily_Pass,2026-06-19,OTP_Failed,6.0,2.0,1.0,1
014,Toffee,Weekly_Pass,2026-07-01,Success,9.0,75.0,3.0,0
019,Toffee,WC_Premium,2026-06-23,Success,3.0,89.0,5.0,0
017,Toffee,Weekly_Pass,2026-07-03,Buffer_Timeout,3.0,5.0,1.0,1
017,Bioscope,Daily_Pass,2026-06-21,Stuck_at_Number_Screen,0.0,0.0,,1
013,Bioscope,Daily_Pass,2026-07-02,OTP_Failed,1.0,3.0,1.0,1
017,Bioscope,Daily_Pass,2026-06-28,Buffer_Timeout,0.0,9.0,1.0,1
018,Toffee,Weekly_Pass,2026-07-07,Success,29.0,89.0,2.0,0
014,Toffee,Daily_Pass,2026-06-29,Success,10.0,135.0,,0
015,Toffee,Daily_Pass,2026-07-10,Success,10.0,75.0,,0
016,Toffee,WC_Premium,2026-06-22,Success,7.0,103.0,3.0,0
019,Bioscope,Daily_Pass,2026-06-16,Success,31.0,117.0,,0
018,Toffee,WC_Premium,2026-06-18,Success,1.0,81.0,4.0,0
017,Bioscope,WC_Premium,2026-06-13,Success,13.0,69.0,5.0,0
018,Bioscope,WC_Premium,2026-06-25,Stuck_at_Number_Screen,6.0,0.0,,1
018,Toffee,WC_Premium,2026-07-08,Success,4.0,95.0,4.0,0
016,Bioscope,Daily_Pass,2026-06-27,Buffer_Timeout,4.0,10.0,,1
017,Toffee,Daily_Pass,2026-07-06,Success,4.0,91.0,4.0,0
013,Toffee,Daily_Pass,2026-07-02,OTP_Failed,1.0,12.0,,1
013,Bioscope,Daily_Pass,2026-07-07,Stuck_at_Number_Screen,4.0,11.0,1.0,1
015,Other_Partner,Daily_Pass,2026-06-24,Stuck_at_Number_Screen,1.0,0.0,1.0,1
013,Bioscope,WC_Premium,2026-06-19,Success,1.0,81.0,,0
019,Other_Partner,Daily_Pass,2026-06-21,Success,0.0,112.0,5.0,0
019,Toffee,Daily_Pass,2026-06-13,Success,0.0,143.0,,0
017,Toffee,Weekly_Pass,2026-06-19,OTP_Failed,2.0,1.0,1.0,1
018,Toffee,Daily_Pass,2026-06-13,Success,1.0,93.0,5.0,0
019,Toffee,Daily_Pass,2026-06-28,OTP_Failed,2.0,5.0,1.0,1
018,Toffee,Daily_Pass,2026-06-29,Success,0.0,77.0,,0
014,Bioscope,WC_Premium,2026-06-14,Success,0.0,77.0,5.0,0
017,Bioscope,Weekly_Pass,2026-06-16,Success,0.0,81.0,3.0,1
017,Other_Partner,Weekly_Pass,2026-06-19,Stuck_at_Number_Screen,3.0,3.0,1.0,1
019,Other_Partner,Daily_Pass,2026-06-22,OTP_Failed,0.0,0.0,2.0,0
019,Toffee,WC_Premium,2026-06-12,Success,3.0,92.0,5.0,0
015,Bioscope,Daily_Pass,2026-07-07,OTP_Failed,1.0,5.0,,1
016,Toffee,WC_Premium,2026-06-19,Success,0.0,90.0,5.0,0
014,Toffee,WC_Premium,2026-07-05,OTP_Failed,1.0,2.0,1.0,1
019,Bioscope,Weekly_Pass,2026-07-08,Success,9.0,67.0,,0
019,Toffee,Weekly_Pass,2026-06-20,OTP_Failed,4.0,6.0,2.0,1
018,Bioscope,Daily_Pass,2026-07-04,Success,2.0,142.0,3.0,0
013,Bioscope,Daily_Pass,2026-06-22,Success,15.0,137.0,3.0,0
014,Bioscope,WC_Premium,2026-07-02,Success,23.0,57.0,1.0,0
013,Other_Partner,Daily_Pass,2026-07-10,Success,6.0,117.0,5.0,0
018,Bioscope,WC_Premium,2026-06-15,Success,0.0,94.0,3.0,0
013,Toffee,Weekly_Pass,2026-06-12,Buffer_Timeout,6.0,3.0,2.0,1
018,Toffee,Weekly_Pass,2026-07-07,Success,5.0,122.0,4.0,0
018,Toffee,Weekly_Pass,2026-07-01,Success,2.0,79.0,4.0,0
017,Toffee,Daily_Pass,2026-07-08,OTP_Failed,1.0,6.0,,0
019,Bioscope,Daily_Pass,2026-06-22,Success,2.0,116.0,4.0,0
013,Toffee,Daily_Pass,2026-06-17,Success,12.0,97.0,,0
018,Other_Partner,Daily_Pass,2026-06-28,Success,17.0,114.0,4.0,0
017,Bioscope,WC_Premium,2026-06-12,OTP_Failed,2.0,7.0,1.0,0
017,Toffee,Daily_Pass,2026-07-02,OTP_Failed,1.0,3.0,1.0,0
017,Toffee,Weekly_Pass,2026-06-16,Buffer_Timeout,0.0,11.0,2.0,0
016,Toffee,Daily_Pass,2026-07-08,Success,1.0,71.0,,0
017,Toffee,WC_Premium,2026-06-11,Success,20.0,67.0,3.0,0
014,Bioscope,Weekly_Pass,2026-06-29,Buffer_Timeout,0.0,3.0,1.0,0
017,Toffee,Weekly_Pass,2026-06-28,OTP_Failed,3.0,4.0,2.0,1
017,Bioscope,WC_Premium,2026-06-26,Buffer_Timeout,4.0,8.0,1.0,1
017,Toffee,WC_Premium,2026-06-16,Success,2.0,84.0,5.0,0
017,Bioscope,Weekly_Pass,2026-06-27,Success,2.0,79.0,,0
019,Bioscope,WC_Premium,2026-06-14,Success,7.0,127.0,4.0,0
019,Toffee,Weekly_Pass,2026-07-10,Success,7.0,88.0,3.0,0
018,Toffee,WC_Premium,2026-06-30,Success,3.0,77.0,5.0,0
017,Bioscope,Weekly_Pass,2026-06-27,Success,12.0,112.0,4.0,0
017,Other_Partner,Daily_Pass,2026-07-04,Success,10.0,76.0,4.0,0
018,Toffee,WC_Premium,2026-06-22,Stuck_at_Number_Screen,3.0,5.0,2.0,1
015,Toffee,Daily_Pass,2026-06-21,Success,0.0,109.0,4.0,0
017,Toffee,Daily_Pass,2026-06-17,Success,6.0,96.0,5.0,0
016,Toffee,Daily_Pass,2026-06-19,Buffer_Timeout,0.0,11.0,1.0,0
013,Toffee,Daily_Pass,2026-06-21,Success,3.0,94.0,3.0,0
017,Toffee,Daily_Pass,2026-06-26,Success,4.0,67.0,,0
018,Bioscope,Weekly_Pass,2026-06-20,Stuck_at_Number_Screen,2.0,5.0,1.0,1
017,Toffee,WC_Premium,2026-06-25,Success,3.0,81.0,4.0,0
019,Toffee,Daily_Pass,2026-07-09,Stuck_at_Number_Screen,0.0,7.0,1.0,1
017,Toffee,WC_Premium,2026-06-29,OTP_Failed,3.0,1.0,1.0,1
016,Bioscope,Daily_Pass,2026-06-17,Success,18.0,59.0,4.0,0
017,Toffee,Daily_Pass,2026-07-09,Stuck_at_Number_Screen,0.0,6.0,1.0,1
015,Other_Partner,Weekly_Pass,2026-06-14,Success,0.0,123.0,4.0,0
017,Bioscope,WC_Premium,2026-06-29,OTP_Failed,2.0,12.0,2.0,1
019,Toffee,Daily_Pass,2026-06-21,Success,10.0,101.0,3.0,0
019,Toffee,Daily_Pass,2026-06-22,Success,5.0,95.0,4.0,1
015,Bioscope,Daily_Pass,2026-07-10,Success,15.0,82.0,,0
018,Bioscope,WC_Premium,2026-06-13,Success,15.0,109.0,3.0,0
016,Bioscope,Daily_Pass,2026-06-14,Success,7.0,57.0,4.0,0
013,Bioscope,Weekly_Pass,2026-06-28,Success,19.0,112.0,3.0,0
017,Bioscope,WC_Premium,2026-06-25,Success,3.0,111.0,5.0,0
013,Toffee,Weekly_Pass,2026-07-03,Success,3.0,98.0,5.0,0
017,Bioscope,WC_Premium,2026-06-11,Success,5.0,89.0,5.0,0
015,Bioscope,WC_Premium,2026-07-02,OTP_Failed,4.0,0.0,1.0,1
017,Toffee,Weekly_Pass,2026-07-02,Success,4.0,93.0,4.0,0
018,Bioscope,Weekly_Pass,2026-06-29,Success,22.0,70.0,,0
018,Bioscope,Daily_Pass,2026-06-12,Success,8.0,83.0,,0
018,Toffee,WC_Premium,2026-07-05,Stuck_at_Number_Screen,3.0,12.0,1.0,1
016,Toffee,Daily_Pass,2026-07-07,OTP_Failed,0.0,6.0,1.0,0
017,Toffee,WC_Premium,2026-06-28,Buffer_Timeout,0.0,2.0,1.0,0
018,Toffee,Daily_Pass,2026-06-26,OTP_Failed,6.0,7.0,1.0,1
017,Toffee,Daily_Pass,2026-07-07,Success,19.0,89.0,,0
014,Toffee,Daily_Pass,2026-06-27,Success,3.0,90.0,5.0,0
019,Toffee,Weekly_Pass,2026-06-29,OTP_Failed,3.0,13.0,2.0,1
015,Toffee,Daily_Pass,2026-06-30,Success,9.0,96.0,,0
017,Bioscope,Daily_Pass,2026-07-03,Success,6.0,74.0,4.0,0
017,Toffee,Daily_Pass,2026-06-20,OTP_Failed,1.0,3.0,,1
017,Toffee,Daily_Pass,2026-06-21,Success,11.0,106.0,5.0,0
017,Toffee,Weekly_Pass,2026-06-14,Buffer_Timeout,1.0,7.0,1.0,0
017,Bioscope,Daily_Pass,2026-06-25,Success,3.0,124.0,4.0,0
016,Toffee,Daily_Pass,2026-06-17,OTP_Failed,2.0,0.0,1.0,1
017,Toffee,Weekly_Pass,2026-06-24,Buffer_Timeout,0.0,9.0,1.0,0
018,Toffee,WC_Premium,2026-07-05,OTP_Failed,3.0,12.0,2.0,1
019,Other_Partner,Weekly_Pass,2026-06-24,Success,2.0,77.0,4.0,0
016,Bioscope,WC_Premium,2026-07-05,Buffer_Timeout,2.0,5.0,1.0,1
013,Toffee,Daily_Pass,2026-06-24,OTP_Failed,3.0,0.0,1.0,1
013,Toffee,WC_Premium,2026-06-22,Success,0.0,82.0,5.0,0
018,Toffee,Weekly_Pass,2026-07-05,Stuck_at_Number_Screen,5.0,3.0,1.0,0
017,Toffee,Weekly_Pass,2026-06-30,Success,27.0,104.0,1.0,0
018,Bioscope,Weekly_Pass,2026-07-02,Success,9.0,89.0,5.0,0
013,Toffee,Daily_Pass,2026-06-11,Success,11.0,74.0,5.0,0
019,Bioscope,Daily_Pass,2026-07-09,Stuck_at_Number_Screen,7.0,3.0,2.0,1
019,Toffee,Weekly_Pass,2026-06-15,Success,19.0,86.0,4.0,0
018,Bioscope,Daily_Pass,2026-06-29,OTP_Failed,3.0,1.0,,1
013,Toffee,Weekly_Pass,2026-07-02,Success,10.0,124.0,4.0,0
017,Toffee,WC_Premium,2026-07-02,Success,8.0,75.0,5.0,0
019,Bioscope,Daily_Pass,2026-06-16,Buffer_Timeout,3.0,10.0,,0
018,Toffee,Daily_Pass,2026-07-05,Success,5.0,80.0,5.0,0
017,Bioscope,Daily_Pass,2026-06-23,Success,15.0,86.0,5.0,0
017,Bioscope,Daily_Pass,2026-06-24,Success,3.0,89.0,4.0,0
017,Toffee,Daily_Pass,2026-06-26,OTP_Failed,2.0,0.0,1.0,1
019,Bioscope,Daily_Pass,2026-06-16,Stuck_at_Number_Screen,1.0,1.0,1.0,1
017,Toffee,Daily_Pass,2026-07-08,Stuck_at_Number_Screen,0.0,6.0,1.0,1
018,Toffee,Daily_Pass,2026-06-11,Success,0.0,86.0,4.0,0
018,Bioscope,Daily_Pass,2026-06-16,Success,4.0,86.0,,0
018,Bioscope,WC_Premium,2026-06-12,OTP_Failed,3.0,0.0,1.0,1
019,Toffee,WC_Premium,2026-07-08,OTP_Failed,0.0,8.0,1.0,1
019,Bioscope,Daily_Pass,2026-07-09,Stuck_at_Number_Screen,1.0,2.0,1.0,1
018,Other_Partner,Daily_Pass,2026-07-09,OTP_Failed,7.0,4.0,,1
017,Toffee,Weekly_Pass,2026-06-15,Success,8.0,111.0,4.0,0
013,Bioscope,Daily_Pass,2026-06-13,Success,4.0,91.0,,0
018,Bioscope,Weekly_Pass,2026-06-25,Stuck_at_Number_Screen,0.0,13.0,1.0,1
018,Other_Partner,Daily_Pass,2026-07-07,Success,8.0,94.0,3.0,0
016,Toffee,Daily_Pass,2026-06-20,Success,33.0,70.0,1.0,1
017,Bioscope,WC_Premium,2026-06-28,Success,3.0,92.0,5.0,0
018,Toffee,WC_Premium,2026-07-08,Success,4.0,92.0,4.0,0
017,Bioscope,WC_Premium,2026-06-28,Success,1.0,94.0,5.0,0
019,Bioscope,Daily_Pass,2026-06-22,Success,5.0,72.0,4.0,0
017,Toffee,WC_Premium,2026-06-16,OTP_Failed,3.0,0.0,1.0,0
016,Toffee,Weekly_Pass,2026-06-11,Success,9.0,97.0,4.0,0
017,Bioscope,Weekly_Pass,2026-07-07,Stuck_at_Number_Screen,1.0,3.0,2.0,1
013,Bioscope,WC_Premium,2026-07-10,Stuck_at_Number_Screen,8.0,5.0,1.0,1
016,Toffee,WC_Premium,2026-06-15,OTP_Failed,0.0,7.0,1.0,1
017,Toffee,WC_Premium,2026-06-30,Success,11.0,110.0,,0
019,Bioscope,Daily_Pass,2026-07-06,Success,4.0,55.0,4.0,0
018,Toffee,Weekly_Pass,2026-06-27,Success,7.0,61.0,5.0,0
018,Toffee,Weekly_Pass,2026-06-20,Success,2.0,108.0,5.0,1
013,Other_Partner,WC_Premium,2026-07-09,Success,10.0,117.0,,0
018,Toffee,Weekly_Pass,2026-06-19,OTP_Failed,2.0,1.0,2.0,1
018,Toffee,Daily_Pass,2026-07-06,Buffer_Timeout,2.0,5.0,1.0,0
018,Toffee,Weekly_Pass,2026-06-30,Success,0.0,96.0,4.0,0
016,Bioscope,Daily_Pass,2026-06-24,Success,0.0,58.0,3.0,0
013,Toffee,WC_Premium,2026-06-28,Stuck_at_Number_Screen,1.0,6.0,1.0,1
017,Bioscope,Daily_Pass,2026-07-07,OTP_Failed,1.0,4.0,2.0,1
017,Bioscope,Weekly_Pass,2026-07-03,Success,6.0,95.0,,0
017,Toffee,WC_Premium,2026-06-25,Buffer_Timeout,1.0,0.0,2.0,0
017,Bioscope,Weekly_Pass,2026-06-21,Success,15.0,128.0,5.0,0
016,Toffee,WC_Premium,2026-06-11,OTP_Failed,1.0,1.0,2.0,1
019,Bioscope,WC_Premium,2026-06-26,OTP_Failed,0.0,11.0,,0
017,Toffee,Daily_Pass,2026-06-21,Success,31.0,92.0,1.0,0
015,Bioscope,Weekly_Pass,2026-06-12,Success,4.0,76.0,,0
018,Toffee,Weekly_Pass,2026-06-23,Success,2.0,117.0,,0
014,Toffee,Weekly_Pass,2026-06-13,Success,0.0,102.0,5.0,0
016,Other_Partner,Weekly_Pass,2026-06-30,Success,0.0,59.0,4.0,0
016,Toffee,Weekly_Pass,2026-06-12,Success,5.0,98.0,,0
017,Bioscope,Daily_Pass,2026-07-03,Success,11.0,113.0,4.0,0
017,Toffee,Weekly_Pass,2026-07-04,Success,3.0,81.0,,0
017,Toffee,Daily_Pass,2026-07-07,Success,1.0,104.0,3.0,0
016,Bioscope,Daily_Pass,2026-07-02,Stuck_at_Number_Screen,1.0,7.0,,1
017,Toffee,Weekly_Pass,2026-06-11,Success,4.0,97.0,4.0,0
019,Bioscope,Weekly_Pass,2026-06-23,Stuck_at_Number_Screen,1.0,0.0,1.0,1
017,Toffee,Daily_Pass,2026-06-15,Stuck_at_Number_Screen,0.0,0.0,1.0,1
019,Toffee,WC_Premium,2026-07-01,Success,3.0,87.0,,0
017,Bioscope,Daily_Pass,2026-07-01,Success,4.0,47.0,5.0,0
017,Toffee,WC_Premium,2026-06-22,OTP_Failed,1.0,4.0,1.0,1
017,Toffee,Daily_Pass,2026-06-18,Success,14.0,77.0,5.0,0
013,Bioscope,Daily_Pass,2026-07-07,Buffer_Timeout,3.0,2.0,,0
017,Toffee,WC_Premium,2026-06-15,OTP_Failed,1.0,4.0,1.0,0
019,Toffee,Weekly_Pass,2026-06-30,OTP_Failed,1.0,3.0,,1
017,Bioscope,Daily_Pass,2026-06-18,Stuck_at_Number_Screen,3.0,7.0,1.0,0
013,Bioscope,Daily_Pass,2026-06-14,Success,3.0,54.0,3.0,0
019,Toffee,Daily_Pass,2026-06-23,OTP_Failed,2.0,3.0,1.0,1
017,Bioscope,Daily_Pass,2026-07-02,Success,8.0,95.0,4.0,0
014,Bioscope,Daily_Pass,2026-07-09,Success,11.0,107.0,,0
015,Bioscope,Weekly_Pass,2026-06-30,Success,1.0,96.0,5.0,0
017,Toffee,WC_Premium,2026-07-08,OTP_Failed,8.0,6.0,1.0,1
017,Other_Partner,WC_Premium,2026-06-27,Stuck_at_Number_Screen,1.0,0.0,1.0,0
013,Toffee,Daily_Pass,2026-06-14,Success,2.0,71.0,4.0,0
019,Bioscope,WC_Premium,2026-06-17,Stuck_at_Number_Screen,5.0,7.0,1.0,1
018,Bioscope,Weekly_Pass,2026-06-11,Success,8.0,92.0,3.0,0
018,Bioscope,Daily_Pass,2026-07-10,Success,40.0,63.0,,0
019,Bioscope,WC_Premium,2026-06-26,Buffer_Timeout,1.0,5.0,,0
017,Toffee,Daily_Pass,2026-06-20,Success,5.0,95.0,,0
019,Toffee,Daily_Pass,2026-07-06,Success,4.0,81.0,,1
016,Bioscope,Daily_Pass,2026-06-18,Success,10.0,80.0,5.0,0
018,Toffee,Weekly_Pass,2026-06-27,Success,6.0,93.0,5.0,1
019,Bioscope,Daily_Pass,2026-06-12,Success,14.0,109.0,4.0,0
016,Toffee,WC_Premium,2026-06-22,Success,6.0,90.0,4.0,0
017,Bioscope,Weekly_Pass,2026-07-03,Success,4.0,116.0,4.0,1
013,Bioscope,Weekly_Pass,2026-06-30,Success,9.0,97.0,5.0,0
018,Toffee,Daily_Pass,2026-07-09,OTP_Failed,8.0,5.0,1.0,1
017,Toffee,WC_Premium,2026-06-29,Stuck_at_Number_Screen,0.0,15.0,1.0,1
015,Bioscope,Weekly_Pass,2026-07-01,Success,21.0,104.0,1.0,0
017,Toffee,Weekly_Pass,2026-07-01,Success,11.0,87.0,,0
016,Bioscope,WC_Premium,2026-06-13,Success,2.0,123.0,5.0,0
018,Bioscope,Daily_Pass,2026-06-11,Success,5.0,106.0,,0
017,Toffee,Daily_Pass,2026-06-30,Stuck_at_Number_Screen,4.0,1.0,1.0,1
014,Bioscope,Weekly_Pass,2026-07-07,OTP_Failed,1.0,5.0,1.0,1
019,Toffee,Weekly_Pass,2026-06-16,Success,4.0,85.0,3.0,0
018,Toffee,Daily_Pass,2026-06-30,Success,2.0,107.0,3.0,0
017,Toffee,Daily_Pass,2026-06-25,Success,20.0,104.0,4.0,0
017,Bioscope,Daily_Pass,2026-06-27,Stuck_at_Number_Screen,1.0,15.0,1.0,1
013,Other_Partner,WC_Premium,2026-06-12,OTP_Failed,1.0,12.0,1.0,0
017,Toffee,Daily_Pass,2026-06-26,Success,17.0,109.0,4.0,1
018,Toffee,Daily_Pass,2026-07-04,Success,8.0,120.0,,0
015,Toffee,WC_Premium,2026-07-09,Success,4.0,64.0,4.0,0
018,Bioscope,Weekly_Pass,2026-06-15,Stuck_at_Number_Screen,1.0,7.0,1.0,1
019,Toffee,Weekly_Pass,2026-06-22,Success,4.0,65.0,5.0,0
016,Bioscope,Weekly_Pass,2026-06-13,Success,10.0,131.0,,0
018,Toffee,Weekly_Pass,2026-06-12,Success,4.0,88.0,4.0,0
019,Bioscope,Weekly_Pass,2026-06-16,Success,9.0,95.0,4.0,0
018,Bioscope,Daily_Pass,2026-07-08,Success,13.0,83.0,5.0,0
019,Other_Partner,WC_Premium,2026-06-16,OTP_Failed,1.0,8.0,2.0,1
017,Toffee,Daily_Pass,2026-07-09,Success,3.0,85.0,5.0,1
017,Bioscope,Daily_Pass,2026-06-30,Buffer_Timeout,0.0,6.0,2.0,0
019,Bioscope,Daily_Pass,2026-06-14,OTP_Failed,4.0,5.0,1.0,1
018,Bioscope,WC_Premium,2026-07-09,Success,1.0,116.0,4.0,0
019,Toffee,Weekly_Pass,2026-06-20,OTP_Failed,0.0,0.0,,0
014,Other_Partner,WC_Premium,2026-06-30,Success,1.0,98.0,3.0,0
017,Toffee,Weekly_Pass,2026-07-10,Success,4.0,72.0,5.0,0
018,Toffee,Daily_Pass,2026-06-13,Buffer_Timeout,3.0,3.0,1.0,0
013,Toffee,Daily_Pass,2026-07-07,OTP_Failed,1.0,0.0,1.0,1
018,Bioscope,Weekly_Pass,2026-06-11,Success,11.0,62.0,4.0,0
019,Bioscope,Daily_Pass,2026-06-19,Success,12.0,103.0,,0
017,Toffee,Daily_Pass,2026-07-05,Success,4.0,89.0,4.0,0
018,Toffee,WC_Premium,2026-07-03,Success,3.0,68.0,5.0,0
016,Bioscope,WC_Premium,2026-06-29,Success,5.0,67.0,4.0,0
017,Toffee,Daily_Pass,2026-06-28,Success,2.0,96.0,4.0,0
019,Other_Partner,WC_Premium,2026-06-30,Success,1.0,91.0,4.0,0
018,Bioscope,Weekly_Pass,2026-06-21,Stuck_at_Number_Screen,3.0,3.0,1.0,1
014,Toffee,Daily_Pass,2026-06-19,Success,15.0,85.0,4.0,0
017,Toffee,Daily_Pass,2026-07-05,Success,11.0,116.0,,0
017,Other_Partner,Daily_Pass,2026-06-17,Success,12.0,83.0,4.0,0
018,Toffee,Daily_Pass,2026-06-14,Success,18.0,106.0,5.0,0
017,Toffee,Daily_Pass,2026-07-05,OTP_Failed,0.0,3.0,2.0,1
015,Toffee,WC_Premium,2026-06-16,Stuck_at_Number_Screen,8.0,6.0,1.0,1
017,Toffee,Weekly_Pass,2026-06-23,Success,19.0,132.0,5.0,0
019,Bioscope,WC_Premium,2026-06-26,Success,0.0,102.0,5.0,0
018,Bioscope,Daily_Pass,2026-06-12,Buffer_Timeout,0.0,14.0,,0
013,Other_Partner,Daily_Pass,2026-07-01,OTP_Failed,2.0,0.0,1.0,1
017,Toffee,WC_Premium,2026-07-07,Success,16.0,91.0,4.0,0
018,Toffee,Weekly_Pass,2026-06-30,Success,12.0,106.0,4.0,0
018,Other_Partner,WC_Premium,2026-06-28,Buffer_Timeout,1.0,3.0,1.0,1
017,Bioscope,Daily_Pass,2026-07-10,Success,2.0,114.0,4.0,0
014,Bioscope,WC_Premium,2026-06-12,Success,3.0,92.0,3.0,0
017,Toffee,Weekly_Pass,2026-06-23,Success,6.0,79.0,,0
013,Bioscope,Daily_Pass,2026-07-02,Success,1.0,64.0,4.0,0
018,Toffee,Weekly_Pass,2026-06-16,Success,11.0,115.0,5.0,0
017,Bioscope,WC_Premium,2026-06-19,OTP_Failed,7.0,10.0,2.0,0
014,Bioscope,Daily_Pass,2026-07-10,Success,0.0,118.0,4.0,0
013,Bioscope,WC_Premium,2026-07-10,OTP_Failed,1.0,14.0,1.0,1
017,Bioscope,Weekly_Pass,2026-07-07,Success,9.0,52.0,5.0,0
013,Bioscope,Daily_Pass,2026-06-19,Success,7.0,96.0,3.0,0
018,Toffee,Daily_Pass,2026-06-20,OTP_Failed,3.0,8.0,,1
018,Toffee,Daily_Pass,2026-06-16,Buffer_Timeout,1.0,6.0,1.0,1
016,Bioscope,Daily_Pass,2026-06-11,Buffer_Timeout,1.0,1.0,1.0,0
017,Toffee,Weekly_Pass,2026-06-13,Success,4.0,118.0,4.0,0
017,Toffee,WC_Premium,2026-06-12,Success,10.0,91.0,,0
019,Toffee,Weekly_Pass,2026-07-03,OTP_Failed,1.0,9.0,1.0,1
017,Toffee,Weekly_Pass,2026-06-27,OTP_Failed,3.0,6.0,,1
019,Other_Partner,Daily_Pass,2026-06-14,OTP_Failed,1.0,4.0,2.0,1
017,Toffee,WC_Premium,2026-06-11,Buffer_Timeout,1.0,11.0,1.0,1
019,Bioscope,Daily_Pass,2026-06-22,Success,16.0,57.0,5.0,0
013,Bioscope,Daily_Pass,2026-06-26,Stuck_at_Number_Screen,1.0,5.0,2.0,1
018,Toffee,Weekly_Pass,2026-06-23,Success,6.0,99.0,5.0,0
017,Other_Partner,WC_Premium,2026-06-13,Stuck_at_Number_Screen,0.0,4.0,1.0,1
017,Toffee,WC_Premium,2026-06-30,OTP_Failed,1.0,12.0,1.0,0
017,Bioscope,WC_Premium,2026-06-16,Success,4.0,70.0,,0
017,Toffee,WC_Premium,2026-06-26,Stuck_at_Number_Screen,1.0,0.0,2.0,1
017,Toffee,Weekly_Pass,2026-06-21,OTP_Failed,0.0,5.0,1.0,1
018,Toffee,Daily_Pass,2026-06-23,OTP_Failed,2.0,7.0,2.0,1
018,Toffee,Weekly_Pass,2026-06-11,Buffer_Timeout,2.0,0.0,1.0,0
019,Bioscope,Daily_Pass,2026-06-11,Success,6.0,127.0,3.0,0
016,Toffee,Daily_Pass,2026-06-24,Buffer_Timeout,2.0,12.0,1.0,0
018,Bioscope,Daily_Pass,2026-07-08,Success,7.0,106.0,,0
013,Toffee,Daily_Pass,2026-07-09,Success,22.0,85.0,1.0,1
018,Bioscope,Weekly_Pass,2026-07-02,Success,27.0,57.0,1.0,1
013,Bioscope,Daily_Pass,2026-06-19,Success,10.0,60.0,3.0,1
019,Toffee,Daily_Pass,2026-07-02,OTP_Failed,1.0,14.0,1.0,1
017,Toffee,WC_Premium,2026-06-28,Success,11.0,93.0,4.0,0
017,Bioscope,Weekly_Pass,2026-06-25,Buffer_Timeout,4.0,1.0,1.0,0
016,Toffee,WC_Premium,2026-07-09,Success,18.0,88.0,5.0,0
017,Toffee,Weekly_Pass,2026-06-12,Success,21.0,106.0,1.0,0
019,Bioscope,Daily_Pass,2026-06-12,Buffer_Timeout,2.0,12.0,1.0,0
019,Other_Partner,Daily_Pass,2026-07-01,OTP_Failed,3.0,4.0,2.0,1
017,Bioscope,Weekly_Pass,2026-06-11,OTP_Failed,14.0,12.0,2.0,1
017,Bioscope,WC_Premium,2026-06-15,Success,1.0,119.0,4.0,0
018,Bioscope,Daily_Pass,2026-07-04,Stuck_at_Number_Screen,2.0,1.0,,1
018,Other_Partner,WC_Premium,2026-06-19,Success,4.0,106.0,4.0,0
017,Bioscope,Weekly_Pass,2026-07-03,Buffer_Timeout,1.0,3.0,2.0,0
016,Toffee,Daily_Pass,2026-07-07,OTP_Failed,1.0,10.0,,1
018,Other_Partner,Weekly_Pass,2026-06-28,Stuck_at_Number_Screen,0.0,6.0,1.0,1
017,Toffee,Weekly_Pass,2026-06-22,OTP_Failed,1.0,6.0,1.0,1
017,Toffee,Daily_Pass,2026-06-24,OTP_Failed,1.0,9.0,2.0,1
019,Bioscope,Daily_Pass,2026-06-15,Stuck_at_Number_Screen,3.0,8.0,1.0,1
017,Toffee,WC_Premium,2026-06-30,OTP_Failed,2.0,11.0,1.0,1
019,Toffee,Weekly_Pass,2026-07-07,Success,4.0,101.0,5.0,0
013,Toffee,Daily_Pass,2026-06-29,Success,18.0,100.0,4.0,0
018,Bioscope,WC_Premium,2026-07-03,Success,2.0,65.0,4.0,0
019,Other_Partner,Daily_Pass,2026-06-12,OTP_Failed,3.0,5.0,,1
019,Toffee,Daily_Pass,2026-06-14,OTP_Failed,2.0,0.0,1.0,1
013,Toffee,Daily_Pass,2026-07-07,OTP_Failed,3.0,1.0,1.0,1
017,Toffee,WC_Premium,2026-06-18,Stuck_at_Number_Screen,3.0,4.0,1.0,1
019,Bioscope,Weekly_Pass,2026-06-12,Success,19.0,71.0,5.0,0
013,Bioscope,Weekly_Pass,2026-07-01,Success,1.0,99.0,4.0,0
017,Toffee,WC_Premium,2026-06-16,Success,11.0,140.0,5.0,0
014,Toffee,WC_Premium,2026-06-17,Success,15.0,62.0,4.0,0
017,Bioscope,Daily_Pass,2026-07-09,Success,3.0,79.0,4.0,0
017,Bioscope,WC_Premium,2026-06-18,Success,2.0,78.0,3.0,1
017,Toffee,WC_Premium,2026-06-22,OTP_Failed,3.0,0.0,1.0,0
018,Toffee,Daily_Pass,2026-06-28,Success,1.0,102.0,5.0,0
016,Toffee,Daily_Pass,2026-07-03,Success,2.0,73.0,4.0,0
017,Other_Partner,WC_Premium,2026-06-20,Buffer_Timeout,5.0,7.0,2.0,1
017,Bioscope,Daily_Pass,2026-07-06,Buffer_Timeout,0.0,4.0,,0
017,Bioscope,Daily_Pass,2026-06-19,OTP_Failed,0.0,0.0,1.0,1
016,Bioscope,WC_Premium,2026-06-21,Success,5.0,64.0,4.0,0
017,Bioscope,WC_Premium,2026-06-18,Stuck_at_Number_Screen,2.0,3.0,2.0,1
014,Other_Partner,Daily_Pass,2026-06-12,Success,2.0,95.0,5.0,0
017,Toffee,Weekly_Pass,2026-06-19,Success,10.0,118.0,4.0,1
015,Toffee,Weekly_Pass,2026-06-17,OTP_Failed,4.0,10.0,1.0,1
017,Bioscope,Weekly_Pass,2026-06-19,Success,5.0,95.0,,0
019,Bioscope,WC_Premium,2026-06-16,Buffer_Timeout,0.0,7.0,1.0,0
017,Toffee,Weekly_Pass,2026-07-09,Stuck_at_Number_Screen,2.0,6.0,1.0,1
017,Toffee,Weekly_Pass,2026-06-24,Success,2.0,103.0,5.0,0
019,Toffee,WC_Premium,2026-06-18,Success,3.0,111.0,5.0,0
019,Toffee,Daily_Pass,2026-06-25,Success,5.0,78.0,3.0,0
013,Toffee,Daily_Pass,2026-06-29,Stuck_at_Number_Screen,1.0,5.0,1.0,1
016,Bioscope,Weekly_Pass,2026-06-25,Success,0.0,60.0,4.0,0
018,Bioscope,Daily_Pass,2026-07-03,Success,5.0,78.0,4.0,0
019,Bioscope,Daily_Pass,2026-06-26,Success,31.0,87.0,1.0,1
017,Bioscope,Daily_Pass,2026-06-25,Success,1.0,93.0,4.0,0
018,Bioscope,Weekly_Pass,2026-06-15,Buffer_Timeout,0.0,0.0,1.0,1
018,Toffee,WC_Premium,2026-06-21,Buffer_Timeout,2.0,4.0,2.0,0
013,Toffee,Daily_Pass,2026-06-15,Success,5.0,46.0,4.0,0
019,Toffee,Weekly_Pass,2026-07-03,Success,4.0,109.0,4.0,0
017,Other_Partner,Daily_Pass,2026-06-27,Success,1.0,61.0,4.0,0
017,Toffee,Weekly_Pass,2026-06-28,OTP_Failed,1.0,8.0,1.0,1
018,Bioscope,Weekly_Pass,2026-06-20,Success,9.0,107.0,,0
016,Toffee,WC_Premium,2026-07-07,Success,17.0,94.0,5.0,0
017,Other_Partner,Daily_Pass,2026-07-06,Success,1.0,55.0,4.0,0
013,Toffee,Weekly_Pass,2026-06-25,Success,24.0,98.0,2.0,0
014,Bioscope,Daily_Pass,2026-07-01,Stuck_at_Number_Screen,1.0,7.0,1.0,1
017,Toffee,Weekly_Pass,2026-06-16,Success,8.0,73.0,,0
016,Toffee,WC_Premium,2026-06-26,Success,1.0,64.0,,0
016,Bioscope,WC_Premium,2026-07-09,Stuck_at_Number_Screen,2.0,12.0,1.0,1
013,Other_Partner,Daily_Pass,2026-06-22,OTP_Failed,0.0,1.0,,1
014,Bioscope,WC_Premium,2026-06-16,Success,10.0,150.0,4.0,0
016,Other_Partner,Daily_Pass,2026-06-16,Success,0.0,81.0,4.0,0
018,Bioscope,Daily_Pass,2026-06-22,Stuck_at_Number_Screen,0.0,10.0,1.0,1
018,Bioscope,WC_Premium,2026-06-17,Success,9.0,86.0,,1
016,Toffee,Daily_Pass,2026-06-12,OTP_Failed,4.0,2.0,1.0,1
018,Toffee,Daily_Pass,2026-07-07,Success,4.0,63.0,,0
019,Toffee,Daily_Pass,2026-07-05,Success,3.0,73.0,4.0,0
013,Other_Partner,Daily_Pass,2026-06-23,Success,1.0,92.0,5.0,0
017,Other_Partner,Daily_Pass,2026-06-22,Success,2.0,60.0,5.0,0
017,Bioscope,WC_Premium,2026-06-13,Success,63.0,136.0,1.0,1
017,Toffee,Weekly_Pass,2026-07-05,Stuck_at_Number_Screen,0.0,7.0,,1
017,Toffee,Weekly_Pass,2026-07-04,Success,15.0,83.0,,0
019,Other_Partner,Daily_Pass,2026-06-24,Success,11.0,116.0,5.0,0
016,Toffee,Weekly_Pass,2026-06-11,OTP_Failed,2.0,5.0,1.0,1
016,Bioscope,WC_Premium,2026-06-17,Success,14.0,119.0,,0
018,Toffee,WC_Premium,2026-06-21,OTP_Failed,1.0,0.0,1.0,1
019,Toffee,WC_Premium,2026-06-16,OTP_Failed,5.0,0.0,2.0,1
018,Bioscope,Weekly_Pass,2026-07-05,Success,2.0,85.0,4.0,0
019,Toffee,WC_Premium,2026-06-30,Success,1.0,106.0,4.0,0
013,Toffee,Daily_Pass,2026-06-28,Buffer_Timeout,2.0,11.0,,0
014,Other_Partner,Daily_Pass,2026-06-15,Success,12.0,83.0,5.0,0
016,Bioscope,WC_Premium,2026-06-22,Stuck_at_Number_Screen,1.0,0.0,1.0,1
017,Bioscope,Daily_Pass,2026-06-22,Stuck_at_Number_Screen,3.0,0.0,1.0,1
018,Bioscope,Daily_Pass,2026-07-01,OTP_Failed,3.0,2.0,2.0,1
018,Toffee,WC_Premium,2026-06-28,Success,7.0,74.0,,0
017,Toffee,WC_Premium,2026-06-25,Buffer_Timeout,3.0,1.0,1.0,0
018,Toffee,Daily_Pass,2026-06-12,OTP_Failed,0.0,1.0,1.0,0
017,Toffee,WC_Premium,2026-06-18,Stuck_at_Number_Screen,0.0,5.0,1.0,1
017,Toffee,WC_Premium,2026-07-10,Success,9.0,112.0,5.0,0
014,Bioscope,WC_Premium,2026-06-25,Buffer_Timeout,16.0,1.0,,0
018,Toffee,Weekly_Pass,2026-07-05,OTP_Failed,8.0,0.0,1.0,1
019,Bioscope,WC_Premium,2026-06-27,Stuck_at_Number_Screen,2.0,6.0,2.0,1
016,Toffee,WC_Premium,2026-06-16,Success,2.0,63.0,4.0,0
013,Toffee,Weekly_Pass,2026-07-02,OTP_Failed,6.0,2.0,1.0,1
018,Toffee,Weekly_Pass,2026-07-03,Success,15.0,81.0,4.0,0
016,Bioscope,Weekly_Pass,2026-06-16,OTP_Failed,7.0,0.0,2.0,0
015,Toffee,Weekly_Pass,2026-06-24,OTP_Failed,2.0,5.0,1.0,1
017,Bioscope,WC_Premium,2026-06-27,Success,9.0,102.0,,0
019,Bioscope,Daily_Pass,2026-06-16,Success,1.0,69.0,4.0,0
014,Toffee,Daily_Pass,2026-06-30,Success,17.0,81.0,4.0,0
016,Bioscope,WC_Premium,2026-06-11,Stuck_at_Number_Screen,1.0,14.0,1.0,1
014,Other_Partner,Daily_Pass,2026-07-06,Success,13.0,99.0,5.0,0
013,Bioscope,Weekly_Pass,2026-06-26,Success,3.0,86.0,3.0,0
015,Toffee,Daily_Pass,2026-06-16,OTP_Failed,4.0,5.0,1.0,1
016,Bioscope,Weekly_Pass,2026-07-10,OTP_Failed,1.0,8.0,1.0,1
017,Bioscope,WC_Premium,2026-06-29,Buffer_Timeout,0.0,5.0,2.0,0
014,Toffee,WC_Premium,2026-06-14,Success,12.0,112.0,4.0,0
018,Toffee,Daily_Pass,2026-06-18,OTP_Failed,1.0,5.0,2.0,1
018,Toffee,WC_Premium,2026-07-04,Success,21.0,98.0,1.0,0
018,Toffee,Daily_Pass,2026-07-08,Stuck_at_Number_Screen,0.0,0.0,,0
017,Toffee,Weekly_Pass,2026-06-13,OTP_Failed,5.0,4.0,,0
018,Toffee,Weekly_Pass,2026-07-08,OTP_Failed,2.0,6.0,1.0,1
019,Toffee,WC_Premium,2026-06-21,Success,21.0,87.0,,0
017,Bioscope,Daily_Pass,2026-06-30,Buffer_Timeout,1.0,4.0,1.0,0
017,Bioscope,Weekly_Pass,2026-06-29,Buffer_Timeout,0.0,2.0,,1
017,Bioscope,Daily_Pass,2026-07-04,Success,9.0,89.0,,0
013,Bioscope,Daily_Pass,2026-06-29,Success,6.0,99.0,,0
016,Toffee,WC_Premium,2026-07-06,Stuck_at_Number_Screen,1.0,7.0,,0
019,Toffee,Weekly_Pass,2026-06-26,Success,0.0,118.0,,0
014,Bioscope,WC_Premium,2026-06-29,Success,22.0,120.0,1.0,0
018,Toffee,Daily_Pass,2026-07-10,OTP_Failed,6.0,8.0,,1
017,Toffee,WC_Premium,2026-07-02,OTP_Failed,1.0,11.0,2.0,1
014,Toffee,WC_Premium,2026-06-29,OTP_Failed,2.0,6.0,,1
019,Toffee,Weekly_Pass,2026-07-01,Success,8.0,103.0,3.0,0
018,Toffee,Weekly_Pass,2026-06-30,Success,32.0,83.0,1.0,0
016,Toffee,WC_Premium,2026-06-24,Stuck_at_Number_Screen,0.0,13.0,1.0,1
014,Toffee,WC_Premium,2026-06-22,Stuck_at_Number_Screen,5.0,6.0,1.0,1
016,Bioscope,Weekly_Pass,2026-06-11,Stuck_at_Number_Screen,1.0,8.0,1.0,1
013,Toffee,Weekly_Pass,2026-06-21,Success,14.0,98.0,5.0,0
016,Bioscope,WC_Premium,2026-06-21,Stuck_at_Number_Screen,1.0,11.0,1.0,0
017,Bioscope,Daily_Pass,2026-07-03,Success,7.0,41.0,4.0,1
013,Bioscope,Weekly_Pass,2026-07-08,OTP_Failed,0.0,2.0,1.0,1
013,Toffee,WC_Premium,2026-07-02,OTP_Failed,1.0,10.0,1.0,1
017,Bioscope,WC_Premium,2026-06-27,Success,11.0,90.0,4.0,0
017,Toffee,WC_Premium,2026-06-20,Success,6.0,62.0,4.0,0
017,Toffee,Daily_Pass,2026-07-07,Stuck_at_Number_Screen,4.0,9.0,2.0,1
016,Bioscope,WC_Premium,2026-07-09,Buffer_Timeout,3.0,14.0,1.0,0
019,Toffee,Weekly_Pass,2026-06-14,Success,0.0,100.0,4.0,0
015,Toffee,Daily_Pass,2026-07-05,Success,5.0,98.0,4.0,0
017,Toffee,Weekly_Pass,2026-07-03,Success,2.0,81.0,4.0,0
018,Toffee,WC_Premium,2026-06-29,Success,1.0,122.0,4.0,1
014,Toffee,Daily_Pass,2026-07-03,Buffer_Timeout,1.0,6.0,,0
017,Other_Partner,WC_Premium,2026-06-24,Success,1.0,101.0,4.0,1
016,Toffee,WC_Premium,2026-06-27,Stuck_at_Number_Screen,3.0,0.0,2.0,1
019,Toffee,Daily_Pass,2026-07-01,OTP_Failed,1.0,4.0,1.0,1
017,Bioscope,WC_Premium,2026-06-27,Success,1.0,103.0,5.0,0
019,Bioscope,WC_Premium,2026-06-30,OTP_Failed,4.0,0.0,1.0,1
019,Other_Partner,Daily_Pass,2026-06-28,Success,10.0,88.0,,0
017,Bioscope,Daily_Pass,2026-06-20,Stuck_at_Number_Screen,1.0,11.0,1.0,1
017,Bioscope,Daily_Pass,2026-06-28,Success,5.0,103.0,5.0,0
017,Other_Partner,Daily_Pass,2026-07-02,Success,7.0,110.0,,0
017,Toffee,WC_Premium,2026-07-10,OTP_Failed,1.0,2.0,1.0,1
018,Bioscope,Daily_Pass,2026-07-04,Success,5.0,89.0,4.0,0
018,Bioscope,WC_Premium,2026-07-05,Buffer_Timeout,10.0,7.0,1.0,0
017,Bioscope,WC_Premium,2026-06-16,Success,5.0,82.0,5.0,0
014,Other_Partner,Daily_Pass,2026-06-29,Success,7.0,78.0,,0
013,Toffee,Weekly_Pass,2026-06-29,OTP_Failed,0.0,3.0,1.0,1
017,Toffee,Weekly_Pass,2026-06-29,Success,15.0,72.0,4.0,0
017,Other_Partner,Weekly_Pass,2026-06-23,Success,5.0,80.0,4.0,0
018,Toffee,Daily_Pass,2026-06-29,Success,8.0,103.0,4.0,0
013,Bioscope,Daily_Pass,2026-06-22,Success,4.0,59.0,4.0,0
017,Toffee,Daily_Pass,2026-07-05,Success,19.0,91.0,4.0,0
017,Bioscope,Daily_Pass,2026-06-14,Success,6.0,103.0,4.0,0
019,Other_Partner,WC_Premium,2026-06-17,OTP_Failed,2.0,2.0,1.0,0
015,Toffee,Daily_Pass,2026-06-12,Success,20.0,80.0,4.0,0
017,Toffee,Daily_Pass,2026-07-03,OTP_Failed,0.0,1.0,1.0,0
013,Toffee,Weekly_Pass,2026-06-17,Stuck_at_Number_Screen,1.0,6.0,,1
018,Bioscope,Daily_Pass,2026-06-30,OTP_Failed,0.0,8.0,1.0,1
016,Bioscope,Daily_Pass,2026-06-14,Stuck_at_Number_Screen,0.0,9.0,1.0,1
013,Toffee,Weekly_Pass,2026-07-08,Success,0.0,97.0,4.0,0
014,Toffee,Weekly_Pass,2026-07-01,Success,6.0,102.0,4.0,0
018,Bioscope,Daily_Pass,2026-06-27,Success,5.0,120.0,5.0,0
018,Bioscope,Weekly_Pass,2026-07-02,Stuck_at_Number_Screen,0.0,0.0,1.0,1
018,Toffee,Weekly_Pass,2026-06-17,OTP_Failed,3.0,5.0,1.0,1
015,Toffee,Weekly_Pass,2026-07-07,Buffer_Timeout,8.0,11.0,1.0,0
019,Bioscope,WC_Premium,2026-06-30,OTP_Failed,0.0,4.0,2.0,1
017,Bioscope,Daily_Pass,2026-06-18,Success,18.0,71.0,,0
017,Other_Partner,Weekly_Pass,2026-07-03,OTP_Failed,3.0,9.0,1.0,1
018,Toffee,WC_Premium,2026-06-24,Success,10.0,133.0,3.0,0
017,Bioscope,WC_Premium,2026-06-20,Stuck_at_Number_Screen,0.0,0.0,1.0,1
016,Bioscope,WC_Premium,2026-06-24,Success,4.0,114.0,4.0,0
019,Other_Partner,Weekly_Pass,2026-06-11,Success,0.0,71.0,,0
016,Toffee,Weekly_Pass,2026-07-05,Success,1.0,87.0,4.0,0
015,Toffee,Weekly_Pass,2026-07-08,Buffer_Timeout,0.0,8.0,1.0,0
017,Toffee,WC_Premium,2026-06-24,OTP_Failed,2.0,5.0,1.0,1
019,Bioscope,WC_Premium,2026-07-05,Success,1.0,103.0,4.0,0
019,Toffee,Daily_Pass,2026-06-27,Success,6.0,91.0,,0
013,Toffee,Daily_Pass,2026-06-18,Success,7.0,107.0,,0
016,Bioscope,Daily_Pass,2026-06-24,Success,23.0,76.0,1.0,0
017,Toffee,Daily_Pass,2026-06-27,Success,2.0,103.0,4.0,0
019,Toffee,WC_Premium,2026-07-04,OTP_Failed,0.0,5.0,1.0,1
018,Toffee,Daily_Pass,2026-06-27,OTP_Failed,0.0,3.0,2.0,1
017,Bioscope,Daily_Pass,2026-06-20,Buffer_Timeout,1.0,0.0,1.0,0
016,Bioscope,WC_Premium,2026-07-06,Success,17.0,64.0,5.0,0
018,Bioscope,Daily_Pass,2026-06-28,Buffer_Timeout,0.0,6.0,,0
017,Other_Partner,Daily_Pass,2026-06-13,Success,11.0,73.0,4.0,0
017,Toffee,Weekly_Pass,2026-06-20,Success,1.0,63.0,,0
013,Bioscope,Weekly_Pass,2026-06-21,Success,12.0,121.0,5.0,0
018,Toffee,Daily_Pass,2026-06-30,Buffer_Timeout,1.0,4.0,2.0,0
019,Toffee,Weekly_Pass,2026-06-26,Buffer_Timeout,2.0,3.0,,0
014,Toffee,Daily_Pass,2026-06-27,Stuck_at_Number_Screen,1.0,0.0,1.0,1
018,Toffee,Weekly_Pass,2026-07-04,Success,5.0,92.0,4.0,0
019,Toffee,Weekly_Pass,2026-06-17,Stuck_at_Number_Screen,0.0,10.0,1.0,1
013,Toffee,WC_Premium,2026-06-28,OTP_Failed,2.0,6.0,2.0,1
016,Bioscope,Weekly_Pass,2026-07-08,Success,5.0,118.0,4.0,0
017,Toffee,Weekly_Pass,2026-06-19,Success,2.0,110.0,5.0,0
013,Bioscope,Weekly_Pass,2026-06-30,OTP_Failed,1.0,3.0,,0
018,Toffee,Daily_Pass,2026-06-16,Stuck_at_Number_Screen,4.0,5.0,1.0,1
017,Toffee,Daily_Pass,2026-06-23,Stuck_at_Number_Screen,1.0,10.0,,1
016,Toffee,WC_Premium,2026-06-19,Success,1.0,55.0,5.0,0
019,Toffee,Daily_Pass,2026-06-26,Success,19.0,79.0,4.0,0
013,Toffee,Weekly_Pass,2026-06-11,OTP_Failed,3.0,5.0,1.0,0
013,Bioscope,Daily_Pass,2026-06-13,Stuck_at_Number_Screen,2.0,9.0,1.0,1
019,Bioscope,WC_Premium,2026-07-02,Success,2.0,105.0,4.0,0
019,Toffee,WC_Premium,2026-07-03,OTP_Failed,2.0,2.0,1.0,1
017,Toffee,Daily_Pass,2026-06-24,Success,11.0,106.0,5.0,0
017,Bioscope,Weekly_Pass,2026-07-05,Success,3.0,128.0,4.0,0
016,Toffee,Weekly_Pass,2026-06-14,Success,11.0,105.0,5.0,0
018,Toffee,WC_Premium,2026-07-03,OTP_Failed,0.0,5.0,1.0,1
017,Bioscope,Daily_Pass,2026-06-17,Success,8.0,104.0,5.0,0
017,Bioscope,Weekly_Pass,2026-06-25,Buffer_Timeout,0.0,0.0,,0
019,Bioscope,Weekly_Pass,2026-07-09,OTP_Failed,2.0,0.0,1.0,1
016,Bioscope,Daily_Pass,2026-06-18,Buffer_Timeout,10.0,8.0,1.0,0
015,Toffee,Daily_Pass,2026-06-15,Success,2.0,104.0,,0
019,Toffee,Daily_Pass,2026-06-20,OTP_Failed,2.0,6.0,2.0,1
014,Toffee,WC_Premium,2026-06-20,Buffer_Timeout,2.0,7.0,1.0,0
017,Bioscope,Daily_Pass,2026-07-08,Success,23.0,45.0,2.0,0
019,Bioscope,Weekly_Pass,2026-06-28,Success,1.0,104.0,4.0,0
017,Toffee,Daily_Pass,2026-06-23,OTP_Failed,0.0,7.0,,0
016,Toffee,Daily_Pass,2026-06-23,Success,0.0,96.0,4.0,0
018,Toffee,Weekly_Pass,2026-06-29,Success,0.0,99.0,4.0,0
017,Toffee,WC_Premium,2026-06-26,Buffer_Timeout,0.0,3.0,,0
019,Toffee,Weekly_Pass,2026-06-27,OTP_Failed,1.0,0.0,1.0,0
019,Bioscope,WC_Premium,2026-07-03,Success,4.0,78.0,3.0,0
017,Other_Partner,Weekly_Pass,2026-07-03,Success,6.0,111.0,,0
018,Toffee,Weekly_Pass,2026-06-25,Success,38.0,79.0,1.0,1
013,Toffee,Weekly_Pass,2026-06-27,Success,11.0,117.0,4.0,0
013,Toffee,WC_Premium,2026-06-20,Success,4.0,91.0,4.0,0
019,Toffee,Weekly_Pass,2026-07-04,Success,2.0,80.0,4.0,0
017,Toffee,Weekly_Pass,2026-06-30,Success,8.0,98.0,,0
014,Bioscope,Weekly_Pass,2026-06-18,Buffer_Timeout,1.0,10.0,2.0,1
017,Toffee,Daily_Pass,2026-07-05,Success,1.0,117.0,5.0,0
016,Other_Partner,Daily_Pass,2026-06-24,Success,2.0,117.0,,1
016,Bioscope,Daily_Pass,2026-06-11,Stuck_at_Number_Screen,2.0,0.0,,1
017,Bioscope,WC_Premium,2026-07-04,Success,3.0,84.0,,0
017,Toffee,Daily_Pass,2026-06-23,OTP_Failed,1.0,4.0,2.0,1
019,Bioscope,Daily_Pass,2026-06-28,Stuck_at_Number_Screen,0.0,5.0,1.0,1
019,Toffee,WC_Premium,2026-06-14,Buffer_Timeout,3.0,12.0,1.0,0
017,Toffee,Weekly_Pass,2026-07-07,Success,6.0,100.0,,0
018,Toffee,Daily_Pass,2026-06-14,Success,28.0,57.0,1.0,0
017,Other_Partner,WC_Premium,2026-06-25,Success,2.0,77.0,4.0,0
017,Toffee,Daily_Pass,2026-06-12,Success,7.0,81.0,5.0,0
018,Toffee,Weekly_Pass,2026-06-22,Stuck_at_Number_Screen,2.0,2.0,,1
017,Toffee,Weekly_Pass,2026-07-10,OTP_Failed,0.0,0.0,2.0,1
019,Toffee,Daily_Pass,2026-06-11,Buffer_Timeout,1.0,5.0,1.0,0
016,Toffee,Daily_Pass,2026-06-24,Success,4.0,103.0,,0
014,Toffee,Daily_Pass,2026-07-08,Stuck_at_Number_Screen,1.0,4.0,1.0,1
016,Bioscope,Daily_Pass,2026-06-28,Success,0.0,57.0,4.0,0
014,Toffee,Daily_Pass,2026-06-30,Buffer_Timeout,1.0,7.0,1.0,0
018,Bioscope,WC_Premium,2026-06-12,Success,3.0,97.0,,0
018,Bioscope,Weekly_Pass,2026-06-17,Stuck_at_Number_Screen,0.0,0.0,1.0,1
015,Toffee,WC_Premium,2026-06-11,Success,3.0,90.0,5.0,0
018,Bioscope,Weekly_Pass,2026-07-09,Success,5.0,81.0,4.0,1
017,Bioscope,Weekly_Pass,2026-06-30,Stuck_at_Number_Screen,2.0,2.0,1.0,1
016,Bioscope,Daily_Pass,2026-07-04,Buffer_Timeout,4.0,5.0,,0
014,Bioscope,Daily_Pass,2026-07-04,Stuck_at_Number_Screen,3.0,7.0,1.0,1
019,Bioscope,Weekly_Pass,2026-06-24,Success,0.0,97.0,4.0,0
018,Toffee,WC_Premium,2026-06-27,Success,6.0,83.0,4.0,0
016,Bioscope,Daily_Pass,2026-06-15,Success,11.0,75.0,4.0,0
015,Toffee,Weekly_Pass,2026-06-19,Stuck_at_Number_Screen,2.0,0.0,1.0,1
017,Bioscope,Daily_Pass,2026-07-09,Success,0.0,78.0,4.0,0
016,Toffee,Weekly_Pass,2026-07-01,Buffer_Timeout,2.0,5.0,,0
017,Bioscope,Weekly_Pass,2026-07-07,OTP_Failed,2.0,13.0,,1
018,Toffee,WC_Premium,2026-07-01,OTP_Failed,4.0,11.0,1.0,1
018,Bioscope,Daily_Pass,2026-06-16,Stuck_at_Number_Screen,5.0,2.0,1.0,1
017,Bioscope,Daily_Pass,2026-07-04,OTP_Failed,3.0,2.0,1.0,1
017,Bioscope,Weekly_Pass,2026-07-03,Success,8.0,71.0,4.0,1
018,Bioscope,WC_Premium,2026-07-09,Success,10.0,115.0,,0
017,Toffee,Daily_Pass,2026-06-24,Success,7.0,120.0,5.0,1
017,Bioscope,Weekly_Pass,2026-06-17,Success,32.0,103.0,1.0,1
019,Bioscope,Weekly_Pass,2026-07-03,Success,1.0,84.0,,0
017,Bioscope,Daily_Pass,2026-06-27,OTP_Failed,7.0,5.0,,0
018,Other_Partner,WC_Premium,2026-06-12,Success,1.0,69.0,4.0,0
014,Toffee,Daily_Pass,2026-06-15,Stuck_at_Number_Screen,0.0,5.0,,1
017,Toffee,WC_Premium,2026-06-15,OTP_Failed,2.0,0.0,1.0,1
013,Bioscope,Weekly_Pass,2026-06-20,Buffer_Timeout,2.0,1.0,1.0,0
018,Bioscope,Weekly_Pass,2026-06-23,Success,2.0,73.0,5.0,0
019,Toffee,Daily_Pass,2026-06-30,OTP_Failed,6.0,9.0,1.0,1
014,Bioscope,WC_Premium,2026-06-18,Buffer_Timeout,1.0,2.0,1.0,0
014,Toffee,Daily_Pass,2026-06-18,Success,9.0,77.0,5.0,0
019,Bioscope,Weekly_Pass,2026-07-08,Buffer_Timeout,1.0,0.0,2.0,0
017,Bioscope,WC_Premium,2026-07-04,Success,1.0,77.0,4.0,0
017,Toffee,Weekly_Pass,2026-07-05,Success,3.0,56.0,4.0,0
013,Bioscope,Daily_Pass,2026-06-24,Success,0.0,97.0,4.0,0
017,Bioscope,WC_Premium,2026-07-07,Success,21.0,128.0,,0
016,Toffee,Daily_Pass,2026-06-17,Stuck_at_Number_Screen,0.0,7.0,2.0,1
016,Toffee,WC_Premium,2026-07-08,Success,13.0,86.0,4.0,0
017,Toffee,Daily_Pass,2026-06-22,Success,18.0,103.0,4.0,1
019,Bioscope,Daily_Pass,2026-06-26,OTP_Failed,1.0,5.0,1.0,1
017,Toffee,Daily_Pass,2026-06-17,OTP_Failed,1.0,6.0,1.0,1
013,Toffee,Daily_Pass,2026-06-23,Success,9.0,127.0,5.0,0
016,Toffee,Daily_Pass,2026-06-23,OTP_Failed,0.0,8.0,1.0,1
013,Toffee,Daily_Pass,2026-06-18,Success,10.0,67.0,5.0,0
013,Bioscope,WC_Premium,2026-06-14,Stuck_at_Number_Screen,8.0,7.0,1.0,1
017,Bioscope,WC_Premium,2026-07-08,Buffer_Timeout,0.0,9.0,1.0,0
013,Toffee,Daily_Pass,2026-06-24,Success,2.0,111.0,3.0,1
019,Bioscope,Daily_Pass,2026-07-09,Success,3.0,101.0,5.0,0
014,Bioscope,Weekly_Pass,2026-06-26,Success,13.0,86.0,5.0,0
013,Toffee,Daily_Pass,2026-06-26,Success,12.0,96.0,4.0,0
013,Toffee,WC_Premium,2026-06-18,Success,6.0,75.0,,0
016,Bioscope,Weekly_Pass,2026-06-12,Success,5.0,105.0,4.0,0
014,Bioscope,Weekly_Pass,2026-06-30,Success,16.0,108.0,4.0,0
017,Bioscope,Weekly_Pass,2026-07-07,Success,6.0,73.0,4.0,0
013,Toffee,Weekly_Pass,2026-07-06,Success,1.0,53.0,5.0,0
019,Bioscope,Daily_Pass,2026-06-21,Success,2.0,49.0,,0
018,Bioscope,Daily_Pass,2026-06-21,Stuck_at_Number_Screen,2.0,6.0,1.0,1
017,Bioscope,Daily_Pass,2026-06-11,Buffer_Timeout,1.0,9.0,2.0,1
018,Other_Partner,Weekly_Pass,2026-07-01,Success,4.0,82.0,4.0,0
017,Other_Partner,Weekly_Pass,2026-06-21,Success,17.0,89.0,5.0,0
018,Bioscope,WC_Premium,2026-07-03,Success,5.0,92.0,4.0,0
018,Toffee,Daily_Pass,2026-07-08,OTP_Failed,4.0,5.0,,0
019,Bioscope,Weekly_Pass,2026-06-14,Buffer_Timeout,1.0,2.0,1.0,0
018,Toffee,Daily_Pass,2026-06-12,OTP_Failed,4.0,0.0,1.0,1
017,Bioscope,Weekly_Pass,2026-06-30,Success,1.0,93.0,4.0,0
017,Toffee,WC_Premium,2026-07-08,Stuck_at_Number_Screen,0.0,6.0,1.0,0
019,Bioscope,WC_Premium,2026-07-02,Stuck_at_Number_Screen,2.0,10.0,1.0,1
017,Toffee,WC_Premium,2026-06-19,Success,2.0,94.0,,0
013,Bioscope,WC_Premium,2026-06-21,Stuck_at_Number_Screen,5.0,9.0,1.0,1
017,Toffee,WC_Premium,2026-06-15,Success,15.0,93.0,5.0,0
019,Toffee,Daily_Pass,2026-06-20,Success,0.0,112.0,5.0,0
018,Bioscope,Daily_Pass,2026-06-19,Success,15.0,64.0,4.0,0
013,Bioscope,Weekly_Pass,2026-06-13,Success,28.0,87.0,,0
013,Toffee,WC_Premium,2026-06-13,OTP_Failed,1.0,5.0,2.0,1
019,Toffee,Weekly_Pass,2026-06-14,Stuck_at_Number_Screen,5.0,9.0,1.0,1
018,Toffee,Daily_Pass,2026-06-17,Success,1.0,83.0,5.0,0
016,Bioscope,WC_Premium,2026-06-26,Success,24.0,94.0,1.0,0
019,Other_Partner,Daily_Pass,2026-06-26,Success,11.0,67.0,3.0,0
014,Bioscope,Weekly_Pass,2026-07-08,Stuck_at_Number_Screen,4.0,3.0,1.0,1
017,Toffee,WC_Premium,2026-06-17,Success,18.0,77.0,,0
015,Toffee,WC_Premium,2026-06-28,Stuck_at_Number_Screen,0.0,1.0,1.0,1
017,Other_Partner,WC_Premium,2026-06-23,Buffer_Timeout,4.0,1.0,1.0,0
013,Toffee,WC_Premium,2026-06-22,OTP_Failed,2.0,1.0,,1
019,Bioscope,Weekly_Pass,2026-07-09,Success,13.0,116.0,4.0,0
017,Toffee,Weekly_Pass,2026-06-30,Success,16.0,72.0,4.0,0
017,Bioscope,Weekly_Pass,2026-06-23,Success,9.0,94.0,5.0,0
017,Bioscope,WC_Premium,2026-07-04,Success,1.0,70.0,,0
018,Toffee,Daily_Pass,2026-06-14,Stuck_at_Number_Screen,1.0,3.0,,1
013,Bioscope,Daily_Pass,2026-07-04,Success,2.0,92.0,4.0,0
016,Bioscope,Daily_Pass,2026-07-02,Success,12.0,63.0,4.0,0
019,Toffee,Weekly_Pass,2026-07-08,Success,1.0,95.0,3.0,0
016,Toffee,Daily_Pass,2026-07-10,Stuck_at_Number_Screen,1.0,3.0,1.0,1
017,Bioscope,WC_Premium,2026-06-22,Success,10.0,95.0,4.0,0
014,Toffee,Daily_Pass,2026-07-08,OTP_Failed,6.0,7.0,1.0,1
017,Bioscope,Daily_Pass,2026-06-15,Success,4.0,77.0,4.0,0
017,Toffee,Daily_Pass,2026-07-05,OTP_Failed,2.0,6.0,1.0,0
017,Toffee,Weekly_Pass,2026-06-12,Stuck_at_Number_Screen,3.0,8.0,1.0,1
018,Toffee,Daily_Pass,2026-06-18,Success,12.0,108.0,,0
017,Toffee,Daily_Pass,2026-07-05,Success,2.0,94.0,5.0,0
017,Toffee,WC_Premium,2026-07-04,OTP_Failed,1.0,3.0,,0
017,Toffee,WC_Premium,2026-06-15,Stuck_at_Number_Screen,0.0,8.0,1.0,1
017,Bioscope,WC_Premium,2026-06-18,Success,5.0,76.0,,0
018,Other_Partner,Weekly_Pass,2026-06-25,Success,0.0,98.0,4.0,0
019,Bioscope,WC_Premium,2026-06-28,Success,11.0,87.0,4.0,0
019,Toffee,WC_Premium,2026-06-22,Stuck_at_Number_Screen,4.0,10.0,1.0,1
017,Other_Partner,WC_Premium,2026-06-19,Stuck_at_Number_Screen,0.0,5.0,1.0,1
017,Toffee,Daily_Pass,2026-06-12,Success,1.0,75.0,5.0,0
015,Toffee,Daily_Pass,2026-06-11,Success,5.0,72.0,5.0,0
017,Toffee,Daily_Pass,2026-07-01,Success,2.0,96.0,4.0,0
019,Toffee,WC_Premium,2026-06-17,OTP_Failed,2.0,6.0,1.0,0
017,Bioscope,Weekly_Pass,2026-06-20,Buffer_Timeout,0.0,0.0,,0
014,Toffee,Weekly_Pass,2026-06-30,Stuck_at_Number_Screen,2.0,15.0,1.0,1
017,Bioscope,Weekly_Pass,2026-06-29,Stuck_at_Number_Screen,4.0,5.0,1.0,1
013,Toffee,WC_Premium,2026-07-08,Success,5.0,95.0,5.0,0
016,Bioscope,WC_Premium,2026-06-21,Buffer_Timeout,0.0,9.0,,0
018,Bioscope,WC_Premium,2026-06-30,Stuck_at_Number_Screen,6.0,6.0,,0
017,Toffee,WC_Premium,2026-06-23,Success,3.0,71.0,4.0,0
018,Bioscope,Daily_Pass,2026-06-12,Stuck_at_Number_Screen,0.0,4.0,1.0,1
016,Bioscope,Weekly_Pass,2026-06-11,Success,6.0,72.0,4.0,0
017,Bioscope,WC_Premium,2026-07-02,OTP_Failed,2.0,1.0,,1
017,Bioscope,WC_Premium,2026-07-08,Buffer_Timeout,7.0,3.0,1.0,0
018,Bioscope,Weekly_Pass,2026-06-13,Success,4.0,94.0,3.0,0
017,Toffee,Daily_Pass,2026-06-20,OTP_Failed,0.0,4.0,2.0,1
016,Bioscope,Daily_Pass,2026-07-02,Success,0.0,73.0,5.0,0
017,Toffee,Daily_Pass,2026-06-27,Buffer_Timeout,1.0,0.0,1.0,1
013,Toffee,Weekly_Pass,2026-07-07,Success,1.0,115.0,5.0,0
017,Bioscope,Weekly_Pass,2026-06-21,Stuck_at_Number_Screen,4.0,8.0,1.0,1
018,Toffee,WC_Premium,2026-06-16,Success,6.0,100.0,5.0,0
017,Toffee,Weekly_Pass,2026-06-28,Success,17.0,70.0,,0
017,Toffee,Daily_Pass,2026-06-17,Success,3.0,83.0,4.0,0
017,Toffee,Daily_Pass,2026-06-15,Success,1.0,74.0,4.0,0
015,Toffee,WC_Premium,2026-06-23,Buffer_Timeout,0.0,0.0,2.0,1
017,Other_Partner,Weekly_Pass,2026-07-09,Success,0.0,91.0,,0
016,Toffee,Weekly_Pass,2026-07-02,Success,3.0,87.0,4.0,0
017,Bioscope,Weekly_Pass,2026-07-06,Success,5.0,104.0,4.0,0
017,Toffee,Daily_Pass,2026-06-13,Success,2.0,84.0,5.0,0
018,Bioscope,Daily_Pass,2026-06-17,Success,3.0,67.0,5.0,0
018,Other_Partner,Daily_Pass,2026-06-20,Buffer_Timeout,5.0,15.0,1.0,0
015,Toffee,Daily_Pass,2026-06-15,OTP_Failed,5.0,3.0,2.0,1
014,Bioscope,Weekly_Pass,2026-07-03,Stuck_at_Number_Screen,0.0,9.0,1.0,1
019,Other_Partner,Weekly_Pass,2026-06-30,OTP_Failed,0.0,3.0,1.0,1
018,Bioscope,WC_Premium,2026-06-12,OTP_Failed,4.0,4.0,1.0,1
018,Toffee,WC_Premium,2026-06-14,Buffer_Timeout,0.0,3.0,1.0,0
013,Bioscope,Weekly_Pass,2026-06-23,Buffer_Timeout,1.0,2.0,1.0,0
014,Bioscope,Weekly_Pass,2026-06-20,Success,0.0,77.0,5.0,0
018,Toffee,Weekly_Pass,2026-06-28,Buffer_Timeout,1.0,7.0,1.0,0
018,Toffee,Daily_Pass,2026-06-30,Success,13.0,89.0,,0
017,Toffee,WC_Premium,2026-06-11,Success,7.0,84.0,4.0,0
017,Toffee,Weekly_Pass,2026-07-03,OTP_Failed,6.0,5.0,2.0,1
014,Bioscope,WC_Premium,2026-06-22,Success,9.0,117.0,3.0,0
017,Toffee,WC_Premium,2026-06-23,Success,16.0,142.0,3.0,0
013,Toffee,Weekly_Pass,2026-06-14,Stuck_at_Number_Screen,0.0,0.0,1.0,1
017,Bioscope,Daily_Pass,2026-06-16,Success,1.0,118.0,5.0,0
019,Toffee,Weekly_Pass,2026-06-19,Success,2.0,115.0,3.0,0
017,Toffee,Weekly_Pass,2026-06-15,Buffer_Timeout,3.0,13.0,,0
019,Bioscope,WC_Premium,2026-06-24,Success,1.0,71.0,4.0,0
017,Toffee,Daily_Pass,2026-06-12,Success,6.0,68.0,4.0,0
019,Toffee,Weekly_Pass,2026-06-28,Buffer_Timeout,3.0,9.0,1.0,0
016,Toffee,WC_Premium,2026-06-26,Buffer_Timeout,0.0,2.0,1.0,1
017,Bioscope,WC_Premium,2026-06-19,Success,7.0,80.0,,0
018,Bioscope,Daily_Pass,2026-07-10,Success,3.0,72.0,5.0,0
017,Bioscope,WC_Premium,2026-07-01,Buffer_Timeout,1.0,0.0,1.0,0
017,Toffee,Daily_Pass,2026-07-04,Success,5.0,82.0,4.0,0
019,Bioscope,WC_Premium,2026-07-01,Success,4.0,96.0,5.0,0
013,Bioscope,Daily_Pass,2026-06-12,Success,16.0,118.0,3.0,0
013,Toffee,WC_Premium,2026-06-30,OTP_Failed,1.0,10.0,1.0,1
017,Other_Partner,Weekly_Pass,2026-06-14,Success,12.0,55.0,4.0,0
013,Other_Partner,Daily_Pass,2026-06-17,Success,7.0,109.0,4.0,0
019,Toffee,Daily_Pass,2026-06-25,Success,1.0,91.0,5.0,0
013,Toffee,Daily_Pass,2026-06-15,Success,2.0,90.0,5.0,0
015,Toffee,Weekly_Pass,2026-06-19,Success,3.0,95.0,,0
014,Toffee,WC_Premium,2026-06-11,Success,1.0,102.0,3.0,0
017,Other_Partner,WC_Premium,2026-06-26,Stuck_at_Number_Screen,5.0,5.0,1.0,1
017,Other_Partner,WC_Premium,2026-07-03,Buffer_Timeout,2.0,8.0,,0
019,Toffee,WC_Premium,2026-07-04,OTP_Failed,2.0,8.0,1.0,1
013,Bioscope,WC_Premium,2026-06-24,Success,3.0,94.0,4.0,1
017,Bioscope,WC_Premium,2026-07-04,Success,1.0,70.0,3.0,0
017,Toffee,Daily_Pass,2026-06-20,Success,11.0,94.0,5.0,0
018,Bioscope,WC_Premium,2026-06-17,Success,5.0,118.0,5.0,0
019,Other_Partner,Daily_Pass,2026-06-26,OTP_Failed,1.0,14.0,,1
017,Toffee,WC_Premium,2026-06-21,Success,15.0,99.0,,0
017,Toffee,Daily_Pass,2026-07-10,Buffer_Timeout,1.0,13.0,,0
014,Toffee,Daily_Pass,2026-06-18,OTP_Failed,2.0,2.0,1.0,1
019,Toffee,Daily_Pass,2026-06-11,Buffer_Timeout,1.0,8.0,2.0,0
018,Toffee,Weekly_Pass,2026-06-17,Success,15.0,112.0,5.0,0
019,Toffee,Daily_Pass,2026-06-16,OTP_Failed,0.0,4.0,1.0,1
013,Bioscope,WC_Premium,2026-06-21,Success,2.0,121.0,5.0,0
019,Bioscope,Daily_Pass,2026-07-08,OTP_Failed,3.0,13.0,1.0,1
013,Toffee,Daily_Pass,2026-06-28,Buffer_Timeout,1.0,5.0,2.0,0
017,Toffee,Daily_Pass,2026-06-30,Success,0.0,77.0,5.0,0
016,Bioscope,Daily_Pass,2026-06-18,Success,2.0,75.0,,0
013,Bioscope,Weekly_Pass,2026-06-26,Success,12.0,94.0,4.0,0
015,Toffee,Daily_Pass,2026-06-27,Buffer_Timeout,1.0,5.0,2.0,1
017,Toffee,Daily_Pass,2026-07-08,Success,1.0,90.0,3.0,0
014,Bioscope,Daily_Pass,2026-07-01,Stuck_at_Number_Screen,1.0,5.0,1.0,1
014,Toffee,Daily_Pass,2026-06-14,Success,15.0,74.0,5.0,0
017,Toffee,WC_Premium,2026-06-25,Stuck_at_Number_Screen,5.0,0.0,1.0,1
019,Toffee,Weekly_Pass,2026-07-07,Success,3.0,113.0,4.0,0
013,Toffee,Daily_Pass,2026-06-13,Success,15.0,90.0,,0
014,Toffee,Daily_Pass,2026-07-08,OTP_Failed,1.0,11.0,1.0,1
018,Toffee,Weekly_Pass,2026-06-11,Stuck_at_Number_Screen,4.0,0.0,1.0,1
016,Bioscope,Daily_Pass,2026-06-26,Success,14.0,62.0,5.0,0
018,Bioscope,Weekly_Pass,2026-07-07,Stuck_at_Number_Screen,2.0,0.0,1.0,1
017,Other_Partner,WC_Premium,2026-06-16,Success,7.0,91.0,4.0,0
017,Toffee,Daily_Pass,2026-06-28,Buffer_Timeout,7.0,8.0,1.0,0
013,Toffee,Daily_Pass,2026-06-15,Success,22.0,109.0,2.0,0
019,Bioscope,Daily_Pass,2026-07-05,Success,7.0,60.0,4.0,0
018,Bioscope,Weekly_Pass,2026-06-20,Success,6.0,81.0,5.0,0
016,Toffee,Daily_Pass,2026-06-27,Success,1.0,95.0,4.0,0
017,Toffee,Weekly_Pass,2026-07-03,Success,1.0,76.0,4.0,0
018,Toffee,WC_Premium,2026-06-29,Success,38.0,80.0,2.0,1
017,Toffee,Daily_Pass,2026-06-27,Success,0.0,101.0,4.0,0
019,Toffee,Daily_Pass,2026-07-03,Success,13.0,55.0,3.0,0
015,Other_Partner,WC_Premium,2026-06-20,Success,0.0,68.0,4.0,0
013,Toffee,Daily_Pass,2026-06-17,Stuck_at_Number_Screen,1.0,9.0,1.0,1
017,Other_Partner,Daily_Pass,2026-07-10,Stuck_at_Number_Screen,0.0,4.0,2.0,1
017,Bioscope,Weekly_Pass,2026-06-16,Success,8.0,75.0,4.0,0
016,Toffee,Daily_Pass,2026-06-19,Success,1.0,67.0,4.0,0
018,Bioscope,WC_Premium,2026-07-10,Success,4.0,86.0,4.0,0
019,Bioscope,Daily_Pass,2026-06-21,Stuck_at_Number_Screen,0.0,4.0,1.0,1
017,Toffee,Weekly_Pass,2026-06-22,Buffer_Timeout,1.0,12.0,1.0,0
019,Toffee,WC_Premium,2026-06-28,Success,4.0,90.0,,0
016,Bioscope,Daily_Pass,2026-06-16,Stuck_at_Number_Screen,2.0,0.0,1.0,1
017,Bioscope,Daily_Pass,2026-06-22,Success,11.0,94.0,,0
018,Bioscope,Daily_Pass,2026-06-21,Success,4.0,93.0,,0
017,Toffee,WC_Premium,2026-06-26,OTP_Failed,0.0,15.0,1.0,1
018,Toffee,WC_Premium,2026-06-12,Success,10.0,75.0,,0
019,Toffee,Daily_Pass,2026-07-08,OTP_Failed,1.0,12.0,1.0,1
013,Toffee,WC_Premium,2026-06-28,OTP_Failed,2.0,11.0,1.0,1
019,Bioscope,WC_Premium,2026-07-03,Buffer_Timeout,3.0,2.0,1.0,0
018,Bioscope,WC_Premium,2026-06-23,Success,4.0,79.0,4.0,0
017,Bioscope,Daily_Pass,2026-06-22,Success,2.0,54.0,,0
018,Bioscope,WC_Premium,2026-06-30,Success,12.0,98.0,5.0,0
018,Bioscope,Weekly_Pass,2026-07-04,Success,15.0,100.0,,0
013,Bioscope,WC_Premium,2026-06-23,OTP_Failed,1.0,7.0,1.0,0
017,Bioscope,Daily_Pass,2026-07-07,Stuck_at_Number_Screen,0.0,2.0,2.0,1
013,Toffee,Daily_Pass,2026-06-25,Success,9.0,112.0,4.0,0
017,Other_Partner,WC_Premium,2026-07-01,Buffer_Timeout,0.0,4.0,1.0,0
017,Toffee,WC_Premium,2026-06-17,OTP_Failed,1.0,0.0,,0
013,Toffee,Daily_Pass,2026-06-12,OTP_Failed,0.0,6.0,1.0,1
017,Toffee,Weekly_Pass,2026-06-20,Buffer_Timeout,3.0,10.0,1.0,0
014,Toffee,Daily_Pass,2026-06-28,Success,11.0,85.0,5.0,0
013,Bioscope,Daily_Pass,2026-06-29,Success,6.0,96.0,5.0,0
019,Toffee,Daily_Pass,2026-06-15,OTP_Failed,0.0,8.0,2.0,1
018,Bioscope,Daily_Pass,2026-07-04,Buffer_Timeout,2.0,6.0,1.0,0
016,Toffee,Weekly_Pass,2026-06-26,Success,30.0,90.0,1.0,0
017,Toffee,Daily_Pass,2026-06-19,Success,18.0,104.0,4.0,0
014,Toffee,Daily_Pass,2026-06-22,Success,11.0,76.0,4.0,0
018,Bioscope,WC_Premium,2026-07-04,Success,5.0,98.0,5.0,0
019,Bioscope,Daily_Pass,2026-07-09,Buffer_Timeout,6.0,6.0,1.0,0
013,Toffee,Weekly_Pass,2026-06-28,Success,1.0,97.0,4.0,0
017,Toffee,WC_Premium,2026-07-01,Stuck_at_Number_Screen,3.0,1.0,1.0,1
016,Other_Partner,Daily_Pass,2026-06-23,Stuck_at_Number_Screen,2.0,12.0,1.0,1
017,Toffee,Daily_Pass,2026-06-13,Stuck_at_Number_Screen,2.0,4.0,1.0,1
018,Toffee,Weekly_Pass,2026-06-30,Success,4.0,90.0,4.0,0
017,Toffee,Weekly_Pass,2026-06-13,OTP_Failed,4.0,7.0,,0
018,Toffee,Weekly_Pass,2026-07-10,Buffer_Timeout,1.0,14.0,,0
015,Toffee,Weekly_Pass,2026-06-13,Success,1.0,110.0,5.0,0
018,Toffee,WC_Premium,2026-06-25,Success,2.0,97.0,,0
019,Bioscope,Daily_Pass,2026-06-28,Buffer_Timeout,1.0,3.0,2.0,0
018,Bioscope,WC_Premium,2026-06-13,OTP_Failed,1.0,15.0,1.0,1
018,Bioscope,Daily_Pass,2026-07-08,OTP_Failed,0.0,5.0,2.0,1
014,Bioscope,Daily_Pass,2026-06-20,Buffer_Timeout,1.0,5.0,2.0,1
019,Bioscope,Daily_Pass,2026-06-21,Stuck_at_Number_Screen,2.0,4.0,,1
019,Bioscope,Weekly_Pass,2026-06-18,Success,10.0,64.0,5.0,0
017,Other_Partner,WC_Premium,2026-06-18,Success,5.0,92.0,5.0,0
018,Toffee,Daily_Pass,2026-06-20,Success,7.0,111.0,4.0,0
017,Toffee,Daily_Pass,2026-07-01,Success,12.0,96.0,4.0,0
013,Bioscope,Daily_Pass,2026-07-08,Success,10.0,106.0,5.0,0
018,Other_Partner,Daily_Pass,2026-07-05,Success,5.0,108.0,,0
019,Other_Partner,WC_Premium,2026-06-11,Buffer_Timeout,4.0,3.0,1.0,0
019,Bioscope,WC_Premium,2026-06-27,Success,10.0,96.0,4.0,0
013,Toffee,WC_Premium,2026-06-23,OTP_Failed,0.0,8.0,1.0,1
017,Toffee,Weekly_Pass,2026-06-17,OTP_Failed,0.0,8.0,,1
019,Other_Partner,Weekly_Pass,2026-06-29,OTP_Failed,4.0,0.0,1.0,0
017,Toffee,Daily_Pass,2026-06-24,OTP_Failed,3.0,12.0,1.0,1
018,Toffee,Weekly_Pass,2026-06-17,Success,6.0,74.0,,0
017,Other_Partner,Weekly_Pass,2026-07-01,Buffer_Timeout,1.0,8.0,1.0,0
013,Toffee,WC_Premium,2026-06-27,Success,14.0,111.0,,0
015,Bioscope,WC_Premium,2026-06-25,Stuck_at_Number_Screen,3.0,0.0,,0
017,Bioscope,WC_Premium,2026-07-07,Buffer_Timeout,2.0,7.0,,0
013,Toffee,Daily_Pass,2026-06-15,Success,4.0,106.0,4.0,0
017,Toffee,Daily_Pass,2026-06-21,Buffer_Timeout,2.0,3.0,1.0,0
014,Toffee,WC_Premium,2026-06-11,OTP_Failed,2.0,11.0,1.0,1
019,Bioscope,WC_Premium,2026-06-22,OTP_Failed,1.0,1.0,1.0,0
017,Toffee,WC_Premium,2026-06-26,Success,8.0,91.0,4.0,0
017,Toffee,Daily_Pass,2026-06-11,Buffer_Timeout,0.0,4.0,1.0,0
018,Other_Partner,WC_Premium,2026-07-02,Success,6.0,106.0,5.0,0
017,Toffee,Weekly_Pass,2026-06-27,Success,5.0,83.0,,0
016,Toffee,Weekly_Pass,2026-07-06,OTP_Failed,0.0,4.0,1.0,0
017,Toffee,WC_Premium,2026-06-26,Stuck_at_Number_Screen,1.0,3.0,2.0,1
017,Toffee,Daily_Pass,2026-06-25,Success,0.0,115.0,4.0,0
016,Other_Partner,Weekly_Pass,2026-07-02,Success,2.0,105.0,5.0,0
017,Toffee,Weekly_Pass,2026-06-29,Stuck_at_Number_Screen,0.0,7.0,1.0,1
019,Toffee,Weekly_Pass,2026-07-03,Success,22.0,136.0,1.0,1
017,Bioscope,Daily_Pass,2026-06-12,Success,6.0,76.0,4.0,0
017,Bioscope,Weekly_Pass,2026-06-26,Success,4.0,116.0,3.0,0
015,Toffee,Weekly_Pass,2026-06-17,OTP_Failed,1.0,15.0,1.0,1
013,Bioscope,Weekly_Pass,2026-07-01,Success,8.0,69.0,5.0,0
016,Bioscope,WC_Premium,2026-06-23,Buffer_Timeout,1.0,15.0,1.0,0
017,Toffee,Daily_Pass,2026-06-11,Success,2.0,81.0,,0
018,Bioscope,WC_Premium,2026-07-03,Buffer_Timeout,8.0,5.0,,0
016,Other_Partner,Weekly_Pass,2026-07-10,Stuck_at_Number_Screen,1.0,4.0,2.0,1
017,Toffee,Weekly_Pass,2026-06-20,Success,33.0,95.0,2.0,1
019,Bioscope,Daily_Pass,2026-07-03,Success,1.0,90.0,5.0,0
018,Other_Partner,Daily_Pass,2026-06-20,Buffer_Timeout,3.0,3.0,2.0,1
013,Bioscope,WC_Premium,2026-06-30,Success,15.0,99.0,,0
018,Toffee,Daily_Pass,2026-06-22,OTP_Failed,0.0,5.0,,1
018,Toffee,WC_Premium,2026-06-19,Success,8.0,76.0,,0
017,Bioscope,Daily_Pass,2026-07-03,Stuck_at_Number_Screen,1.0,0.0,1.0,1
013,Toffee,WC_Premium,2026-07-04,Success,37.0,110.0,,1
017,Other_Partner,Weekly_Pass,2026-06-24,Success,8.0,100.0,5.0,0
013,Toffee,Weekly_Pass,2026-06-16,Stuck_at_Number_Screen,2.0,1.0,1.0,1
019,Toffee,Daily_Pass,2026-06-15,Buffer_Timeout,2.0,0.0,1.0,1
018,Bioscope,Daily_Pass,2026-06-22,Success,20.0,77.0,4.0,0
014,Bioscope,Daily_Pass,2026-07-06,Success,4.0,90.0,4.0,0
017,Toffee,Weekly_Pass,2026-06-25,Stuck_at_Number_Screen,1.0,7.0,1.0,1
013,Toffee,Weekly_Pass,2026-06-12,Stuck_at_Number_Screen,1.0,2.0,2.0,1
019,Bioscope,WC_Premium,2026-06-11,Success,3.0,105.0,5.0,0
018,Bioscope,WC_Premium,2026-07-03,Success,9.0,82.0,5.0,0
018,Bioscope,Weekly_Pass,2026-06-13,Success,7.0,103.0,,0
017,Toffee,Daily_Pass,2026-06-13,OTP_Failed,3.0,0.0,,1
013,Toffee,Daily_Pass,2026-07-09,Stuck_at_Number_Screen,1.0,1.0,1.0,1
017,Bioscope,WC_Premium,2026-07-02,Success,4.0,99.0,3.0,0
015,Other_Partner,Daily_Pass,2026-06-24,Success,13.0,92.0,4.0,0
017,Toffee,Weekly_Pass,2026-07-05,Success,0.0,113.0,,0
019,Bioscope,Daily_Pass,2026-06-22,Stuck_at_Number_Screen,5.0,14.0,1.0,1
016,Toffee,Daily_Pass,2026-06-26,OTP_Failed,3.0,4.0,1.0,1
017,Bioscope,Weekly_Pass,2026-06-23,Success,6.0,59.0,3.0,0
018,Bioscope,Weekly_Pass,2026-06-14,Success,28.0,100.0,1.0,0
019,Toffee,Weekly_Pass,2026-06-16,OTP_Failed,5.0,0.0,1.0,1
019,Bioscope,Weekly_Pass,2026-07-05,Success,10.0,115.0,5.0,0
017,Toffee,Daily_Pass,2026-06-15,OTP_Failed,2.0,9.0,,1
017,Toffee,Daily_Pass,2026-06-16,OTP_Failed,0.0,2.0,1.0,1
017,Bioscope,Weekly_Pass,2026-07-02,Success,3.0,111.0,4.0,0
017,Toffee,Weekly_Pass,2026-06-17,OTP_Failed,1.0,1.0,1.0,1
018,Bioscope,Daily_Pass,2026-07-01,Buffer_Timeout,10.0,8.0,1.0,0
019,Toffee,Weekly_Pass,2026-06-30,Stuck_at_Number_Screen,0.0,3.0,1.0,1
013,Bioscope,Weekly_Pass,2026-06-18,Success,0.0,120.0,,0
016,Toffee,Daily_Pass,2026-07-07,OTP_Failed,0.0,11.0,1.0,0
018,Bioscope,WC_Premium,2026-07-04,Success,0.0,103.0,5.0,0
013,Bioscope,Weekly_Pass,2026-07-07,Success,21.0,118.0,1.0,0
017,Other_Partner,Daily_Pass,2026-06-30,Success,17.0,66.0,4.0,0
016,Other_Partner,Weekly_Pass,2026-06-20,Success,4.0,109.0,,0
019,Toffee,Weekly_Pass,2026-06-20,OTP_Failed,1.0,8.0,,1
016,Toffee,WC_Premium,2026-07-01,Success,26.0,87.0,1.0,0
017,Bioscope,WC_Premium,2026-06-30,Success,21.0,86.0,,1
017,Bioscope,Daily_Pass,2026-06-21,Success,4.0,89.0,4.0,0
017,Toffee,Daily_Pass,2026-06-11,OTP_Failed,2.0,2.0,1.0,1
018,Toffee,WC_Premium,2026-06-28,Buffer_Timeout,3.0,0.0,1.0,0
019,Bioscope,WC_Premium,2026-07-05,Success,24.0,71.0,,0
017,Other_Partner,Daily_Pass,2026-06-21,Success,4.0,77.0,3.0,0
019,Other_Partner,Daily_Pass,2026-06-22,Success,10.0,76.0,5.0,0
018,Toffee,WC_Premium,2026-06-20,Success,15.0,88.0,4.0,0
016,Toffee,WC_Premium,2026-07-09,Success,2.0,65.0,5.0,0
015,Toffee,Daily_Pass,2026-06-27,Success,1.0,104.0,,1
017,Toffee,Weekly_Pass,2026-06-16,OTP_Failed,5.0,10.0,,1
014,Bioscope,Daily_Pass,2026-06-24,Success,5.0,70.0,,0
017,Bioscope,Daily_Pass,2026-07-10,Stuck_at_Number_Screen,5.0,2.0,1.0,1
013,Toffee,Daily_Pass,2026-06-28,Success,0.0,89.0,5.0,0
019,Toffee,Weekly_Pass,2026-06-13,Buffer_Timeout,1.0,8.0,1.0,0
014,Toffee,WC_Premium,2026-07-06,Success,1.0,110.0,4.0,0
018,Other_Partner,Weekly_Pass,2026-06-17,Success,2.0,76.0,4.0,1
018,Toffee,Daily_Pass,2026-06-20,Buffer_Timeout,1.0,0.0,2.0,0
016,Toffee,WC_Premium,2026-07-08,Success,0.0,96.0,,0
019,Bioscope,Daily_Pass,2026-06-22,OTP_Failed,4.0,8.0,1.0,1
017,Bioscope,WC_Premium,2026-06-18,Success,1.0,95.0,5.0,0
019,Other_Partner,WC_Premium,2026-06-23,Success,0.0,72.0,4.0,0
018,Toffee,Daily_Pass,2026-07-04,OTP_Failed,2.0,6.0,1.0,1
018,Bioscope,Daily_Pass,2026-07-04,Stuck_at_Number_Screen,1.0,1.0,1.0,1
013,Toffee,WC_Premium,2026-06-14,Success,3.0,93.0,,0
018,Other_Partner,Weekly_Pass,2026-06-24,Stuck_at_Number_Screen,3.0,0.0,1.0,1
014,Bioscope,Daily_Pass,2026-07-03,Success,3.0,66.0,4.0,1
018,Bioscope,WC_Premium,2026-06-18,Success,3.0,102.0,4.0,0
015,Toffee,Daily_Pass,2026-06-13,Success,5.0,112.0,3.0,0
017,Bioscope,Daily_Pass,2026-06-15,Buffer_Timeout,1.0,2.0,1.0,0
016,Toffee,Weekly_Pass,2026-06-11,Stuck_at_Number_Screen,0.0,11.0,1.0,0
019,Toffee,Weekly_Pass,2026-07-09,Success,3.0,86.0,4.0,0
016,Toffee,Daily_Pass,2026-06-22,OTP_Failed,2.0,8.0,1.0,0
018,Bioscope,Daily_Pass,2026-06-15,Success,20.0,41.0,,0
018,Toffee,Weekly_Pass,2026-06-23,Stuck_at_Number_Screen,1.0,8.0,1.0,1
019,Bioscope,Weekly_Pass,2026-06-17,Success,1.0,84.0,4.0,0
019,Bioscope,WC_Premium,2026-07-06,Success,4.0,100.0,3.0,0
017,Toffee,Weekly_Pass,2026-07-03,Success,1.0,82.0,4.0,0
019,Bioscope,Weekly_Pass,2026-07-02,Stuck_at_Number_Screen,0.0,4.0,1.0,1
013,Toffee,Daily_Pass,2026-06-20,Success,9.0,102.0,4.0,0
017,Toffee,WC_Premium,2026-06-28,Success,4.0,87.0,,1
019,Bioscope,Daily_Pass,2026-07-04,Stuck_at_Number_Screen,1.0,7.0,1.0,1
013,Bioscope,Weekly_Pass,2026-06-15,Success,1.0,117.0,5.0,0
019,Toffee,WC_Premium,2026-06-22,Success,5.0,94.0,5.0,0
017,Bioscope,WC_Premium,2026-06-21,Stuck_at_Number_Screen,1.0,8.0,1.0,1
017,Bioscope,Weekly_Pass,2026-06-29,Buffer_Timeout,1.0,2.0,,0
018,Toffee,WC_Premium,2026-06-19,OTP_Failed,0.0,8.0,2.0,0
017,Bioscope,WC_Premium,2026-07-04,Success,4.0,91.0,4.0,0
019,Bioscope,WC_Premium,2026-06-21,Success,10.0,73.0,4.0,0
017,Toffee,Weekly_Pass,2026-06-22,Stuck_at_Number_Screen,2.0,0.0,,0
013,Bioscope,Weekly_Pass,2026-07-07,Success,1.0,70.0,3.0,0
017,Bioscope,Daily_Pass,2026-06-17,Success,6.0,95.0,4.0,0
017,Toffee,Weekly_Pass,2026-07-01,Success,10.0,102.0,5.0,0
019,Other_Partner,Daily_Pass,2026-06-17,OTP_Failed,0.0,9.0,1.0,1
017,Toffee,Weekly_Pass,2026-07-09,Success,13.0,81.0,,0
018,Other_Partner,Weekly_Pass,2026-07-04,Buffer_Timeout,1.0,4.0,,0
014,Toffee,Daily_Pass,2026-06-20,Success,18.0,93.0,4.0,0
016,Bioscope,Daily_Pass,2026-07-04,Stuck_at_Number_Screen,1.0,5.0,1.0,1
019,Toffee,Daily_Pass,2026-06-18,Success,8.0,96.0,,0
017,Bioscope,Daily_Pass,2026-07-05,Success,7.0,95.0,4.0,0
017,Toffee,Weekly_Pass,2026-07-07,OTP_Failed,3.0,0.0,1.0,0
019,Toffee,WC_Premium,2026-06-23,OTP_Failed,5.0,11.0,1.0,0
016,Toffee,WC_Premium,2026-06-16,Success,4.0,57.0,4.0,0
018,Bioscope,Daily_Pass,2026-06-17,Success,2.0,118.0,,0
016,Toffee,Daily_Pass,2026-07-07,Buffer_Timeout,0.0,7.0,2.0,0
013,Bioscope,Weekly_Pass,2026-06-20,Success,4.0,69.0,5.0,0
017,Bioscope,Weekly_Pass,2026-06-19,Buffer_Timeout,5.0,12.0,1.0,1
019,Other_Partner,Weekly_Pass,2026-07-06,OTP_Failed,0.0,8.0,1.0,1
016,Toffee,Daily_Pass,2026-06-13,OTP_Failed,1.0,4.0,2.0,1
018,Bioscope,Daily_Pass,2026-07-02,Success,4.0,75.0,5.0,0
019,Toffee,Daily_Pass,2026-06-21,Success,15.0,98.0,3.0,0
017,Bioscope,Weekly_Pass,2026-06-20,Success,4.0,74.0,,0
017,Bioscope,WC_Premium,2026-06-24,Success,6.0,109.0,3.0,0
019,Toffee,WC_Premium,2026-06-14,Success,6.0,76.0,,0
019,Toffee,Weekly_Pass,2026-06-12,Success,1.0,99.0,5.0,1
018,Toffee,WC_Premium,2026-07-01,Success,3.0,65.0,,0
017,Toffee,WC_Premium,2026-06-25,Success,3.0,82.0,,0
017,Other_Partner,WC_Premium,2026-06-30,Success,9.0,75.0,5.0,0
016,Toffee,WC_Premium,2026-06-14,OTP_Failed,2.0,9.0,1.0,1
013,Other_Partner,WC_Premium,2026-07-04,Success,42.0,78.0,1.0,1
019,Toffee,Daily_Pass,2026-06-13,Buffer_Timeout,1.0,10.0,1.0,0
014,Other_Partner,Daily_Pass,2026-07-03,Success,6.0,127.0,5.0,0
019,Bioscope,WC_Premium,2026-06-24,Stuck_at_Number_Screen,4.0,11.0,1.0,1
013,Bioscope,Weekly_Pass,2026-06-20,Success,6.0,95.0,5.0,0
019,Toffee,WC_Premium,2026-06-20,OTP_Failed,1.0,0.0,2.0,1
013,Bioscope,WC_Premium,2026-06-15,Success,8.0,71.0,5.0,0
017,Toffee,Daily_Pass,2026-06-21,OTP_Failed,0.0,3.0,,1
017,Toffee,Weekly_Pass,2026-06-23,Success,7.0,86.0,5.0,0
013,Bioscope,Weekly_Pass,2026-06-30,Success,1.0,115.0,3.0,0
014,Bioscope,Daily_Pass,2026-06-24,Success,12.0,86.0,5.0,0
017,Toffee,Daily_Pass,2026-07-07,Success,5.0,84.0,4.0,0
017,Bioscope,Weekly_Pass,2026-06-13,Success,2.0,107.0,4.0,0
015,Bioscope,Daily_Pass,2026-07-07,OTP_Failed,1.0,3.0,1.0,1
017,Toffee,Daily_Pass,2026-07-06,OTP_Failed,5.0,6.0,1.0,1
019,Bioscope,Daily_Pass,2026-06-13,Success,2.0,60.0,4.0,0
017,Bioscope,WC_Premium,2026-07-03,OTP_Failed,1.0,1.0,1.0,1
017,Toffee,WC_Premium,2026-07-01,Success,6.0,91.0,4.0,0
014,Bioscope,Weekly_Pass,2026-06-23,Success,6.0,94.0,4.0,0
017,Bioscope,Weekly_Pass,2026-07-01,OTP_Failed,2.0,3.0,2.0,1
018,Bioscope,WC_Premium,2026-07-08,Stuck_at_Number_Screen,5.0,0.0,1.0,1
017,Toffee,Daily_Pass,2026-06-22,OTP_Failed,0.0,0.0,1.0,0
017,Bioscope,Daily_Pass,2026-07-03,Success,10.0,89.0,,0
017,Toffee,Daily_Pass,2026-06-18,Buffer_Timeout,0.0,12.0,1.0,0
017,Toffee,Daily_Pass,2026-07-08,Stuck_at_Number_Screen,0.0,9.0,1.0,1
017,Toffee,Daily_Pass,2026-07-02,Success,6.0,104.0,5.0,0
019,Bioscope,Daily_Pass,2026-07-06,Buffer_Timeout,3.0,4.0,1.0,0
018,Bioscope,Daily_Pass,2026-06-25,Success,3.0,69.0,,0
017,Toffee,Weekly_Pass,2026-06-24,Success,12.0,97.0,4.0,0
013,Toffee,Daily_Pass,2026-06-18,Buffer_Timeout,1.0,6.0,2.0,0
014,Toffee,Weekly_Pass,2026-06-13,Success,3.0,85.0,,0
014,Toffee,Weekly_Pass,2026-07-03,Success,12.0,93.0,3.0,0
016,Bioscope,Daily_Pass,2026-06-28,Success,26.0,77.0,1.0,0
019,Bioscope,WC_Premium,2026-06-22,Success,3.0,111.0,3.0,0
017,Other_Partner,Weekly_Pass,2026-07-06,Success,6.0,106.0,4.0,0
013,Other_Partner,Daily_Pass,2026-06-17,Success,4.0,97.0,3.0,1
018,Bioscope,Daily_Pass,2026-07-10,Success,1.0,78.0,3.0,1
018,Toffee,WC_Premium,2026-06-18,Success,5.0,78.0,4.0,0
018,Toffee,WC_Premium,2026-06-13,Success,2.0,114.0,5.0,0
013,Bioscope,Weekly_Pass,2026-06-23,OTP_Failed,3.0,6.0,1.0,1
015,Toffee,Daily_Pass,2026-06-15,OTP_Failed,1.0,10.0,1.0,0
019,Bioscope,Weekly_Pass,2026-06-26,Stuck_at_Number_Screen,1.0,12.0,1.0,1
013,Other_Partner,Weekly_Pass,2026-06-30,Success,3.0,74.0,5.0,0
016,Bioscope,WC_Premium,2026-06-28,Success,27.0,108.0,1.0,1
017,Toffee,Weekly_Pass,2026-07-09,OTP_Failed,1.0,7.0,1.0,1
017,Toffee,Daily_Pass,2026-06-28,Success,3.0,129.0,4.0,0
013,Bioscope,Daily_Pass,2026-06-15,OTP_Failed,1.0,0.0,,1
013,Bioscope,Daily_Pass,2026-06-20,Success,15.0,100.0,3.0,0
017,Toffee,Weekly_Pass,2026-06-15,Success,16.0,103.0,,0
019,Bioscope,Daily_Pass,2026-06-12,Success,31.0,59.0,1.0,1
013,Bioscope,Weekly_Pass,2026-06-18,Success,15.0,100.0,5.0,0
018,Toffee,Weekly_Pass,2026-06-11,Success,2.0,139.0,4.0,1
017,Toffee,Daily_Pass,2026-06-29,Success,9.0,78.0,4.0,0
017,Bioscope,Weekly_Pass,2026-06-28,Buffer_Timeout,3.0,6.0,2.0,0
019,Bioscope,Weekly_Pass,2026-06-25,Buffer_Timeout,4.0,4.0,1.0,0
018,Toffee,Weekly_Pass,2026-06-24,OTP_Failed,0.0,4.0,1.0,1
015,Bioscope,WC_Premium,2026-07-06,Buffer_Timeout,1.0,0.0,1.0,1
015,Bioscope,Weekly_Pass,2026-06-16,Stuck_at_Number_Screen,2.0,10.0,1.0,1
013,Bioscope,Daily_Pass,2026-06-17,Success,21.0,94.0,,0
017,Toffee,WC_Premium,2026-07-02,OTP_Failed,4.0,0.0,1.0,1
019,Other_Partner,WC_Premium,2026-06-14,Success,10.0,81.0,5.0,0
015,Toffee,WC_Premium,2026-06-12,OTP_Failed,3.0,9.0,1.0,1
018,Bioscope,Weekly_Pass,2026-06-26,Success,11.0,85.0,3.0,0
019,Bioscope,Daily_Pass,2026-07-06,Stuck_at_Number_Screen,1.0,7.0,,1
019,Toffee,Daily_Pass,2026-06-14,OTP_Failed,3.0,5.0,,0
013,Toffee,Weekly_Pass,2026-07-05,Success,2.0,81.0,4.0,0
018,Bioscope,Daily_Pass,2026-06-12,Buffer_Timeout,0.0,4.0,1.0,0
019,Bioscope,WC_Premium,2026-07-03,Buffer_Timeout,1.0,3.0,2.0,1
016,Toffee,Daily_Pass,2026-06-30,Stuck_at_Number_Screen,1.0,6.0,1.0,1
017,Toffee,Weekly_Pass,2026-07-07,OTP_Failed,1.0,6.0,1.0,1
017,Toffee,Weekly_Pass,2026-06-23,OTP_Failed,3.0,0.0,2.0,1
017,Toffee,Weekly_Pass,2026-06-13,Success,9.0,114.0,4.0,0
017,Other_Partner,WC_Premium,2026-06-19,Success,1.0,122.0,,0
014,Bioscope,Weekly_Pass,2026-06-29,Success,21.0,99.0,1.0,0
017,Other_Partner,Daily_Pass,2026-07-01,Success,23.0,89.0,2.0,0
017,Toffee,Daily_Pass,2026-06-19,Success,13.0,94.0,4.0,0
017,Bioscope,WC_Premium,2026-06-21,Success,2.0,77.0,3.0,0
018,Toffee,WC_Premium,2026-06-13,Success,1.0,74.0,4.0,0
018,Bioscope,Daily_Pass,2026-06-20,Success,3.0,57.0,4.0,0
017,Toffee,Daily_Pass,2026-06-19,OTP_Failed,1.0,0.0,1.0,0
017,Toffee,Daily_Pass,2026-07-07,Success,21.0,103.0,1.0,1
017,Bioscope,WC_Premium,2026-06-16,Success,3.0,83.0,4.0,0
018,Toffee,Daily_Pass,2026-06-17,Success,6.0,106.0,4.0,0
017,Bioscope,Daily_Pass,2026-07-04,Success,11.0,99.0,4.0,0
014,Bioscope,Daily_Pass,2026-07-01,Buffer_Timeout,1.0,6.0,1.0,1
018,Bioscope,WC_Premium,2026-06-24,OTP_Failed,1.0,2.0,1.0,0
017,Other_Partner,WC_Premium,2026-06-21,Success,14.0,107.0,4.0,0
016,Toffee,Daily_Pass,2026-06-28,Success,3.0,75.0,4.0,0
017,Toffee,Daily_Pass,2026-06-17,Success,2.0,89.0,,0
016,Bioscope,Weekly_Pass,2026-06-17,OTP_Failed,5.0,0.0,1.0,1
017,Bioscope,Daily_Pass,2026-06-23,Buffer_Timeout,0.0,0.0,1.0,1
018,Toffee,Daily_Pass,2026-06-26,Success,1.0,103.0,4.0,0
019,Bioscope,WC_Premium,2026-06-22,OTP_Failed,1.0,0.0,1.0,1
014,Toffee,WC_Premium,2026-06-12,Success,15.0,100.0,,0
017,Toffee,WC_Premium,2026-06-17,OTP_Failed,3.0,7.0,1.0,1
017,Toffee,Weekly_Pass,2026-06-29,Success,14.0,82.0,4.0,0
018,Toffee,Daily_Pass,2026-07-10,Success,10.0,82.0,5.0,0
014,Toffee,WC_Premium,2026-06-20,Success,0.0,47.0,5.0,0
014,Toffee,Daily_Pass,2026-06-20,Success,3.0,74.0,,0
017,Toffee,Daily_Pass,2026-06-16,OTP_Failed,3.0,7.0,,0
017,Toffee,Daily_Pass,2026-07-09,Buffer_Timeout,1.0,12.0,,0
018,Toffee,WC_Premium,2026-07-05,Success,9.0,120.0,4.0,0
017,Bioscope,WC_Premium,2026-06-30,Success,20.0,104.0,4.0,0
017,Toffee,Daily_Pass,2026-06-22,Success,2.0,79.0,4.0,0
017,Toffee,Daily_Pass,2026-06-11,Success,14.0,78.0,5.0,0
018,Toffee,WC_Premium,2026-07-06,OTP_Failed,3.0,7.0,1.0,1
014,Toffee,WC_Premium,2026-06-14,Success,7.0,103.0,5.0,0
015,Toffee,Weekly_Pass,2026-06-23,OTP_Failed,1.0,5.0,,1
013,Toffee,Daily_Pass,2026-06-29,OTP_Failed,3.0,3.0,1.0,1
018,Bioscope,Weekly_Pass,2026-06-15,Success,0.0,76.0,3.0,0
019,Bioscope,Weekly_Pass,2026-07-03,OTP_Failed,0.0,0.0,1.0,1
017,Other_Partner,WC_Premium,2026-07-04,Buffer_Timeout,2.0,6.0,,0
016,Bioscope,Daily_Pass,2026-07-09,Success,8.0,120.0,,0
013,Toffee,Weekly_Pass,2026-07-07,OTP_Failed,1.0,8.0,,1
017,Toffee,Daily_Pass,2026-06-29,OTP_Failed,0.0,0.0,,0
013,Bioscope,Weekly_Pass,2026-07-01,Stuck_at_Number_Screen,4.0,4.0,1.0,0
017,Toffee,Daily_Pass,2026-06-22,Success,2.0,75.0,5.0,0
016,Toffee,WC_Premium,2026-07-08,Stuck_at_Number_Screen,4.0,7.0,1.0,1
017,Toffee,Daily_Pass,2026-07-04,Success,8.0,111.0,,0
017,Bioscope,Weekly_Pass,2026-06-17,Success,10.0,94.0,,0
017,Other_Partner,Weekly_Pass,2026-07-01,OTP_Failed,3.0,3.0,2.0,1
019,Other_Partner,WC_Premium,2026-07-04,Buffer_Timeout,0.0,10.0,1.0,1
018,Toffee,WC_Premium,2026-07-10,Stuck_at_Number_Screen,2.0,8.0,1.0,1
018,Toffee,Daily_Pass,2026-07-02,Buffer_Timeout,1.0,2.0,,0
018,Bioscope,Daily_Pass,2026-06-17,Success,18.0,98.0,4.0,0
013,Bioscope,Weekly_Pass,2026-06-29,Success,6.0,90.0,5.0,0
017,Toffee,Weekly_Pass,2026-06-23,Success,13.0,134.0,,0
016,Bioscope,Daily_Pass,2026-06-26,Success,17.0,108.0,5.0,0
017,Bioscope,WC_Premium,2026-06-12,OTP_Failed,1.0,7.0,,1
017,Other_Partner,Daily_Pass,2026-06-28,Success,8.0,70.0,5.0,0
016,Bioscope,WC_Premium,2026-06-20,Success,9.0,99.0,5.0,0
017,Toffee,Daily_Pass,2026-06-12,OTP_Failed,4.0,3.0,2.0,1
017,Bioscope,Daily_Pass,2026-07-07,Success,5.0,83.0,5.0,0
018,Bioscope,Daily_Pass,2026-06-12,Success,12.0,70.0,3.0,0
013,Bioscope,Weekly_Pass,2026-07-06,Buffer_Timeout,8.0,14.0,,0
016,Bioscope,Daily_Pass,2026-06-17,Stuck_at_Number_Screen,4.0,0.0,,1
018,Other_Partner,WC_Premium,2026-07-07,Success,12.0,85.0,5.0,0
018,Bioscope,Daily_Pass,2026-06-11,OTP_Failed,3.0,0.0,,1
016,Toffee,Daily_Pass,2026-06-14,Success,2.0,78.0,4.0,0
017,Bioscope,WC_Premium,2026-07-08,Success,1.0,77.0,5.0,0
017,Bioscope,WC_Premium,2026-06-17,Success,12.0,79.0,5.0,0
013,Toffee,Weekly_Pass,2026-07-06,Stuck_at_Number_Screen,5.0,10.0,1.0,1
017,Toffee,WC_Premium,2026-07-06,Success,1.0,81.0,,1
015,Bioscope,Daily_Pass,2026-06-28,OTP_Failed,1.0,0.0,,1
019,Toffee,Daily_Pass,2026-07-05,Success,6.0,64.0,4.0,1
017,Bioscope,Daily_Pass,2026-07-01,Stuck_at_Number_Screen,1.0,6.0,1.0,1
017,Toffee,WC_Premium,2026-06-27,Success,3.0,89.0,4.0,0
017,Other_Partner,Weekly_Pass,2026-07-07,Success,4.0,79.0,4.0,0
017,Toffee,Daily_Pass,2026-06-22,Stuck_at_Number_Screen,1.0,9.0,1.0,1
017,Toffee,Daily_Pass,2026-06-12,OTP_Failed,1.0,4.0,1.0,1
018,Toffee,Daily_Pass,2026-06-22,OTP_Failed,0.0,4.0,1.0,1
019,Bioscope,Daily_Pass,2026-06-27,Success,52.0,118.0,1.0,0
016,Toffee,Weekly_Pass,2026-07-06,OTP_Failed,0.0,3.0,1.0,1
017,Toffee,Daily_Pass,2026-07-08,Success,5.0,110.0,5.0,0
013,Bioscope,Daily_Pass,2026-07-01,Success,8.0,99.0,5.0,0
018,Toffee,Daily_Pass,2026-06-18,OTP_Failed,4.0,11.0,1.0,0
019,Bioscope,Weekly_Pass,2026-06-26,Buffer_Timeout,0.0,10.0,,0
019,Bioscope,Weekly_Pass,2026-06-17,Success,6.0,93.0,5.0,0
014,Bioscope,Weekly_Pass,2026-06-13,Stuck_at_Number_Screen,1.0,6.0,1.0,1
018,Toffee,WC_Premium,2026-07-06,OTP_Failed,1.0,13.0,1.0,1
016,Bioscope,Daily_Pass,2026-07-06,Buffer_Timeout,1.0,3.0,2.0,0
017,Toffee,Daily_Pass,2026-07-01,OTP_Failed,2.0,0.0,1.0,1
018,Bioscope,WC_Premium,2026-06-16,OTP_Failed,1.0,8.0,1.0,1
017,Bioscope,Daily_Pass,2026-06-12,Success,24.0,110.0,,0
013,Toffee,Weekly_Pass,2026-06-22,Success,1.0,101.0,3.0,0
018,Toffee,WC_Premium,2026-06-28,Success,9.0,67.0,4.0,0
017,Toffee,Weekly_Pass,2026-06-24,Stuck_at_Number_Screen,2.0,9.0,1.0,1
017,Toffee,Daily_Pass,2026-06-16,Success,1.0,104.0,4.0,0
017,Bioscope,WC_Premium,2026-06-12,Success,27.0,98.0,1.0,0
017,Bioscope,Daily_Pass,2026-07-03,Buffer_Timeout,1.0,3.0,,0
017,Toffee,Weekly_Pass,2026-07-01,Stuck_at_Number_Screen,3.0,3.0,,1
017,Bioscope,Daily_Pass,2026-07-02,Stuck_at_Number_Screen,2.0,1.0,1.0,1
017,Other_Partner,Weekly_Pass,2026-06-26,Success,11.0,87.0,4.0,0
017,Bioscope,Weekly_Pass,2026-06-28,Success,3.0,83.0,4.0,0
015,Toffee,Weekly_Pass,2026-06-12,Success,33.0,108.0,1.0,1
017,Bioscope,WC_Premium,2026-06-12,Stuck_at_Number_Screen,3.0,4.0,1.0,1
017,Bioscope,WC_Premium,2026-06-23,Success,3.0,74.0,4.0,0
018,Bioscope,Daily_Pass,2026-07-01,Success,1.0,74.0,4.0,0
019,Toffee,WC_Premium,2026-07-02,OTP_Failed,2.0,2.0,,1
016,Toffee,Daily_Pass,2026-06-30,Success,8.0,75.0,3.0,0
017,Bioscope,Daily_Pass,2026-06-23,Success,8.0,68.0,4.0,0
018,Bioscope,WC_Premium,2026-07-03,Stuck_at_Number_Screen,0.0,2.0,2.0,1
016,Bioscope,Weekly_Pass,2026-06-23,OTP_Failed,2.0,3.0,1.0,1
016,Toffee,Daily_Pass,2026-06-16,Buffer_Timeout,3.0,0.0,1.0,0
016,Bioscope,Weekly_Pass,2026-07-04,Success,9.0,70.0,5.0,0
019,Toffee,Daily_Pass,2026-06-26,Success,2.0,120.0,5.0,0
019,Toffee,Weekly_Pass,2026-06-12,Success,11.0,138.0,5.0,0
018,Bioscope,Weekly_Pass,2026-06-30,Success,1.0,87.0,4.0,0
013,Toffee,WC_Premium,2026-06-20,Stuck_at_Number_Screen,0.0,15.0,1.0,1
018,Toffee,Daily_Pass,2026-06-26,Buffer_Timeout,2.0,12.0,1.0,0
019,Bioscope,Daily_Pass,2026-06-30,Buffer_Timeout,1.0,3.0,1.0,1
017,Bioscope,Daily_Pass,2026-06-21,Success,15.0,96.0,4.0,0
015,Toffee,Daily_Pass,2026-06-28,OTP_Failed,3.0,0.0,1.0,1
017,Bioscope,WC_Premium,2026-06-22,Success,17.0,112.0,4.0,0
018,Toffee,WC_Premium,2026-07-02,Success,1.0,112.0,4.0,0
019,Toffee,WC_Premium,2026-06-21,Success,0.0,67.0,4.0,0
017,Toffee,Weekly_Pass,2026-06-26,Success,13.0,85.0,4.0,0
018,Toffee,WC_Premium,2026-07-07,Success,12.0,143.0,,0
017,Other_Partner,Daily_Pass,2026-06-25,Success,11.0,92.0,,0
013,Toffee,Daily_Pass,2026-06-11,Stuck_at_Number_Screen,1.0,0.0,1.0,1
017,Bioscope,Daily_Pass,2026-06-18,Stuck_at_Number_Screen,0.0,2.0,2.0,1
013,Bioscope,WC_Premium,2026-07-04,OTP_Failed,2.0,4.0,1.0,1
013,Other_Partner,Weekly_Pass,2026-07-05,Success,0.0,64.0,5.0,0
015,Toffee,Weekly_Pass,2026-06-19,OTP_Failed,0.0,5.0,,1
015,Bioscope,Daily_Pass,2026-06-21,OTP_Failed,1.0,3.0,1.0,1
017,Other_Partner,Weekly_Pass,2026-06-17,Success,2.0,95.0,3.0,0
016,Toffee,WC_Premium,2026-06-22,OTP_Failed,8.0,8.0,1.0,1
017,Toffee,Daily_Pass,2026-06-17,Stuck_at_Number_Screen,3.0,15.0,1.0,1
017,Toffee,Weekly_Pass,2026-06-16,OTP_Failed,3.0,6.0,1.0,1
017,Bioscope,Daily_Pass,2026-06-24,Success,18.0,103.0,,0
015,Bioscope,WC_Premium,2026-06-14,Success,12.0,104.0,4.0,1
014,Toffee,Weekly_Pass,2026-07-02,Success,1.0,71.0,,0
017,Bioscope,Daily_Pass,2026-06-23,Buffer_Timeout,2.0,0.0,1.0,0
017,Toffee,Weekly_Pass,2026-06-26,Stuck_at_Number_Screen,1.0,7.0,,1
017,Bioscope,Daily_Pass,2026-06-12,Success,9.0,87.0,,0
018,Toffee,WC_Premium,2026-06-21,OTP_Failed,2.0,8.0,1.0,1
018,Bioscope,WC_Premium,2026-07-09,Success,4.0,95.0,,0
017,Toffee,Weekly_Pass,2026-07-07,OTP_Failed,1.0,0.0,1.0,1
019,Toffee,Daily_Pass,2026-06-11,Stuck_at_Number_Screen,0.0,9.0,,1
017,Bioscope,Weekly_Pass,2026-07-04,Success,3.0,62.0,,1
014,Toffee,Weekly_Pass,2026-06-24,Success,1.0,97.0,4.0,0
016,Bioscope,Daily_Pass,2026-07-04,Success,39.0,104.0,2.0,1
013,Other_Partner,Daily_Pass,2026-07-07,Success,21.0,92.0,1.0,0
019,Toffee,WC_Premium,2026-06-25,Stuck_at_Number_Screen,7.0,9.0,1.0,1
019,Bioscope,WC_Premium,2026-07-05,Stuck_at_Number_Screen,5.0,0.0,1.0,0
017,Toffee,WC_Premium,2026-06-19,Stuck_at_Number_Screen,2.0,10.0,1.0,1
017,Toffee,Weekly_Pass,2026-07-04,Success,4.0,80.0,4.0,0
014,Toffee,WC_Premium,2026-07-02,OTP_Failed,5.0,0.0,1.0,0
017,Other_Partner,Weekly_Pass,2026-07-03,Success,6.0,114.0,,0
017,Toffee,Daily_Pass,2026-06-14,Success,6.0,98.0,5.0,0
018,Bioscope,WC_Premium,2026-07-04,Success,2.0,85.0,4.0,0
019,Other_Partner,WC_Premium,2026-06-11,Success,3.0,58.0,5.0,0
019,Toffee,WC_Premium,2026-07-04,Success,25.0,80.0,2.0,0
014,Bioscope,WC_Premium,2026-06-23,Success,20.0,87.0,,0
018,Bioscope,WC_Premium,2026-06-28,OTP_Failed,3.0,7.0,2.0,0
017,Toffee,Weekly_Pass,2026-06-17,Success,29.0,117.0,1.0,0
018,Toffee,WC_Premium,2026-06-18,Success,10.0,73.0,,0
019,Toffee,Weekly_Pass,2026-06-14,Success,8.0,62.0,5.0,0
017,Bioscope,Daily_Pass,2026-06-30,Success,3.0,80.0,5.0,0
017,Bioscope,WC_Premium,2026-06-24,Success,7.0,111.0,4.0,0
017,Toffee,WC_Premium,2026-07-08,Buffer_Timeout,0.0,2.0,2.0,0
018,Toffee,Daily_Pass,2026-06-20,Success,12.0,80.0,5.0,0
019,Other_Partner,WC_Premium,2026-06-17,Buffer_Timeout,0.0,15.0,1.0,0
016,Toffee,Daily_Pass,2026-06-17,Success,2.0,100.0,,0
015,Bioscope,WC_Premium,2026-06-24,Success,17.0,59.0,5.0,0
017,Toffee,Weekly_Pass,2026-06-21,OTP_Failed,4.0,10.0,1.0,1
014,Bioscope,Weekly_Pass,2026-07-08,Stuck_at_Number_Screen,0.0,7.0,2.0,1
019,Other_Partner,WC_Premium,2026-07-05,Success,1.0,102.0,,0
017,Toffee,WC_Premium,2026-06-29,Success,1.0,64.0,5.0,0
015,Toffee,WC_Premium,2026-06-22,OTP_Failed,1.0,9.0,1.0,1
017,Toffee,WC_Premium,2026-06-18,Buffer_Timeout,0.0,8.0,2.0,0
019,Toffee,Daily_Pass,2026-06-30,Buffer_Timeout,3.0,0.0,1.0,0
019,Toffee,Daily_Pass,2026-07-09,OTP_Failed,7.0,10.0,1.0,1
019,Bioscope,WC_Premium,2026-06-15,Stuck_at_Number_Screen,2.0,9.0,1.0,1
018,Toffee,WC_Premium,2026-07-09,Stuck_at_Number_Screen,0.0,8.0,1.0,1
017,Toffee,Daily_Pass,2026-07-10,OTP_Failed,0.0,5.0,1.0,1
018,Bioscope,Daily_Pass,2026-07-08,Buffer_Timeout,2.0,1.0,1.0,1
013,Bioscope,Daily_Pass,2026-06-17,Stuck_at_Number_Screen,1.0,3.0,1.0,1
019,Toffee,Daily_Pass,2026-06-30,OTP_Failed,0.0,7.0,2.0,1
019,Bioscope,WC_Premium,2026-07-09,Success,0.0,82.0,,0
014,Bioscope,Daily_Pass,2026-06-27,Success,4.0,76.0,5.0,1
017,Bioscope,Daily_Pass,2026-06-23,Buffer_Timeout,0.0,6.0,,0
019,Toffee,WC_Premium,2026-06-18,Success,8.0,62.0,,0
014,Toffee,Daily_Pass,2026-07-08,Success,6.0,69.0,5.0,0
019,Bioscope,WC_Premium,2026-07-08,Success,13.0,99.0,5.0,1
017,Bioscope,Daily_Pass,2026-07-06,Buffer_Timeout,5.0,6.0,2.0,0
017,Bioscope,Weekly_Pass,2026-06-11,Stuck_at_Number_Screen,1.0,0.0,1.0,1
017,Toffee,Daily_Pass,2026-06-21,Success,12.0,71.0,5.0,0
018,Bioscope,Daily_Pass,2026-06-11,Success,1.0,91.0,5.0,0
018,Bioscope,Weekly_Pass,2026-06-23,OTP_Failed,0.0,8.0,1.0,0
015,Toffee,WC_Premium,2026-06-24,OTP_Failed,1.0,0.0,2.0,1
013,Toffee,Weekly_Pass,2026-07-01,Success,15.0,66.0,,0
017,Bioscope,Daily_Pass,2026-06-11,Buffer_Timeout,1.0,8.0,1.0,0
018,Bioscope,WC_Premium,2026-06-24,OTP_Failed,5.0,0.0,1.0,1
019,Toffee,Daily_Pass,2026-06-20,OTP_Failed,2.0,0.0,1.0,1
014,Bioscope,WC_Premium,2026-07-04,Buffer_Timeout,1.0,11.0,1.0,0
019,Bioscope,Daily_Pass,2026-07-06,Success,16.0,89.0,4.0,0
013,Bioscope,Weekly_Pass,2026-06-13,Success,19.0,72.0,5.0,0
018,Bioscope,Daily_Pass,2026-07-01,Success,8.0,127.0,5.0,0
019,Bioscope,Weekly_Pass,2026-06-30,Buffer_Timeout,3.0,7.0,2.0,0
018,Toffee,Weekly_Pass,2026-06-13,Success,2.0,86.0,4.0,0
017,Toffee,Weekly_Pass,2026-07-05,OTP_Failed,0.0,1.0,1.0,1
017,Bioscope,Daily_Pass,2026-06-28,Success,3.0,86.0,4.0,0
017,Toffee,WC_Premium,2026-07-04,Stuck_at_Number_Screen,4.0,6.0,1.0,1
016,Bioscope,WC_Premium,2026-06-29,Stuck_at_Number_Screen,1.0,8.0,2.0,1
017,Bioscope,Weekly_Pass,2026-06-16,Success,6.0,124.0,5.0,0
017,Toffee,Weekly_Pass,2026-07-08,Success,2.0,91.0,5.0,0
017,Bioscope,Weekly_Pass,2026-06-12,Success,5.0,88.0,4.0,0
018,Bioscope,Daily_Pass,2026-07-10,Success,18.0,96.0,5.0,0
013,Toffee,WC_Premium,2026-06-30,Buffer_Timeout,1.0,2.0,2.0,0
016,Toffee,Daily_Pass,2026-06-14,Success,2.0,74.0,,0
017,Other_Partner,Weekly_Pass,2026-06-12,Success,1.0,88.0,4.0,0
017,Toffee,Weekly_Pass,2026-06-30,Stuck_at_Number_Screen,5.0,3.0,1.0,1
018,Bioscope,Weekly_Pass,2026-06-13,Buffer_Timeout,0.0,3.0,2.0,0
017,Toffee,WC_Premium,2026-06-28,OTP_Failed,2.0,13.0,1.0,1
017,Toffee,Daily_Pass,2026-06-28,Stuck_at_Number_Screen,6.0,3.0,1.0,1
017,Toffee,WC_Premium,2026-06-28,Success,11.0,91.0,3.0,0
019,Bioscope,Weekly_Pass,2026-06-15,Success,4.0,100.0,,0
016,Toffee,Daily_Pass,2026-06-15,Success,9.0,72.0,5.0,0
017,Toffee,Weekly_Pass,2026-06-25,Success,3.0,87.0,,0
017,Bioscope,WC_Premium,2026-06-18,Success,12.0,72.0,,0
015,Toffee,Daily_Pass,2026-06-12,Success,19.0,105.0,4.0,0
016,Toffee,Weekly_Pass,2026-06-18,Success,4.0,112.0,,0
013,Toffee,Weekly_Pass,2026-06-16,Success,12.0,78.0,4.0,0
016,Toffee,Weekly_Pass,2026-06-29,Success,35.0,99.0,2.0,0
019,Bioscope,WC_Premium,2026-07-08,Buffer_Timeout,1.0,4.0,1.0,0
019,Toffee,Daily_Pass,2026-06-21,Buffer_Timeout,2.0,8.0,,0
018,Toffee,Weekly_Pass,2026-07-01,Success,38.0,70.0,2.0,1
013,Bioscope,Weekly_Pass,2026-06-14,Success,10.0,99.0,3.0,0
017,Bioscope,Daily_Pass,2026-07-01,Buffer_Timeout,1.0,7.0,2.0,0
014,Bioscope,WC_Premium,2026-07-02,Success,4.0,89.0,5.0,0
018,Bioscope,Daily_Pass,2026-06-30,Buffer_Timeout,0.0,9.0,1.0,1
017,Bioscope,Daily_Pass,2026-07-06,Success,4.0,112.0,4.0,0
014,Bioscope,WC_Premium,2026-06-20,Success,27.0,123.0,2.0,0
014,Bioscope,Daily_Pass,2026-06-18,Stuck_at_Number_Screen,1.0,0.0,1.0,1
015,Bioscope,WC_Premium,2026-06-28,Success,6.0,106.0,,0
019,Bioscope,WC_Premium,2026-06-30,Success,2.0,55.0,3.0,0
015,Toffee,Daily_Pass,2026-07-05,Stuck_at_Number_Screen,1.0,7.0,1.0,1
017,Bioscope,Daily_Pass,2026-06-28,Buffer_Timeout,1.0,4.0,2.0,0
019,Bioscope,Daily_Pass,2026-07-07,OTP_Failed,3.0,7.0,,1
019,Bioscope,Daily_Pass,2026-07-06,Stuck_at_Number_Screen,2.0,7.0,1.0,1
017,Toffee,Daily_Pass,2026-06-23,Buffer_Timeout,0.0,0.0,1.0,0
017,Toffee,WC_Premium,2026-06-12,Success,14.0,87.0,,0
015,Toffee,WC_Premium,2026-06-20,Success,11.0,63.0,5.0,0
017,Bioscope,Daily_Pass,2026-06-27,Success,20.0,137.0,5.0,0
019,Toffee,WC_Premium,2026-06-27,Success,11.0,94.0,4.0,0
017,Toffee,Daily_Pass,2026-06-23,OTP_Failed,1.0,0.0,1.0,1
017,Toffee,Weekly_Pass,2026-06-18,Success,5.0,64.0,,0
018,Toffee,Daily_Pass,2026-06-24,Success,7.0,67.0,5.0,0
017,Bioscope,Daily_Pass,2026-07-07,Success,16.0,80.0,,0
016,Bioscope,WC_Premium,2026-06-13,Success,13.0,60.0,4.0,0
018,Toffee,Weekly_Pass,2026-06-22,Success,11.0,89.0,5.0,0
017,Bioscope,Weekly_Pass,2026-06-11,Success,12.0,111.0,,0
017,Toffee,Weekly_Pass,2026-06-25,Stuck_at_Number_Screen,4.0,11.0,1.0,1
013,Toffee,Daily_Pass,2026-06-23,OTP_Failed,1.0,6.0,1.0,0
017,Bioscope,WC_Premium,2026-06-12,Buffer_Timeout,0.0,9.0,1.0,0
019,Bioscope,WC_Premium,2026-07-07,Buffer_Timeout,4.0,2.0,1.0,0
013,Bioscope,Daily_Pass,2026-06-14,Buffer_Timeout,1.0,7.0,2.0,0
017,Toffee,Daily_Pass,2026-06-30,Success,5.0,91.0,4.0,0
018,Bioscope,Weekly_Pass,2026-06-17,Buffer_Timeout,1.0,10.0,1.0,0
017,Toffee,Weekly_Pass,2026-06-20,Success,7.0,109.0,4.0,0
017,Toffee,Weekly_Pass,2026-07-08,Success,16.0,90.0,4.0,0
017,Toffee,Weekly_Pass,2026-07-03,OTP_Failed,0.0,0.0,1.0,1
019,Bioscope,WC_Premium,2026-07-05,Success,2.0,126.0,5.0,0
014,Toffee,Daily_Pass,2026-06-23,Success,4.0,106.0,3.0,0
019,Toffee,Weekly_Pass,2026-07-05,Success,2.0,72.0,4.0,0
017,Bioscope,Weekly_Pass,2026-07-01,Success,1.0,106.0,5.0,0
017,Toffee,Weekly_Pass,2026-06-24,Stuck_at_Number_Screen,1.0,15.0,2.0,1
018,Toffee,Daily_Pass,2026-06-18,Success,13.0,115.0,,0
016,Toffee,Weekly_Pass,2026-06-18,OTP_Failed,0.0,2.0,1.0,1
015,Toffee,Weekly_Pass,2026-06-28,Success,8.0,113.0,4.0,0
017,Bioscope,Weekly_Pass,2026-06-26,Success,5.0,91.0,5.0,0
017,Bioscope,Daily_Pass,2026-06-27,Success,16.0,77.0,4.0,0
016,Toffee,Weekly_Pass,2026-06-17,Stuck_at_Number_Screen,1.0,2.0,2.0,1
019,Toffee,WC_Premium,2026-06-20,Buffer_Timeout,0.0,3.0,1.0,0
019,Bioscope,WC_Premium,2026-07-07,Success,4.0,106.0,4.0,0
016,Bioscope,WC_Premium,2026-06-22,Buffer_Timeout,0.0,2.0,2.0,1
015,Bioscope,Weekly_Pass,2026-07-02,Stuck_at_Number_Screen,0.0,5.0,1.0,1
018,Toffee,Daily_Pass,2026-06-15,Success,1.0,99.0,,0
014,Toffee,Weekly_Pass,2026-06-30,Success,8.0,89.0,3.0,0
015,Other_Partner,Daily_Pass,2026-06-20,Stuck_at_Number_Screen,0.0,1.0,,1
019,Bioscope,WC_Premium,2026-07-08,Success,2.0,90.0,5.0,0
017,Toffee,Daily_Pass,2026-06-15,Success,6.0,92.0,3.0,0
017,Toffee,WC_Premium,2026-06-12,Success,0.0,91.0,4.0,0
018,Toffee,WC_Premium,2026-06-15,Success,2.0,91.0,,0
018,Toffee,WC_Premium,2026-07-07,Success,1.0,88.0,4.0,0
019,Other_Partner,WC_Premium,2026-06-17,Success,1.0,77.0,4.0,0
017,Bioscope,Weekly_Pass,2026-06-26,Stuck_at_Number_Screen,1.0,8.0,,1
017,Toffee,Weekly_Pass,2026-06-25,OTP_Failed,3.0,4.0,1.0,1
019,Toffee,Daily_Pass,2026-07-09,OTP_Failed,1.0,2.0,1.0,1
017,Bioscope,Daily_Pass,2026-07-08,Success,6.0,93.0,4.0,0
017,Toffee,Daily_Pass,2026-06-11,Success,13.0,94.0,,0
013,Bioscope,Daily_Pass,2026-06-28,Buffer_Timeout,4.0,7.0,,0
018,Bioscope,WC_Premium,2026-06-29,Success,2.0,93.0,,0
017,Bioscope,Daily_Pass,2026-07-05,OTP_Failed,0.0,14.0,2.0,1
019,Bioscope,WC_Premium,2026-07-04,Success,3.0,64.0,4.0,0
013,Bioscope,Daily_Pass,2026-06-11,Success,21.0,75.0,,0
014,Other_Partner,WC_Premium,2026-06-19,Success,4.0,114.0,,0
018,Toffee,Daily_Pass,2026-06-20,OTP_Failed,2.0,2.0,1.0,1
017,Bioscope,Weekly_Pass,2026-06-20,OTP_Failed,1.0,2.0,2.0,1
017,Toffee,Weekly_Pass,2026-06-25,OTP_Failed,1.0,9.0,1.0,1
017,Toffee,WC_Premium,2026-06-17,Buffer_Timeout,4.0,0.0,2.0,0
018,Toffee,Daily_Pass,2026-07-05,Success,4.0,99.0,3.0,0
017,Bioscope,WC_Premium,2026-07-01,Success,3.0,91.0,4.0,0
013,Toffee,Weekly_Pass,2026-07-01,Success,0.0,117.0,4.0,0
018,Bioscope,Daily_Pass,2026-06-11,Success,9.0,109.0,5.0,0
017,Bioscope,Daily_Pass,2026-06-17,Buffer_Timeout,0.0,0.0,2.0,1
017,Toffee,WC_Premium,2026-07-04,Stuck_at_Number_Screen,4.0,6.0,2.0,1
019,Bioscope,Daily_Pass,2026-07-09,Success,1.0,86.0,4.0,0
014,Bioscope,WC_Premium,2026-06-11,OTP_Failed,1.0,11.0,1.0,1
017,Bioscope,Daily_Pass,2026-07-06,Buffer_Timeout,4.0,9.0,1.0,0
017,Toffee,Weekly_Pass,2026-07-10,OTP_Failed,3.0,11.0,1.0,1
015,Bioscope,Weekly_Pass,2026-06-15,Success,8.0,66.0,5.0,1
017,Bioscope,Weekly_Pass,2026-07-03,Stuck_at_Number_Screen,1.0,0.0,1.0,1
015,Toffee,Daily_Pass,2026-06-29,OTP_Failed,1.0,3.0,1.0,1
017,Toffee,WC_Premium,2026-06-28,OTP_Failed,0.0,9.0,1.0,1
019,Toffee,WC_Premium,2026-06-24,Success,5.0,74.0,,0
017,Bioscope,Weekly_Pass,2026-06-11,Success,3.0,83.0,4.0,0
014,Toffee,Weekly_Pass,2026-06-21,Success,15.0,82.0,,0
017,Toffee,Weekly_Pass,2026-07-10,Success,11.0,56.0,4.0,1
016,Bioscope,WC_Premium,2026-06-21,Success,31.0,77.0,1.0,1
017,Toffee,WC_Premium,2026-07-06,Success,16.0,66.0,4.0,0
017,Other_Partner,Daily_Pass,2026-06-13,Success,5.0,125.0,,0
019,Toffee,Daily_Pass,2026-07-10,Success,4.0,95.0,4.0,0
018,Bioscope,WC_Premium,2026-07-04,Buffer_Timeout,2.0,2.0,2.0,0
014,Toffee,Daily_Pass,2026-07-09,Success,15.0,75.0,4.0,0
013,Other_Partner,WC_Premium,2026-06-13,Success,0.0,103.0,,0
019,Bioscope,Weekly_Pass,2026-06-29,Success,14.0,87.0,5.0,0
013,Other_Partner,Daily_Pass,2026-06-14,Success,20.0,107.0,3.0,0
015,Bioscope,Daily_Pass,2026-06-13,OTP_Failed,2.0,3.0,1.0,1
015,Toffee,Weekly_Pass,2026-06-13,Success,6.0,78.0,5.0,0
017,Toffee,WC_Premium,2026-06-23,OTP_Failed,1.0,0.0,,0
019,Toffee,Daily_Pass,2026-06-21,Success,0.0,103.0,5.0,0
019,Bioscope,Daily_Pass,2026-06-29,Success,1.0,104.0,,0
017,Other_Partner,WC_Premium,2026-06-24,OTP_Failed,1.0,12.0,1.0,1
018,Toffee,Daily_Pass,2026-06-28,Buffer_Timeout,1.0,0.0,,0
017,Bioscope,Weekly_Pass,2026-06-30,Success,19.0,137.0,4.0,0
019,Other_Partner,Weekly_Pass,2026-06-29,Stuck_at_Number_Screen,3.0,0.0,,1
017,Toffee,Daily_Pass,2026-07-05,Stuck_at_Number_Screen,4.0,11.0,1.0,1
017,Bioscope,Daily_Pass,2026-06-30,Success,6.0,77.0,,0
013,Toffee,Daily_Pass,2026-07-01,Stuck_at_Number_Screen,7.0,6.0,1.0,1
018,Bioscope,Daily_Pass,2026-06-21,OTP_Failed,1.0,4.0,,0
019,Toffee,Weekly_Pass,2026-06-26,Success,4.0,135.0,5.0,0
015,Toffee,Weekly_Pass,2026-07-02,Buffer_Timeout,0.0,0.0,1.0,0
013,Toffee,Weekly_Pass,2026-07-06,Success,3.0,111.0,5.0,0
017,Other_Partner,Weekly_Pass,2026-06-20,Success,7.0,80.0,,0
016,Bioscope,Daily_Pass,2026-07-01,Success,5.0,113.0,,0
018,Toffee,Daily_Pass,2026-06-17,OTP_Failed,0.0,9.0,1.0,1
013,Other_Partner,Daily_Pass,2026-06-15,Success,3.0,85.0,4.0,0
017,Bioscope,Weekly_Pass,2026-06-11,Success,12.0,99.0,5.0,0
018,Bioscope,WC_Premium,2026-07-10,Success,0.0,97.0,,0
017,Toffee,Daily_Pass,2026-07-09,Success,17.0,95.0,5.0,0
019,Toffee,Weekly_Pass,2026-06-18,Success,1.0,92.0,4.0,0
018,Bioscope,WC_Premium,2026-07-04,Stuck_at_Number_Screen,2.0,12.0,1.0,0
019,Toffee,WC_Premium,2026-06-23,OTP_Failed,3.0,9.0,1.0,1
018,Toffee,WC_Premium,2026-06-30,Success,6.0,122.0,,0
017,Toffee,Daily_Pass,2026-07-07,Success,4.0,82.0,,0
019,Toffee,Daily_Pass,2026-06-16,Success,3.0,98.0,4.0,0
018,Toffee,Daily_Pass,2026-06-27,Success,13.0,93.0,4.0,0
017,Other_Partner,Daily_Pass,2026-06-25,OTP_Failed,2.0,8.0,1.0,1
018,Toffee,Weekly_Pass,2026-07-05,Success,2.0,59.0,5.0,0
013,Toffee,WC_Premium,2026-06-25,Success,3.0,119.0,4.0,0
019,Bioscope,Weekly_Pass,2026-06-16,Success,4.0,111.0,5.0,0
018,Bioscope,Daily_Pass,2026-06-17,Buffer_Timeout,2.0,0.0,1.0,0
016,Bioscope,Daily_Pass,2026-06-11,Success,4.0,75.0,5.0,0
017,Bioscope,WC_Premium,2026-06-21,Success,6.0,108.0,5.0,0
013,Toffee,Weekly_Pass,2026-06-23,Buffer_Timeout,2.0,2.0,,0
015,Toffee,WC_Premium,2026-06-23,Success,27.0,56.0,1.0,0
019,Bioscope,WC_Premium,2026-06-30,Stuck_at_Number_Screen,0.0,4.0,,1
017,Other_Partner,WC_Premium,2026-06-26,OTP_Failed,0.0,4.0,1.0,1
017,Bioscope,WC_Premium,2026-07-03,Success,3.0,68.0,4.0,0
017,Toffee,Weekly_Pass,2026-06-14,Success,14.0,75.0,4.0,0
016,Toffee,WC_Premium,2026-06-26,Success,9.0,79.0,5.0,0
019,Toffee,Weekly_Pass,2026-06-27,OTP_Failed,1.0,11.0,1.0,1
016,Bioscope,Daily_Pass,2026-07-10,Stuck_at_Number_Screen,1.0,13.0,1.0,1
018,Toffee,Daily_Pass,2026-06-26,OTP_Failed,2.0,0.0,2.0,1
019,Toffee,Daily_Pass,2026-06-13,Success,11.0,92.0,,0
013,Toffee,Daily_Pass,2026-07-01,Success,18.0,70.0,,0
017,Toffee,Daily_Pass,2026-06-13,Success,5.0,84.0,,0
018,Toffee,Weekly_Pass,2026-06-16,Buffer_Timeout,5.0,0.0,1.0,0
015,Toffee,WC_Premium,2026-07-04,Stuck_at_Number_Screen,0.0,1.0,2.0,1
019,Bioscope,Weekly_Pass,2026-06-17,Success,1.0,80.0,3.0,0
018,Toffee,Weekly_Pass,2026-06-17,Success,4.0,96.0,5.0,1
018,Bioscope,Daily_Pass,2026-06-23,Stuck_at_Number_Screen,4.0,10.0,,1
014,Toffee,Daily_Pass,2026-06-13,Success,11.0,99.0,3.0,0
013,Toffee,Weekly_Pass,2026-06-26,OTP_Failed,0.0,4.0,1.0,0
017,Bioscope,WC_Premium,2026-06-21,Success,4.0,114.0,5.0,0
015,Toffee,Daily_Pass,2026-07-05,Success,35.0,87.0,1.0,1
019,Bioscope,Weekly_Pass,2026-06-30,Success,1.0,99.0,5.0,0
017,Bioscope,WC_Premium,2026-06-18,Success,1.0,103.0,3.0,0
018,Bioscope,Daily_Pass,2026-07-06,Success,1.0,118.0,4.0,0
013,Toffee,Daily_Pass,2026-06-29,Success,15.0,114.0,4.0,0
017,Toffee,WC_Premium,2026-06-24,Success,7.0,85.0,4.0,0
015,Bioscope,Weekly_Pass,2026-06-20,Success,6.0,110.0,3.0,0
013,Toffee,Daily_Pass,2026-06-11,Success,8.0,89.0,4.0,0
019,Toffee,Daily_Pass,2026-06-29,Success,8.0,120.0,3.0,0
017,Bioscope,Weekly_Pass,2026-07-05,Success,12.0,83.0,4.0,0
018,Toffee,Daily_Pass,2026-06-12,Buffer_Timeout,1.0,5.0,1.0,0
017,Toffee,WC_Premium,2026-07-09,Success,2.0,81.0,4.0,0
019,Bioscope,Daily_Pass,2026-06-29,Success,8.0,78.0,5.0,0
018,Other_Partner,Daily_Pass,2026-07-05,Success,14.0,105.0,,0
018,Bioscope,Daily_Pass,2026-07-02,Stuck_at_Number_Screen,1.0,0.0,1.0,1
017,Toffee,WC_Premium,2026-07-06,Success,3.0,79.0,5.0,0
017,Bioscope,WC_Premium,2026-07-07,Success,9.0,96.0,,0
017,Toffee,WC_Premium,2026-06-17,Buffer_Timeout,1.0,6.0,2.0,0
017,Toffee,Weekly_Pass,2026-06-20,Success,3.0,103.0,,0
018,Bioscope,WC_Premium,2026-06-16,Buffer_Timeout,1.0,13.0,2.0,1
018,Toffee,WC_Premium,2026-06-25,Stuck_at_Number_Screen,1.0,0.0,1.0,1
018,Toffee,Daily_Pass,2026-07-01,OTP_Failed,3.0,1.0,1.0,1
018,Other_Partner,WC_Premium,2026-07-07,Success,11.0,106.0,4.0,0
017,Bioscope,WC_Premium,2026-06-27,Success,1.0,89.0,5.0,0
017,Bioscope,WC_Premium,2026-06-11,Stuck_at_Number_Screen,3.0,0.0,2.0,1
017,Bioscope,WC_Premium,2026-07-03,Success,9.0,58.0,4.0,0
019,Bioscope,WC_Premium,2026-06-17,Success,9.0,91.0,5.0,0
018,Toffee,WC_Premium,2026-06-19,Success,10.0,114.0,4.0,0
017,Bioscope,Weekly_Pass,2026-06-19,Success,2.0,96.0,4.0,0
017,Toffee,WC_Premium,2026-06-29,Success,11.0,93.0,5.0,0
019,Toffee,Daily_Pass,2026-07-09,Success,15.0,85.0,5.0,0
016,Bioscope,WC_Premium,2026-07-01,Success,7.0,78.0,5.0,0
016,Toffee,WC_Premium,2026-06-27,Success,1.0,77.0,5.0,0
013,Toffee,WC_Premium,2026-06-17,OTP_Failed,1.0,10.0,1.0,1
017,Toffee,WC_Premium,2026-06-24,Success,0.0,78.0,5.0,0
015,Toffee,Weekly_Pass,2026-06-17,Success,2.0,69.0,,0
019,Bioscope,Weekly_Pass,2026-07-05,Stuck_at_Number_Screen,0.0,8.0,2.0,1
017,Bioscope,Daily_Pass,2026-07-05,Stuck_at_Number_Screen,0.0,13.0,,0
019,Bioscope,Daily_Pass,2026-06-27,Success,0.0,130.0,5.0,0
019,Bioscope,Weekly_Pass,2026-06-21,Buffer_Timeout,6.0,13.0,2.0,1
017,Bioscope,Weekly_Pass,2026-07-01,Success,1.0,89.0,4.0,0
013,Bioscope,Daily_Pass,2026-06-30,Success,0.0,72.0,,0
017,Bioscope,Daily_Pass,2026-06-14,OTP_Failed,1.0,8.0,,0
017,Other_Partner,Daily_Pass,2026-07-09,Success,0.0,128.0,,0
016,Other_Partner,WC_Premium,2026-06-16,Stuck_at_Number_Screen,5.0,12.0,1.0,1
017,Other_Partner,Weekly_Pass,2026-06-16,Success,38.0,103.0,,1
019,Bioscope,Daily_Pass,2026-06-19,OTP_Failed,0.0,5.0,1.0,1
015,Other_Partner,WC_Premium,2026-06-22,Success,9.0,90.0,,0
017,Toffee,Daily_Pass,2026-06-13,Success,9.0,59.0,3.0,0
018,Bioscope,Weekly_Pass,2026-06-19,Stuck_at_Number_Screen,0.0,1.0,,0
019,Other_Partner,Daily_Pass,2026-07-09,OTP_Failed,4.0,2.0,2.0,1
019,Other_Partner,WC_Premium,2026-06-23,Buffer_Timeout,1.0,10.0,1.0,0
019,Bioscope,Daily_Pass,2026-07-06,Success,11.0,84.0,3.0,0
017,Toffee,WC_Premium,2026-07-07,Success,1.0,84.0,4.0,0
018,Toffee,Weekly_Pass,2026-06-13,Stuck_at_Number_Screen,0.0,8.0,1.0,1
018,Toffee,Daily_Pass,2026-06-20,Success,2.0,82.0,4.0,0
015,Bioscope,Daily_Pass,2026-07-02,Success,31.0,104.0,1.0,1
017,Toffee,Daily_Pass,2026-07-06,Success,11.0,109.0,,0
014,Toffee,WC_Premium,2026-06-20,Buffer_Timeout,1.0,7.0,1.0,0
017,Bioscope,Daily_Pass,2026-07-10,Success,9.0,95.0,4.0,0
015,Bioscope,WC_Premium,2026-07-03,Stuck_at_Number_Screen,1.0,10.0,2.0,1
016,Other_Partner,Weekly_Pass,2026-06-16,Success,11.0,83.0,4.0,0
018,Bioscope,Daily_Pass,2026-07-04,Success,0.0,81.0,4.0,0
018,Bioscope,Daily_Pass,2026-06-16,Buffer_Timeout,0.0,7.0,,0
017,Bioscope,WC_Premium,2026-06-26,Success,17.0,49.0,4.0,0
017,Bioscope,Daily_Pass,2026-06-25,Success,3.0,118.0,4.0,0
017,Toffee,Daily_Pass,2026-06-25,Success,2.0,95.0,,1
017,Toffee,Weekly_Pass,2026-06-13,Success,5.0,41.0,5.0,0
017,Other_Partner,Daily_Pass,2026-06-12,OTP_Failed,1.0,15.0,,1
019,Bioscope,Weekly_Pass,2026-06-25,Success,5.0,105.0,4.0,0
018,Bioscope,Daily_Pass,2026-06-29,Success,10.0,119.0,4.0,0
017,Toffee,WC_Premium,2026-07-10,Success,4.0,100.0,5.0,0
019,Toffee,Weekly_Pass,2026-06-12,Stuck_at_Number_Screen,1.0,3.0,2.0,1
018,Bioscope,WC_Premium,2026-06-30,Stuck_at_Number_Screen,1.0,0.0,1.0,1
015,Toffee,Daily_Pass,2026-07-10,OTP_Failed,0.0,7.0,1.0,1
016,Toffee,Daily_Pass,2026-07-01,Success,9.0,103.0,,0
017,Toffee,WC_Premium,2026-06-13,Success,7.0,95.0,4.0,0
018,Bioscope,Daily_Pass,2026-06-11,Success,3.0,74.0,3.0,0
018,Bioscope,Weekly_Pass,2026-06-27,Success,0.0,53.0,5.0,0
017,Other_Partner,Daily_Pass,2026-06-12,Success,16.0,78.0,4.0,0
017,Bioscope,WC_Premium,2026-06-18,Buffer_Timeout,3.0,4.0,,0
017,Bioscope,Daily_Pass,2026-07-03,Buffer_Timeout,2.0,0.0,1.0,0
017,Bioscope,WC_Premium,2026-06-26,OTP_Failed,3.0,0.0,1.0,1
013,Bioscope,Weekly_Pass,2026-07-03,Success,1.0,97.0,3.0,0
018,Toffee,Daily_Pass,2026-06-12,Success,12.0,95.0,5.0,0
017,Toffee,Daily_Pass,2026-06-29,Success,6.0,76.0,3.0,0
016,Bioscope,WC_Premium,2026-07-08,Stuck_at_Number_Screen,2.0,2.0,,1
018,Toffee,WC_Premium,2026-06-11,OTP_Failed,1.0,10.0,1.0,1
017,Bioscope,Weekly_Pass,2026-06-17,OTP_Failed,2.0,5.0,1.0,1
017,Bioscope,Weekly_Pass,2026-07-07,Stuck_at_Number_Screen,0.0,10.0,1.0,1
017,Bioscope,Daily_Pass,2026-07-02,Buffer_Timeout,0.0,4.0,1.0,1
013,Other_Partner,Weekly_Pass,2026-06-11,Success,19.0,90.0,4.0,0
017,Toffee,Weekly_Pass,2026-06-15,Success,4.0,92.0,4.0,0
013,Toffee,WC_Premium,2026-06-28,Buffer_Timeout,9.0,13.0,2.0,0
018,Bioscope,Daily_Pass,2026-06-16,OTP_Failed,0.0,9.0,2.0,1
018,Toffee,WC_Premium,2026-06-13,Stuck_at_Number_Screen,0.0,5.0,1.0,1
017,Toffee,Daily_Pass,2026-06-28,Success,10.0,69.0,4.0,0
017,Bioscope,Daily_Pass,2026-06-13,Success,8.0,106.0,3.0,0
018,Other_Partner,WC_Premium,2026-06-26,Success,1.0,77.0,4.0,0
019,Bioscope,Weekly_Pass,2026-06-25,Success,3.0,108.0,4.0,0
019,Bioscope,Daily_Pass,2026-07-06,Buffer_Timeout,2.0,6.0,1.0,0
018,Toffee,WC_Premium,2026-06-12,Success,6.0,99.0,4.0,0
013,Bioscope,Weekly_Pass,2026-06-13,Buffer_Timeout,2.0,0.0,1.0,0
013,Toffee,Daily_Pass,2026-06-15,Success,7.0,98.0,4.0,0
019,Bioscope,Weekly_Pass,2026-06-18,Success,4.0,58.0,3.0,0
017,Toffee,Daily_Pass,2026-06-19,Success,6.0,67.0,4.0,0
015,Other_Partner,Daily_Pass,2026-06-21,Success,10.0,100.0,3.0,0
016,Bioscope,Daily_Pass,2026-06-24,OTP_Failed,0.0,0.0,1.0,1
016,Bioscope,Weekly_Pass,2026-06-15,Success,8.0,54.0,4.0,0
017,Other_Partner,Daily_Pass,2026-07-08,Success,2.0,90.0,4.0,0
018,Toffee,WC_Premium,2026-07-02,OTP_Failed,0.0,0.0,1.0,1
018,Toffee,Weekly_Pass,2026-06-28,Success,16.0,85.0,,0
017,Bioscope,Daily_Pass,2026-06-28,Success,7.0,75.0,,0
017,Other_Partner,Weekly_Pass,2026-06-27,Success,3.0,83.0,4.0,0
019,Bioscope,WC_Premium,2026-06-19,OTP_Failed,1.0,6.0,1.0,1
018,Toffee,Weekly_Pass,2026-07-04,Buffer_Timeout,1.0,7.0,2.0,0
013,Bioscope,Daily_Pass,2026-07-10,OTP_Failed,1.0,9.0,1.0,1
017,Toffee,Daily_Pass,2026-06-25,Buffer_Timeout,2.0,7.0,2.0,0
016,Bioscope,WC_Premium,2026-06-28,Success,0.0,96.0,4.0,0
016,Toffee,Daily_Pass,2026-06-26,Success,4.0,109.0,,0
018,Other_Partner,Daily_Pass,2026-06-28,Stuck_at_Number_Screen,2.0,1.0,1.0,1
018,Toffee,Weekly_Pass,2026-07-07,Stuck_at_Number_Screen,1.0,9.0,2.0,1
013,Bioscope,Daily_Pass,2026-06-11,OTP_Failed,1.0,5.0,,1
018,Toffee,WC_Premium,2026-07-07,Success,0.0,114.0,5.0,0
017,Toffee,WC_Premium,2026-06-21,Success,16.0,71.0,3.0,0
014,Other_Partner,Weekly_Pass,2026-06-17,Success,5.0,89.0,,0
018,Toffee,WC_Premium,2026-06-20,Success,8.0,99.0,5.0,0
017,Bioscope,Weekly_Pass,2026-06-19,Success,1.0,91.0,5.0,0
013,Toffee,WC_Premium,2026-07-01,OTP_Failed,2.0,7.0,1.0,1
019,Bioscope,Weekly_Pass,2026-06-17,Success,3.0,120.0,4.0,0
017,Toffee,Daily_Pass,2026-06-27,Success,21.0,81.0,1.0,1
017,Toffee,WC_Premium,2026-06-13,Buffer_Timeout,1.0,2.0,1.0,0
016,Bioscope,WC_Premium,2026-06-13,Success,6.0,111.0,5.0,0
017,Toffee,WC_Premium,2026-06-20,Success,8.0,96.0,5.0,0
019,Toffee,WC_Premium,2026-06-30,OTP_Failed,1.0,2.0,1.0,0
017,Bioscope,Weekly_Pass,2026-06-11,Stuck_at_Number_Screen,6.0,1.0,,0
019,Bioscope,Daily_Pass,2026-06-25,Success,1.0,95.0,,0
017,Toffee,Daily_Pass,2026-07-01,Stuck_at_Number_Screen,0.0,10.0,1.0,1
017,Bioscope,Daily_Pass,2026-06-19,Success,1.0,85.0,5.0,0
019,Other_Partner,Daily_Pass,2026-06-19,Success,5.0,95.0,4.0,1
018,Toffee,Weekly_Pass,2026-07-07,Success,16.0,76.0,4.0,0
013,Bioscope,Weekly_Pass,2026-07-02,Success,5.0,101.0,4.0,0
017,Bioscope,Daily_Pass,2026-06-17,Success,3.0,120.0,,0
018,Toffee,Weekly_Pass,2026-06-20,OTP_Failed,3.0,4.0,1.0,1
018,Toffee,Daily_Pass,2026-06-23,OTP_Failed,2.0,6.0,,0
015,Toffee,Weekly_Pass,2026-07-01,Stuck_at_Number_Screen,2.0,1.0,2.0,1
015,Bioscope,WC_Premium,2026-06-18,Success,15.0,86.0,,0
018,Toffee,Weekly_Pass,2026-06-27,OTP_Failed,4.0,0.0,1.0,1
013,Bioscope,Daily_Pass,2026-06-11,Success,2.0,54.0,5.0,0
018,Bioscope,Weekly_Pass,2026-06-24,Success,9.0,101.0,4.0,0
016,Toffee,WC_Premium,2026-06-25,Success,19.0,72.0,,0
017,Bioscope,Weekly_Pass,2026-06-24,Success,4.0,68.0,3.0,0
017,Other_Partner,WC_Premium,2026-06-18,Success,4.0,78.0,3.0,0
017,Toffee,Daily_Pass,2026-06-23,Stuck_at_Number_Screen,1.0,0.0,1.0,1
017,Toffee,Daily_Pass,2026-06-15,Success,11.0,59.0,,1
017,Bioscope,Daily_Pass,2026-07-08,Success,12.0,55.0,,0
018,Toffee,WC_Premium,2026-06-14,OTP_Failed,5.0,7.0,,1
019,Toffee,Weekly_Pass,2026-06-26,Success,13.0,73.0,5.0,0
018,Toffee,Daily_Pass,2026-07-09,Success,36.0,102.0,1.0,0
017,Toffee,Daily_Pass,2026-06-20,Success,0.0,68.0,4.0,0
017,Toffee,Weekly_Pass,2026-06-22,Success,4.0,106.0,5.0,0
018,Bioscope,WC_Premium,2026-06-21,Buffer_Timeout,2.0,9.0,1.0,1
017,Other_Partner,Daily_Pass,2026-07-03,Buffer_Timeout,1.0,5.0,1.0,1
018,Toffee,Daily_Pass,2026-06-21,Success,2.0,78.0,4.0,0
015,Toffee,Weekly_Pass,2026-06-24,Success,11.0,95.0,4.0,0
017,Toffee,Daily_Pass,2026-06-13,Success,12.0,133.0,,1
017,Toffee,Weekly_Pass,2026-07-05,Success,3.0,89.0,4.0,0
018,Toffee,Weekly_Pass,2026-06-17,Success,1.0,121.0,4.0,0
015,Toffee,Weekly_Pass,2026-07-08,Success,2.0,49.0,5.0,0
019,Other_Partner,WC_Premium,2026-06-24,OTP_Failed,1.0,0.0,,1
019,Toffee,Daily_Pass,2026-06-24,Success,8.0,74.0,4.0,0
017,Toffee,WC_Premium,2026-06-11,Success,8.0,120.0,,0
015,Toffee,WC_Premium,2026-06-28,Success,3.0,94.0,4.0,0
017,Toffee,Daily_Pass,2026-07-09,Success,2.0,96.0,,0
017,Bioscope,Daily_Pass,2026-07-01,Success,3.0,73.0,,0
019,Toffee,WC_Premium,2026-06-12,Buffer_Timeout,2.0,2.0,2.0,0
014,Other_Partner,WC_Premium,2026-06-22,Success,1.0,103.0,5.0,0
017,Toffee,Daily_Pass,2026-06-24,Success,25.0,96.0,2.0,1
017,Bioscope,Weekly_Pass,2026-06-28,Success,23.0,89.0,1.0,0
017,Other_Partner,Weekly_Pass,2026-07-02,Success,4.0,58.0,4.0,0
017,Toffee,Daily_Pass,2026-06-23,Success,2.0,105.0,4.0,0
017,Toffee,WC_Premium,2026-06-23,Success,22.0,81.0,1.0,0
015,Bioscope,Weekly_Pass,2026-06-16,Success,7.0,89.0,,0
016,Toffee,WC_Premium,2026-07-06,Success,4.0,84.0,3.0,0
019,Bioscope,Weekly_Pass,2026-07-05,Stuck_at_Number_Screen,4.0,0.0,1.0,1
019,Toffee,Weekly_Pass,2026-07-02,Success,10.0,86.0,5.0,0
018,Toffee,Weekly_Pass,2026-06-12,Stuck_at_Number_Screen,1.0,0.0,2.0,1
019,Toffee,Daily_Pass,2026-06-11,Buffer_Timeout,3.0,0.0,2.0,1
018,Other_Partner,WC_Premium,2026-06-22,Buffer_Timeout,0.0,0.0,1.0,0
017,Toffee,Weekly_Pass,2026-07-02,Success,4.0,71.0,3.0,0
018,Toffee,WC_Premium,2026-06-15,OTP_Failed,0.0,0.0,1.0,0
018,Bioscope,WC_Premium,2026-06-21,Success,7.0,70.0,4.0,0
019,Toffee,Weekly_Pass,2026-07-07,Success,8.0,134.0,4.0,0
015,Toffee,Daily_Pass,2026-06-18,Stuck_at_Number_Screen,2.0,7.0,1.0,0
013,Toffee,WC_Premium,2026-07-01,Success,14.0,98.0,3.0,0
019,Bioscope,Daily_Pass,2026-07-04,Success,11.0,74.0,5.0,0
017,Bioscope,WC_Premium,2026-06-12,Success,7.0,132.0,4.0,0
019,Toffee,Weekly_Pass,2026-06-16,Success,4.0,126.0,4.0,0
013,Toffee,Daily_Pass,2026-07-02,Stuck_at_Number_Screen,0.0,0.0,1.0,0
017,Bioscope,WC_Premium,2026-06-16,Success,14.0,100.0,4.0,0
013,Bioscope,WC_Premium,2026-07-09,OTP_Failed,1.0,10.0,1.0,1
018,Toffee,WC_Premium,2026-07-03,Buffer_Timeout,1.0,8.0,1.0,0
017,Toffee,Daily_Pass,2026-06-25,OTP_Failed,0.0,8.0,1.0,0
014,Toffee,WC_Premium,2026-07-06,Stuck_at_Number_Screen,4.0,4.0,,1
017,Bioscope,Weekly_Pass,2026-06-12,Success,8.0,96.0,4.0,0
014,Other_Partner,Weekly_Pass,2026-06-15,Success,4.0,64.0,,0
016,Toffee,WC_Premium,2026-06-17,OTP_Failed,1.0,9.0,,1
017,Toffee,Weekly_Pass,2026-06-29,OTP_Failed,0.0,8.0,2.0,1
013,Toffee,Daily_Pass,2026-06-15,Success,6.0,73.0,,0
016,Toffee,Weekly_Pass,2026-07-02,OTP_Failed,4.0,8.0,2.0,0
018,Toffee,Weekly_Pass,2026-06-25,Success,5.0,91.0,4.0,0
016,Other_Partner,WC_Premium,2026-07-06,Success,0.0,98.0,5.0,0
013,Toffee,Daily_Pass,2026-07-08,Success,20.0,100.0,3.0,0
018,Bioscope,WC_Premium,2026-06-26,OTP_Failed,2.0,11.0,1.0,1
015,Toffee,WC_Premium,2026-07-10,Buffer_Timeout,1.0,11.0,1.0,0
017,Bioscope,Daily_Pass,2026-06-13,OTP_Failed,1.0,7.0,1.0,1
013,Bioscope,Daily_Pass,2026-06-25,Success,2.0,116.0,,0
017,Toffee,Weekly_Pass,2026-06-18,Success,8.0,86.0,,0
019,Other_Partner,WC_Premium,2026-07-03,Success,0.0,118.0,,0
019,Toffee,Weekly_Pass,2026-06-26,OTP_Failed,3.0,4.0,1.0,1
017,Bioscope,WC_Premium,2026-06-25,Success,2.0,89.0,5.0,0
017,Bioscope,Weekly_Pass,2026-07-06,Stuck_at_Number_Screen,2.0,8.0,,0
017,Toffee,Weekly_Pass,2026-06-21,Success,27.0,79.0,,0
013,Bioscope,Daily_Pass,2026-06-27,Success,1.0,69.0,5.0,0
013,Bioscope,Daily_Pass,2026-06-15,Stuck_at_Number_Screen,3.0,9.0,1.0,1
015,Other_Partner,WC_Premium,2026-07-09,Stuck_at_Number_Screen,2.0,8.0,1.0,1
018,Bioscope,WC_Premium,2026-06-26,Success,11.0,103.0,3.0,0
017,Toffee,Weekly_Pass,2026-06-29,Success,5.0,83.0,4.0,0
019,Bioscope,Weekly_Pass,2026-06-19,Buffer_Timeout,2.0,1.0,,0
018,Bioscope,Weekly_Pass,2026-07-10,Stuck_at_Number_Screen,2.0,0.0,1.0,1
018,Bioscope,Daily_Pass,2026-06-30,Stuck_at_Number_Screen,1.0,0.0,1.0,1
017,Bioscope,Weekly_Pass,2026-06-22,Success,8.0,126.0,4.0,0
013,Toffee,Weekly_Pass,2026-07-08,Success,3.0,95.0,5.0,0
014,Toffee,Weekly_Pass,2026-06-21,Success,2.0,99.0,5.0,0
018,Bioscope,Weekly_Pass,2026-06-12,Success,8.0,115.0,5.0,0
017,Other_Partner,WC_Premium,2026-07-01,Success,12.0,103.0,5.0,0
018,Toffee,Daily_Pass,2026-06-27,Success,3.0,59.0,4.0,0
014,Other_Partner,Daily_Pass,2026-06-11,Buffer_Timeout,1.0,10.0,1.0,0
017,Other_Partner,Daily_Pass,2026-06-17,Success,1.0,71.0,4.0,0
018,Other_Partner,WC_Premium,2026-06-14,Success,5.0,130.0,4.0,0
015,Other_Partner,Weekly_Pass,2026-07-02,Buffer_Timeout,2.0,8.0,,0
017,Bioscope,Daily_Pass,2026-06-14,Success,2.0,108.0,,0
016,Bioscope,WC_Premium,2026-06-25,Success,3.0,84.0,5.0,0
018,Bioscope,Weekly_Pass,2026-07-03,Success,12.0,97.0,,1
016,Toffee,Daily_Pass,2026-07-10,Stuck_at_Number_Screen,1.0,11.0,1.0,1
013,Toffee,Weekly_Pass,2026-07-05,OTP_Failed,5.0,14.0,1.0,1
017,Toffee,WC_Premium,2026-07-09,Success,0.0,107.0,5.0,1
016,Toffee,Weekly_Pass,2026-07-05,Stuck_at_Number_Screen,1.0,7.0,,1
017,Toffee,Weekly_Pass,2026-06-14,Success,9.0,77.0,4.0,0
013,Other_Partner,Daily_Pass,2026-06-30,Success,5.0,102.0,3.0,0
017,Bioscope,Daily_Pass,2026-06-13,Success,1.0,64.0,5.0,0
017,Toffee,Daily_Pass,2026-07-08,OTP_Failed,0.0,9.0,1.0,0
015,Bioscope,Daily_Pass,2026-06-29,Success,6.0,110.0,,0
013,Toffee,Weekly_Pass,2026-07-01,Success,8.0,74.0,5.0,1
015,Toffee,Weekly_Pass,2026-06-30,Success,21.0,104.0,1.0,1
017,Bioscope,Weekly_Pass,2026-06-25,Success,3.0,96.0,5.0,0
018,Toffee,Weekly_Pass,2026-06-22,OTP_Failed,2.0,13.0,,0
017,Bioscope,Daily_Pass,2026-06-11,Success,11.0,108.0,,0
019,Toffee,Daily_Pass,2026-07-08,Success,3.0,118.0,,0
019,Bioscope,Daily_Pass,2026-06-15,Buffer_Timeout,0.0,15.0,1.0,1
017,Bioscope,Daily_Pass,2026-06-25,Stuck_at_Number_Screen,0.0,7.0,1.0,1
014,Toffee,WC_Premium,2026-06-16,Success,2.0,85.0,4.0,0
017,Other_Partner,WC_Premium,2026-06-12,Success,6.0,88.0,4.0,0
018,Toffee,WC_Premium,2026-06-11,Success,23.0,58.0,2.0,0
015,Bioscope,Weekly_Pass,2026-07-01,Stuck_at_Number_Screen,1.0,6.0,1.0,1
019,Other_Partner,Daily_Pass,2026-06-21,OTP_Failed,1.0,4.0,1.0,1
015,Other_Partner,WC_Premium,2026-06-25,Success,6.0,92.0,,0
017,Toffee,Weekly_Pass,2026-06-17,Stuck_at_Number_Screen,0.0,0.0,1.0,0
017,Toffee,Daily_Pass,2026-07-05,Success,5.0,80.0,,1
017,Bioscope,WC_Premium,2026-06-22,Stuck_at_Number_Screen,0.0,0.0,1.0,1
018,Toffee,Daily_Pass,2026-06-11,Success,1.0,104.0,4.0,0
019,Toffee,Weekly_Pass,2026-06-29,Success,27.0,99.0,1.0,0
017,Bioscope,Weekly_Pass,2026-07-02,Stuck_at_Number_Screen,4.0,0.0,1.0,1
016,Bioscope,WC_Premium,2026-07-06,Success,5.0,85.0,5.0,0
017,Toffee,WC_Premium,2026-06-16,OTP_Failed,0.0,4.0,1.0,1
017,Toffee,WC_Premium,2026-07-08,OTP_Failed,6.0,7.0,2.0,1
016,Other_Partner,Weekly_Pass,2026-07-09,Success,7.0,104.0,4.0,0
018,Bioscope,Weekly_Pass,2026-07-03,Stuck_at_Number_Screen,0.0,5.0,1.0,1
019,Bioscope,Daily_Pass,2026-06-12,Success,5.0,44.0,5.0,0
017,Toffee,Weekly_Pass,2026-06-25,Stuck_at_Number_Screen,0.0,6.0,1.0,1
019,Toffee,WC_Premium,2026-06-24,OTP_Failed,1.0,4.0,,1
017,Toffee,Weekly_Pass,2026-06-18,Success,3.0,82.0,,0
017,Bioscope,Daily_Pass,2026-06-13,Success,2.0,96.0,4.0,0
016,Toffee,Daily_Pass,2026-06-28,Buffer_Timeout,1.0,0.0,,0
019,Bioscope,Weekly_Pass,2026-06-23,Success,1.0,96.0,5.0,0
017,Bioscope,Daily_Pass,2026-07-01,OTP_Failed,0.0,9.0,1.0,1
017,Bioscope,Daily_Pass,2026-06-19,Success,24.0,115.0,2.0,0
018,Toffee,Daily_Pass,2026-07-06,Success,3.0,84.0,4.0,0
017,Bioscope,Daily_Pass,2026-07-05,Buffer_Timeout,1.0,8.0,1.0,0
019,Bioscope,Daily_Pass,2026-06-14,Success,13.0,60.0,3.0,0
019,Toffee,WC_Premium,2026-06-13,OTP_Failed,0.0,9.0,2.0,0
017,Toffee,Weekly_Pass,2026-06-14,Success,13.0,113.0,5.0,0
018,Bioscope,Weekly_Pass,2026-06-23,Stuck_at_Number_Screen,4.0,0.0,2.0,0
019,Toffee,Weekly_Pass,2026-07-01,OTP_Failed,1.0,1.0,,0
017,Toffee,Daily_Pass,2026-07-09,Success,4.0,74.0,,0
018,Toffee,WC_Premium,2026-07-03,Success,17.0,69.0,4.0,0
017,Toffee,WC_Premium,2026-07-04,Success,3.0,104.0,4.0,0
018,Other_Partner,Daily_Pass,2026-07-09,Success,4.0,50.0,5.0,0
017,Bioscope,Daily_Pass,2026-07-03,Stuck_at_Number_Screen,1.0,7.0,1.0,1
019,Bioscope,Weekly_Pass,2026-06-12,Success,3.0,79.0,5.0,0
013,Other_Partner,Daily_Pass,2026-07-04,Stuck_at_Number_Screen,2.0,7.0,1.0,1
017,Bioscope,WC_Premium,2026-06-20,Success,18.0,118.0,,0
019,Bioscope,Weekly_Pass,2026-06-17,Success,1.0,99.0,4.0,0
017,Toffee,Daily_Pass,2026-06-15,Success,5.0,70.0,4.0,0
013,Bioscope,Weekly_Pass,2026-07-02,Success,8.0,110.0,3.0,0
013,Toffee,Weekly_Pass,2026-06-30,Success,30.0,82.0,1.0,1
017,Toffee,Daily_Pass,2026-06-13,Success,1.0,71.0,,0
014,Toffee,WC_Premium,2026-07-07,Buffer_Timeout,1.0,14.0,,0
019,Toffee,Daily_Pass,2026-06-16,Buffer_Timeout,0.0,1.0,1.0,0
017,Toffee,WC_Premium,2026-06-14,Success,2.0,78.0,4.0,0
016,Toffee,Daily_Pass,2026-06-14,OTP_Failed,1.0,2.0,1.0,1
018,Bioscope,WC_Premium,2026-06-22,Buffer_Timeout,1.0,6.0,1.0,0
014,Toffee,Daily_Pass,2026-06-26,OTP_Failed,1.0,12.0,1.0,1
017,Bioscope,Weekly_Pass,2026-07-02,Success,8.0,97.0,4.0,0
018,Bioscope,Weekly_Pass,2026-07-07,Stuck_at_Number_Screen,2.0,8.0,,1
018,Bioscope,Daily_Pass,2026-06-13,Success,13.0,58.0,,0
018,Toffee,Weekly_Pass,2026-07-09,Success,13.0,50.0,5.0,0
018,Other_Partner,Daily_Pass,2026-07-09,Success,13.0,120.0,5.0,0
017,Toffee,Weekly_Pass,2026-07-08,OTP_Failed,1.0,7.0,1.0,1
019,Bioscope,Weekly_Pass,2026-07-06,Success,1.0,69.0,5.0,0
018,Bioscope,WC_Premium,2026-07-10,Success,8.0,130.0,4.0,1
015,Toffee,Daily_Pass,2026-06-20,Stuck_at_Number_Screen,0.0,1.0,2.0,0
017,Toffee,Daily_Pass,2026-06-11,Stuck_at_Number_Screen,1.0,6.0,1.0,1
016,Toffee,Weekly_Pass,2026-06-21,Success,2.0,64.0,5.0,0
014,Bioscope,WC_Premium,2026-06-18,OTP_Failed,3.0,4.0,1.0,1
016,Bioscope,WC_Premium,2026-07-06,Stuck_at_Number_Screen,4.0,6.0,2.0,1
019,Other_Partner,Weekly_Pass,2026-07-03,Success,16.0,112.0,5.0,0
019,Toffee,WC_Premium,2026-07-05,Success,12.0,103.0,4.0,0
013,Toffee,WC_Premium,2026-06-26,Success,7.0,66.0,5.0,0
018,Toffee,Daily_Pass,2026-07-07,Buffer_Timeout,1.0,7.0,2.0,0
017,Other_Partner,Daily_Pass,2026-07-08,Stuck_at_Number_Screen,2.0,11.0,1.0,1
018,Toffee,Daily_Pass,2026-07-08,Success,1.0,126.0,,1
017,Toffee,Daily_Pass,2026-06-23,Success,1.0,115.0,4.0,0
016,Other_Partner,Weekly_Pass,2026-06-19,Stuck_at_Number_Screen,0.0,4.0,1.0,1
018,Bioscope,Weekly_Pass,2026-06-11,OTP_Failed,0.0,11.0,2.0,1
013,Bioscope,Weekly_Pass,2026-06-27,Success,33.0,72.0,2.0,1
017,Toffee,Daily_Pass,2026-06-11,Success,14.0,69.0,5.0,0
015,Toffee,WC_Premium,2026-06-26,OTP_Failed,2.0,6.0,2.0,1
017,Other_Partner,Weekly_Pass,2026-06-26,Success,2.0,85.0,4.0,0
017,Bioscope,Weekly_Pass,2026-07-01,OTP_Failed,4.0,8.0,2.0,0
017,Toffee,WC_Premium,2026-07-02,OTP_Failed,3.0,6.0,1.0,1
015,Toffee,Daily_Pass,2026-06-23,OTP_Failed,2.0,6.0,1.0,1
015,Toffee,Daily_Pass,2026-06-26,Success,0.0,97.0,,0
016,Bioscope,Weekly_Pass,2026-06-30,OTP_Failed,12.0,8.0,,1
019,Toffee,WC_Premium,2026-06-17,Success,10.0,78.0,4.0,0
017,Bioscope,Daily_Pass,2026-06-22,OTP_Failed,6.0,0.0,1.0,1
015,Bioscope,WC_Premium,2026-07-06,Success,8.0,96.0,3.0,0
017,Bioscope,WC_Premium,2026-06-26,Success,25.0,113.0,,0
017,Toffee,Weekly_Pass,2026-06-26,Success,4.0,89.0,5.0,0
017,Bioscope,Daily_Pass,2026-07-02,OTP_Failed,6.0,0.0,,0
018,Bioscope,Weekly_Pass,2026-06-19,Stuck_at_Number_Screen,0.0,5.0,1.0,1
019,Toffee,Daily_Pass,2026-06-25,OTP_Failed,2.0,4.0,1.0,1
013,Other_Partner,Daily_Pass,2026-06-27,Success,0.0,108.0,,0
015,Toffee,WC_Premium,2026-07-05,Success,0.0,87.0,5.0,0
013,Bioscope,Weekly_Pass,2026-07-04,Success,9.0,40.0,5.0,0
017,Toffee,Daily_Pass,2026-06-15,Success,17.0,79.0,5.0,0
018,Bioscope,Daily_Pass,2026-06-16,OTP_Failed,0.0,5.0,1.0,1
016,Bioscope,Weekly_Pass,2026-07-05,Success,8.0,72.0,,0
019,Toffee,Weekly_Pass,2026-06-19,Success,10.0,88.0,4.0,0
018,Bioscope,Weekly_Pass,2026-06-14,Buffer_Timeout,1.0,0.0,1.0,0
018,Bioscope,WC_Premium,2026-07-06,Stuck_at_Number_Screen,6.0,9.0,2.0,0
017,Bioscope,Weekly_Pass,2026-06-25,Stuck_at_Number_Screen,2.0,0.0,1.0,1
018,Toffee,WC_Premium,2026-06-16,Stuck_at_Number_Screen,0.0,9.0,,1
015,Toffee,WC_Premium,2026-07-09,Success,9.0,71.0,3.0,0
017,Bioscope,Daily_Pass,2026-06-23,Stuck_at_Number_Screen,2.0,1.0,2.0,1
019,Toffee,Daily_Pass,2026-06-21,Success,2.0,81.0,5.0,0
018,Bioscope,Daily_Pass,2026-06-11,Success,2.0,120.0,5.0,0
017,Toffee,Daily_Pass,2026-06-19,Success,2.0,62.0,5.0,0
015,Toffee,Daily_Pass,2026-06-11,Success,1.0,100.0,3.0,1
018,Bioscope,Weekly_Pass,2026-06-12,Success,5.0,82.0,4.0,0
017,Bioscope,Daily_Pass,2026-06-27,Success,24.0,70.0,1.0,1
017,Bioscope,Daily_Pass,2026-06-15,Buffer_Timeout,2.0,9.0,2.0,0
017,Bioscope,Daily_Pass,2026-07-10,Buffer_Timeout,1.0,0.0,1.0,0
019,Bioscope,Daily_Pass,2026-06-14,Buffer_Timeout,0.0,1.0,1.0,1
018,Bioscope,Weekly_Pass,2026-06-26,Stuck_at_Number_Screen,1.0,3.0,1.0,1
014,Other_Partner,Daily_Pass,2026-06-30,Buffer_Timeout,2.0,13.0,1.0,0
017,Bioscope,WC_Premium,2026-06-21,Success,2.0,44.0,4.0,0
017,Bioscope,Daily_Pass,2026-06-28,Success,28.0,75.0,1.0,0
017,Toffee,WC_Premium,2026-06-12,Success,5.0,89.0,5.0,0
018,Other_Partner,Daily_Pass,2026-06-26,Success,1.0,92.0,,0
015,Toffee,Weekly_Pass,2026-06-16,OTP_Failed,3.0,3.0,1.0,1
016,Toffee,Daily_Pass,2026-07-05,Success,1.0,124.0,4.0,0
017,Toffee,WC_Premium,2026-07-07,Success,1.0,78.0,4.0,0
019,Toffee,Daily_Pass,2026-07-08,Success,19.0,101.0,4.0,0
019,Toffee,WC_Premium,2026-07-05,Success,20.0,108.0,,0
017,Bioscope,Daily_Pass,2026-06-18,Stuck_at_Number_Screen,1.0,0.0,2.0,0
019,Bioscope,Daily_Pass,2026-07-06,Success,9.0,68.0,4.0,1
017,Toffee,Weekly_Pass,2026-07-05,Stuck_at_Number_Screen,0.0,5.0,1.0,1
017,Bioscope,WC_Premium,2026-06-30,Buffer_Timeout,1.0,4.0,1.0,0
017,Bioscope,WC_Premium,2026-06-29,Success,3.0,92.0,4.0,0
018,Bioscope,Weekly_Pass,2026-06-25,Buffer_Timeout,1.0,1.0,1.0,0
013,Toffee,WC_Premium,2026-07-10,Buffer_Timeout,3.0,4.0,1.0,1
017,Bioscope,WC_Premium,2026-06-24,OTP_Failed,2.0,7.0,1.0,1
017,Toffee,Weekly_Pass,2026-07-09,Stuck_at_Number_Screen,0.0,3.0,1.0,1
019,Toffee,Weekly_Pass,2026-06-11,Success,28.0,107.0,1.0,0
015,Toffee,Daily_Pass,2026-06-16,Buffer_Timeout,5.0,0.0,2.0,1
019,Bioscope,Weekly_Pass,2026-07-02,Success,2.0,80.0,5.0,0
017,Bioscope,WC_Premium,2026-06-28,Buffer_Timeout,3.0,13.0,,0
017,Toffee,Weekly_Pass,2026-07-07,Success,0.0,94.0,5.0,0
017,Toffee,WC_Premium,2026-07-10,OTP_Failed,2.0,6.0,1.0,0
017,Bioscope,WC_Premium,2026-06-11,Success,9.0,86.0,5.0,0
018,Bioscope,WC_Premium,2026-07-06,Success,3.0,120.0,3.0,0
018,Toffee,Daily_Pass,2026-06-28,Buffer_Timeout,1.0,2.0,1.0,0
016,Bioscope,Daily_Pass,2026-06-26,OTP_Failed,0.0,8.0,,1
016,Other_Partner,Daily_Pass,2026-06-29,Stuck_at_Number_Screen,2.0,13.0,1.0,1
017,Toffee,WC_Premium,2026-07-06,Success,2.0,105.0,4.0,0
017,Bioscope,Daily_Pass,2026-06-28,Buffer_Timeout,2.0,9.0,2.0,0
016,Toffee,Daily_Pass,2026-06-22,OTP_Failed,4.0,15.0,1.0,1
017,Bioscope,Daily_Pass,2026-07-09,Success,10.0,103.0,5.0,0
017,Toffee,Daily_Pass,2026-06-13,OTP_Failed,0.0,0.0,1.0,1
013,Toffee,Daily_Pass,2026-06-14,Success,1.0,80.0,5.0,0
017,Bioscope,Daily_Pass,2026-06-15,Stuck_at_Number_Screen,11.0,8.0,1.0,1
017,Bioscope,Daily_Pass,2026-06-18,Success,0.0,87.0,4.0,0
019,Toffee,WC_Premium,2026-06-16,OTP_Failed,2.0,5.0,1.0,1
019,Toffee,Weekly_Pass,2026-06-26,OTP_Failed,1.0,11.0,1.0,1
017,Toffee,WC_Premium,2026-06-26,OTP_Failed,0.0,5.0,1.0,1
017,Bioscope,Weekly_Pass,2026-06-27,OTP_Failed,3.0,9.0,1.0,1
016,Bioscope,WC_Premium,2026-06-22,Buffer_Timeout,1.0,0.0,1.0,0
017,Bioscope,WC_Premium,2026-06-24,Success,9.0,91.0,4.0,0
013,Bioscope,WC_Premium,2026-06-24,Success,15.0,100.0,5.0,0
017,Bioscope,Daily_Pass,2026-06-16,Success,7.0,85.0,,0
017,Bioscope,WC_Premium,2026-07-09,Success,4.0,92.0,5.0,0
019,Bioscope,Daily_Pass,2026-06-28,Success,10.0,78.0,4.0,0
019,Bioscope,Daily_Pass,2026-07-02,OTP_Failed,2.0,8.0,1.0,1
017,Bioscope,Daily_Pass,2026-07-02,Success,6.0,60.0,,0
017,Toffee,Weekly_Pass,2026-06-21,Stuck_at_Number_Screen,2.0,5.0,,1
017,Toffee,Weekly_Pass,2026-06-22,Success,21.0,69.0,,0
017,Toffee,Daily_Pass,2026-06-11,Success,7.0,133.0,5.0,0
015,Bioscope,WC_Premium,2026-06-25,Success,2.0,78.0,4.0,0
016,Toffee,Weekly_Pass,2026-06-14,Success,6.0,102.0,4.0,0
018,Toffee,Daily_Pass,2026-07-06,Success,18.0,75.0,4.0,0
019,Other_Partner,Weekly_Pass,2026-06-13,OTP_Failed,0.0,4.0,,1
019,Other_Partner,Weekly_Pass,2026-06-18,Success,3.0,101.0,5.0,0
019,Other_Partner,Daily_Pass,2026-06-14,Success,6.0,58.0,,0
017,Toffee,Daily_Pass,2026-07-08,Success,7.0,78.0,4.0,0
017,Bioscope,WC_Premium,2026-07-06,Success,33.0,70.0,1.0,1
016,Toffee,WC_Premium,2026-07-10,OTP_Failed,1.0,11.0,1.0,1
013,Toffee,Daily_Pass,2026-06-17,Success,8.0,95.0,5.0,0
015,Toffee,Weekly_Pass,2026-06-13,Success,4.0,120.0,5.0,0
016,Bioscope,Daily_Pass,2026-07-06,Success,4.0,105.0,,0
015,Toffee,Weekly_Pass,2026-06-17,Buffer_Timeout,0.0,5.0,1.0,0
017,Bioscope,Weekly_Pass,2026-06-12,Success,4.0,91.0,5.0,0
019,Bioscope,Daily_Pass,2026-07-09,Success,12.0,126.0,3.0,0
017,Toffee,Daily_Pass,2026-06-23,OTP_Failed,5.0,15.0,2.0,0
015,Toffee,Daily_Pass,2026-06-25,Stuck_at_Number_Screen,0.0,10.0,,1
017,Toffee,Weekly_Pass,2026-07-01,Success,13.0,99.0,,0
018,Other_Partner,WC_Premium,2026-07-01,Success,2.0,84.0,4.0,0
019,Toffee,WC_Premium,2026-06-14,Stuck_at_Number_Screen,2.0,7.0,1.0,1
013,Toffee,WC_Premium,2026-06-14,Success,16.0,82.0,3.0,0
018,Toffee,WC_Premium,2026-06-24,Buffer_Timeout,1.0,7.0,1.0,0
015,Bioscope,Daily_Pass,2026-06-16,Success,7.0,111.0,5.0,0
013,Toffee,WC_Premium,2026-06-28,Success,6.0,105.0,4.0,0
018,Toffee,Daily_Pass,2026-06-29,Buffer_Timeout,0.0,5.0,1.0,0
017,Toffee,WC_Premium,2026-07-09,Success,23.0,84.0,2.0,1
019,Bioscope,WC_Premium,2026-06-20,Stuck_at_Number_Screen,1.0,6.0,,0
018,Toffee,Weekly_Pass,2026-06-17,Stuck_at_Number_Screen,2.0,0.0,,0
013,Bioscope,Weekly_Pass,2026-07-10,Success,6.0,94.0,,0
017,Toffee,Daily_Pass,2026-07-07,Success,0.0,51.0,,0
018,Other_Partner,Daily_Pass,2026-07-06,Success,1.0,108.0,4.0,0
017,Bioscope,WC_Premium,2026-06-23,Success,12.0,99.0,5.0,0
017,Bioscope,WC_Premium,2026-07-01,Success,1.0,105.0,4.0,0
018,Toffee,Daily_Pass,2026-06-30,OTP_Failed,0.0,6.0,1.0,1
017,Toffee,Daily_Pass,2026-06-26,Success,3.0,150.0,4.0,1
017,Toffee,Daily_Pass,2026-07-05,OTP_Failed,3.0,15.0,2.0,1
016,Bioscope,WC_Premium,2026-07-04,Success,8.0,97.0,5.0,0
017,Other_Partner,WC_Premium,2026-06-19,Success,1.0,92.0,,0
017,Toffee,Weekly_Pass,2026-07-04,Stuck_at_Number_Screen,2.0,3.0,1.0,1
017,Bioscope,Weekly_Pass,2026-06-23,Success,5.0,61.0,4.0,0
018,Toffee,WC_Premium,2026-06-12,Success,4.0,73.0,4.0,0
016,Other_Partner,Daily_Pass,2026-06-14,Buffer_Timeout,0.0,3.0,1.0,1
016,Toffee,WC_Premium,2026-06-29,Success,15.0,102.0,4.0,0
017,Toffee,Weekly_Pass,2026-07-06,OTP_Failed,1.0,11.0,,0
017,Toffee,Daily_Pass,2026-06-20,Success,5.0,82.0,,0
017,Bioscope,Daily_Pass,2026-06-11,Success,3.0,90.0,5.0,0
013,Bioscope,Weekly_Pass,2026-06-14,Success,10.0,89.0,5.0,0
014,Toffee,Daily_Pass,2026-06-26,OTP_Failed,2.0,9.0,1.0,1
017,Bioscope,Weekly_Pass,2026-06-17,Buffer_Timeout,0.0,0.0,1.0,0
017,Toffee,WC_Premium,2026-07-01,OTP_Failed,3.0,8.0,1.0,1
017,Toffee,WC_Premium,2026-06-15,Success,26.0,57.0,1.0,0
018,Toffee,Weekly_Pass,2026-06-23,Success,25.0,74.0,,0
016,Bioscope,Weekly_Pass,2026-06-26,Success,4.0,91.0,5.0,0
018,Bioscope,Daily_Pass,2026-06-16,Success,1.0,108.0,3.0,0
019,Bioscope,Weekly_Pass,2026-07-06,Success,10.0,64.0,3.0,0
018,Bioscope,Daily_Pass,2026-06-29,Success,9.0,97.0,,0
017,Toffee,WC_Premium,2026-06-28,Success,13.0,81.0,4.0,0
017,Bioscope,WC_Premium,2026-07-09,Buffer_Timeout,1.0,0.0,1.0,0
016,Toffee,Daily_Pass,2026-06-21,OTP_Failed,3.0,0.0,1.0,1
018,Bioscope,WC_Premium,2026-06-25,Success,7.0,78.0,5.0,0
018,Toffee,WC_Premium,2026-07-03,Success,1.0,105.0,5.0,0
016,Bioscope,WC_Premium,2026-07-05,Stuck_at_Number_Screen,4.0,5.0,1.0,1
018,Bioscope,Weekly_Pass,2026-06-19,Buffer_Timeout,5.0,5.0,2.0,0
019,Toffee,WC_Premium,2026-06-29,OTP_Failed,1.0,11.0,,1
018,Bioscope,Weekly_Pass,2026-06-22,Success,17.0,99.0,5.0,0
019,Toffee,Daily_Pass,2026-06-24,OTP_Failed,2.0,1.0,1.0,1
017,Toffee,Daily_Pass,2026-06-27,Buffer_Timeout,0.0,10.0,1.0,0
016,Bioscope,Daily_Pass,2026-06-28,Success,1.0,98.0,4.0,0
014,Bioscope,Daily_Pass,2026-07-04,Buffer_Timeout,0.0,1.0,,1
013,Toffee,Daily_Pass,2026-07-01,Stuck_at_Number_Screen,2.0,1.0,1.0,1
019,Toffee,WC_Premium,2026-07-05,Success,17.0,85.0,4.0,0
016,Bioscope,WC_Premium,2026-06-13,Success,1.0,63.0,4.0,0
017,Bioscope,WC_Premium,2026-06-27,Success,13.0,129.0,4.0,0
018,Toffee,Daily_Pass,2026-06-25,Success,14.0,87.0,4.0,0
017,Bioscope,WC_Premium,2026-07-07,Success,4.0,85.0,4.0,0
015,Bioscope,Weekly_Pass,2026-06-24,Buffer_Timeout,1.0,15.0,1.0,1
019,Toffee,Weekly_Pass,2026-06-13,Success,0.0,80.0,5.0,0
017,Toffee,Weekly_Pass,2026-06-14,Success,28.0,62.0,1.0,0
017,Toffee,WC_Premium,2026-06-25,Success,9.0,101.0,,0
018,Bioscope,Daily_Pass,2026-07-02,Success,0.0,94.0,5.0,0
017,Toffee,WC_Premium,2026-06-27,OTP_Failed,6.0,6.0,2.0,1
017,Other_Partner,WC_Premium,2026-06-23,Success,17.0,53.0,,0
018,Toffee,WC_Premium,2026-06-26,Success,3.0,45.0,,0
013,Bioscope,WC_Premium,2026-06-27,Success,1.0,54.0,5.0,0
017,Toffee,Weekly_Pass,2026-07-07,Success,4.0,108.0,5.0,0
019,Bioscope,WC_Premium,2026-06-27,Buffer_Timeout,2.0,5.0,1.0,0
014,Bioscope,WC_Premium,2026-06-16,Success,5.0,64.0,5.0,0
019,Toffee,WC_Premium,2026-06-15,Success,2.0,89.0,4.0,0
019,Other_Partner,WC_Premium,2026-07-08,Success,2.0,76.0,4.0,0
017,Toffee,WC_Premium,2026-07-04,OTP_Failed,0.0,3.0,1.0,1
017,Bioscope,Daily_Pass,2026-06-18,Success,12.0,88.0,4.0,0
017,Bioscope,WC_Premium,2026-07-04,OTP_Failed,0.0,0.0,2.0,1
019,Bioscope,Daily_Pass,2026-06-14,Success,33.0,79.0,1.0,1
014,Other_Partner,Weekly_Pass,2026-06-30,Success,2.0,139.0,,0
016,Bioscope,Weekly_Pass,2026-06-13,Success,18.0,93.0,4.0,0
019,Other_Partner,Daily_Pass,2026-06-16,Success,7.0,125.0,,0
018,Toffee,Daily_Pass,2026-07-06,Success,1.0,107.0,,0
013,Toffee,WC_Premium,2026-07-04,Success,3.0,82.0,5.0,0
013,Bioscope,WC_Premium,2026-07-07,Success,9.0,98.0,4.0,0
017,Bioscope,Weekly_Pass,2026-07-03,Success,8.0,97.0,,0
017,Bioscope,Weekly_Pass,2026-07-01,OTP_Failed,2.0,1.0,,0
016,Toffee,WC_Premium,2026-06-30,Success,30.0,50.0,1.0,0
013,Bioscope,Daily_Pass,2026-06-13,Success,14.0,67.0,5.0,0
018,Other_Partner,Weekly_Pass,2026-06-29,Success,18.0,63.0,5.0,0
018,Toffee,Weekly_Pass,2026-06-18,OTP_Failed,2.0,5.0,1.0,1
017,Toffee,WC_Premium,2026-06-14,Success,6.0,85.0,4.0,0
018,Toffee,Daily_Pass,2026-07-10,Success,6.0,84.0,4.0,0
018,Toffee,WC_Premium,2026-06-11,Success,2.0,60.0,4.0,0
013,Bioscope,Daily_Pass,2026-07-01,Stuck_at_Number_Screen,1.0,0.0,,1
019,Other_Partner,Daily_Pass,2026-06-28,OTP_Failed,1.0,1.0,1.0,1
018,Toffee,Daily_Pass,2026-06-20,OTP_Failed,0.0,5.0,,1
018,Bioscope,Weekly_Pass,2026-07-10,Success,1.0,84.0,4.0,0
019,Bioscope,Weekly_Pass,2026-07-09,OTP_Failed,0.0,4.0,,1
019,Toffee,Weekly_Pass,2026-06-13,OTP_Failed,5.0,1.0,1.0,1
019,Bioscope,Daily_Pass,2026-06-22,Success,6.0,85.0,4.0,0
017,Bioscope,Weekly_Pass,2026-06-22,Buffer_Timeout,4.0,0.0,,0
017,Bioscope,WC_Premium,2026-07-09,Buffer_Timeout,4.0,5.0,1.0,1
017,Toffee,WC_Premium,2026-06-15,Success,16.0,95.0,4.0,0
017,Bioscope,WC_Premium,2026-06-30,Stuck_at_Number_Screen,5.0,0.0,1.0,1
014,Toffee,WC_Premium,2026-06-22,Success,4.0,93.0,4.0,0
018,Toffee,Weekly_Pass,2026-06-23,Success,23.0,92.0,1.0,0
017,Toffee,Daily_Pass,2026-06-13,Success,3.0,79.0,,0
017,Toffee,Daily_Pass,2026-06-28,Success,4.0,110.0,4.0,0
017,Toffee,Daily_Pass,2026-07-06,Buffer_Timeout,1.0,0.0,,0
018,Toffee,Weekly_Pass,2026-06-18,OTP_Failed,0.0,7.0,,1
016,Bioscope,WC_Premium,2026-06-17,Success,7.0,118.0,3.0,0
019,Bioscope,WC_Premium,2026-07-05,Stuck_at_Number_Screen,1.0,0.0,1.0,1
014,Toffee,Daily_Pass,2026-07-09,OTP_Failed,0.0,1.0,2.0,1
017,Toffee,Weekly_Pass,2026-06-25,Success,2.0,67.0,4.0,0
017,Bioscope,Weekly_Pass,2026-06-27,Success,1.0,73.0,,0
017,Toffee,WC_Premium,2026-06-11,Stuck_at_Number_Screen,4.0,8.0,1.0,1
013,Toffee,Daily_Pass,2026-06-26,Stuck_at_Number_Screen,1.0,1.0,1.0,1
014,Bioscope,Weekly_Pass,2026-06-24,Buffer_Timeout,1.0,1.0,2.0,0
018,Toffee,WC_Premium,2026-06-20,Success,10.0,95.0,5.0,0
016,Toffee,WC_Premium,2026-06-30,Success,5.0,64.0,5.0,0
018,Toffee,Daily_Pass,2026-06-14,OTP_Failed,2.0,7.0,1.0,0
017,Toffee,Daily_Pass,2026-07-04,OTP_Failed,2.0,5.0,,0
017,Other_Partner,Weekly_Pass,2026-06-14,OTP_Failed,2.0,0.0,2.0,1
018,Toffee,WC_Premium,2026-07-02,Success,12.0,87.0,4.0,0
016,Bioscope,Daily_Pass,2026-07-01,Success,8.0,114.0,5.0,0
017,Bioscope,WC_Premium,2026-07-06,Success,4.0,77.0,5.0,0
016,Toffee,Daily_Pass,2026-06-16,Success,10.0,92.0,,0
019,Toffee,Weekly_Pass,2026-06-25,Success,9.0,107.0,,0
013,Bioscope,WC_Premium,2026-06-15,Buffer_Timeout,9.0,6.0,,0
016,Bioscope,Daily_Pass,2026-07-04,Success,4.0,97.0,5.0,0
013,Toffee,Daily_Pass,2026-06-25,Success,17.0,100.0,4.0,0
016,Toffee,Weekly_Pass,2026-07-09,Buffer_Timeout,0.0,2.0,2.0,0
019,Bioscope,WC_Premium,2026-06-29,Success,9.0,111.0,5.0,0
015,Toffee,Daily_Pass,2026-06-30,Success,11.0,79.0,4.0,0
017,Toffee,Weekly_Pass,2026-06-29,Success,13.0,46.0,,0
013,Toffee,Weekly_Pass,2026-06-13,OTP_Failed,2.0,9.0,1.0,1
017,Toffee,Weekly_Pass,2026-06-12,Success,2.0,125.0,4.0,0
017,Toffee,WC_Premium,2026-07-08,Buffer_Timeout,2.0,6.0,2.0,0
016,Toffee,Weekly_Pass,2026-07-02,OTP_Failed,5.0,4.0,,1
014,Bioscope,Weekly_Pass,2026-07-10,Stuck_at_Number_Screen,1.0,13.0,2.0,1
013,Bioscope,Weekly_Pass,2026-06-11,Success,2.0,90.0,3.0,0
017,Toffee,WC_Premium,2026-06-13,Buffer_Timeout,5.0,4.0,,0
017,Toffee,Daily_Pass,2026-06-29,OTP_Failed,1.0,8.0,1.0,1
018,Bioscope,WC_Premium,2026-06-11,OTP_Failed,1.0,0.0,2.0,1
017,Toffee,Daily_Pass,2026-06-26,Stuck_at_Number_Screen,2.0,5.0,1.0,1
017,Toffee,Weekly_Pass,2026-06-11,Stuck_at_Number_Screen,1.0,1.0,2.0,1
016,Toffee,Weekly_Pass,2026-07-06,Success,6.0,112.0,3.0,0
017,Toffee,Daily_Pass,2026-06-21,Success,7.0,83.0,5.0,0
018,Other_Partner,Daily_Pass,2026-07-07,Success,0.0,87.0,3.0,0
019,Bioscope,Daily_Pass,2026-07-06,Success,5.0,52.0,4.0,0
017,Toffee,Daily_Pass,2026-07-02,Stuck_at_Number_Screen,3.0,3.0,2.0,1
018,Bioscope,WC_Premium,2026-06-24,Success,4.0,98.0,4.0,0
016,Toffee,WC_Premium,2026-07-05,Success,5.0,79.0,4.0,0
016,Toffee,Daily_Pass,2026-06-29,Success,24.0,70.0,,0
013,Toffee,Daily_Pass,2026-06-19,Buffer_Timeout,2.0,9.0,1.0,1
017,Bioscope,WC_Premium,2026-06-25,Stuck_at_Number_Screen,0.0,6.0,1.0,1
019,Toffee,Daily_Pass,2026-07-10,OTP_Failed,0.0,0.0,,0
019,Toffee,WC_Premium,2026-06-23,OTP_Failed,0.0,6.0,1.0,1
017,Toffee,Daily_Pass,2026-07-03,OTP_Failed,0.0,2.0,,0
017,Toffee,WC_Premium,2026-06-21,OTP_Failed,0.0,4.0,1.0,0
017,Bioscope,Weekly_Pass,2026-07-09,Success,5.0,91.0,5.0,0
017,Bioscope,Daily_Pass,2026-06-13,Stuck_at_Number_Screen,1.0,9.0,1.0,1
018,Bioscope,Daily_Pass,2026-06-27,Success,7.0,71.0,4.0,0
017,Bioscope,Weekly_Pass,2026-06-15,Stuck_at_Number_Screen,4.0,6.0,2.0,1
017,Other_Partner,Daily_Pass,2026-07-06,Success,1.0,110.0,4.0,0
019,Toffee,Weekly_Pass,2026-07-08,Buffer_Timeout,3.0,6.0,2.0,0
017,Toffee,Daily_Pass,2026-06-24,OTP_Failed,2.0,10.0,1.0,1
019,Toffee,Weekly_Pass,2026-06-12,OTP_Failed,0.0,13.0,1.0,1
016,Toffee,Weekly_Pass,2026-06-12,Stuck_at_Number_Screen,0.0,0.0,1.0,1
017,Toffee,Weekly_Pass,2026-06-23,Success,2.0,123.0,5.0,0
016,Toffee,Daily_Pass,2026-07-01,Success,5.0,93.0,4.0,0
016,Toffee,Weekly_Pass,2026-06-20,Success,1.0,90.0,,0
013,Bioscope,Weekly_Pass,2026-07-01,Success,1.0,88.0,5.0,0
017,Other_Partner,WC_Premium,2026-07-06,Success,7.0,69.0,,0
018,Toffee,WC_Premium,2026-07-03,OTP_Failed,0.0,7.0,,1
014,Toffee,Daily_Pass,2026-06-16,Stuck_at_Number_Screen,3.0,0.0,,0
018,Bioscope,Daily_Pass,2026-06-13,Success,1.0,96.0,5.0,0
017,Toffee,Daily_Pass,2026-06-22,Success,6.0,93.0,4.0,0
016,Toffee,Daily_Pass,2026-06-29,Success,5.0,101.0,,0
013,Toffee,Daily_Pass,2026-06-15,Buffer_Timeout,6.0,6.0,2.0,1
018,Bioscope,Daily_Pass,2026-06-12,Stuck_at_Number_Screen,1.0,4.0,1.0,1
016,Bioscope,Daily_Pass,2026-06-29,Success,1.0,70.0,,0
018,Bioscope,Daily_Pass,2026-06-20,OTP_Failed,1.0,10.0,1.0,1
019,Toffee,Daily_Pass,2026-06-21,Success,2.0,65.0,,0
016,Toffee,Daily_Pass,2026-06-11,Success,1.0,75.0,,0
018,Toffee,Daily_Pass,2026-06-11,Success,2.0,82.0,5.0,0
017,Other_Partner,Weekly_Pass,2026-06-19,Success,2.0,75.0,4.0,0
019,Bioscope,Daily_Pass,2026-07-08,Success,5.0,71.0,,0
014,Toffee,Daily_Pass,2026-06-13,OTP_Failed,0.0,8.0,1.0,1
017,Bioscope,Daily_Pass,2026-07-10,Success,11.0,72.0,3.0,0
018,Toffee,Weekly_Pass,2026-07-01,Success,0.0,111.0,5.0,0
017,Other_Partner,WC_Premium,2026-06-29,Success,12.0,91.0,4.0,0
019,Bioscope,Daily_Pass,2026-06-24,Stuck_at_Number_Screen,0.0,0.0,,0
016,Toffee,Weekly_Pass,2026-06-25,Success,2.0,140.0,5.0,0
017,Bioscope,Weekly_Pass,2026-07-06,OTP_Failed,1.0,3.0,1.0,1
019,Toffee,Weekly_Pass,2026-06-13,Success,2.0,98.0,4.0,0
017,Toffee,WC_Premium,2026-06-21,Success,3.0,56.0,4.0,0
019,Bioscope,WC_Premium,2026-07-05,Success,13.0,89.0,5.0,0
018,Bioscope,Daily_Pass,2026-06-17,Stuck_at_Number_Screen,1.0,9.0,1.0,1
017,Toffee,Daily_Pass,2026-06-20,Success,4.0,57.0,4.0,0
017,Bioscope,Weekly_Pass,2026-07-07,Success,17.0,128.0,,0
017,Bioscope,WC_Premium,2026-07-08,Success,16.0,82.0,4.0,0
016,Toffee,WC_Premium,2026-06-23,OTP_Failed,5.0,2.0,2.0,0
018,Toffee,Daily_Pass,2026-06-11,Stuck_at_Number_Screen,0.0,4.0,1.0,1
017,Bioscope,Daily_Pass,2026-07-07,Success,9.0,90.0,4.0,0
017,Toffee,WC_Premium,2026-06-25,Success,3.0,83.0,5.0,0
017,Bioscope,Weekly_Pass,2026-06-28,OTP_Failed,3.0,10.0,,0
016,Toffee,Weekly_Pass,2026-06-17,Success,17.0,97.0,4.0,0
016,Toffee,Weekly_Pass,2026-06-27,Stuck_at_Number_Screen,2.0,3.0,1.0,1
017,Toffee,Daily_Pass,2026-06-11,Buffer_Timeout,3.0,2.0,2.0,1
018,Bioscope,WC_Premium,2026-06-25,Success,12.0,63.0,5.0,0
017,Bioscope,WC_Premium,2026-07-10,Buffer_Timeout,4.0,3.0,1.0,1
014,Toffee,Weekly_Pass,2026-07-07,Success,15.0,101.0,3.0,0
014,Toffee,Weekly_Pass,2026-06-16,Success,7.0,60.0,3.0,0
016,Bioscope,Weekly_Pass,2026-06-26,Success,8.0,60.0,3.0,0
014,Toffee,Daily_Pass,2026-07-06,OTP_Failed,6.0,14.0,,1
019,Toffee,Daily_Pass,2026-06-28,Success,25.0,71.0,2.0,0
019,Toffee,Daily_Pass,2026-06-22,Success,0.0,77.0,5.0,0
018,Toffee,WC_Premium,2026-06-19,Success,1.0,82.0,5.0,0
017,Toffee,Daily_Pass,2026-07-08,Stuck_at_Number_Screen,1.0,0.0,1.0,1
017,Toffee,Daily_Pass,2026-07-03,Success,1.0,104.0,5.0,0
017,Toffee,Weekly_Pass,2026-06-17,Success,4.0,29.0,5.0,0
018,Bioscope,Daily_Pass,2026-06-26,Success,15.0,90.0,5.0,0
017,Toffee,Daily_Pass,2026-07-06,Success,24.0,137.0,,0
017,Bioscope,Weekly_Pass,2026-07-01,Success,0.0,123.0,5.0,0
018,Bioscope,Weekly_Pass,2026-07-01,Success,2.0,80.0,5.0,0
017,Toffee,Weekly_Pass,2026-06-26,Success,21.0,86.0,2.0,1
018,Bioscope,Weekly_Pass,2026-07-09,Success,4.0,73.0,4.0,0
014,Toffee,Weekly_Pass,2026-06-13,OTP_Failed,3.0,0.0,1.0,1
016,Toffee,Weekly_Pass,2026-07-04,Stuck_at_Number_Screen,3.0,13.0,1.0,1
016,Other_Partner,Weekly_Pass,2026-07-07,Success,4.0,98.0,5.0,0
018,Bioscope,Daily_Pass,2026-06-25,Success,16.0,72.0,4.0,0
018,Bioscope,Weekly_Pass,2026-07-06,Success,3.0,56.0,5.0,0
017,Bioscope,Daily_Pass,2026-06-14,Success,0.0,92.0,5.0,1
019,Toffee,Daily_Pass,2026-07-10,Success,4.0,67.0,4.0,0
017,Toffee,Daily_Pass,2026-06-21,OTP_Failed,5.0,2.0,1.0,0
017,Toffee,Daily_Pass,2026-06-12,OTP_Failed,2.0,5.0,2.0,1
019,Bioscope,Weekly_Pass,2026-06-23,Stuck_at_Number_Screen,1.0,11.0,1.0,1
017,Bioscope,Weekly_Pass,2026-06-24,Success,24.0,93.0,1.0,0
013,Bioscope,Daily_Pass,2026-06-23,Success,5.0,89.0,4.0,0
017,Toffee,WC_Premium,2026-06-11,Stuck_at_Number_Screen,6.0,10.0,1.0,1
017,Toffee,Weekly_Pass,2026-06-30,Success,4.0,85.0,,0
017,Bioscope,WC_Premium,2026-06-12,Success,2.0,48.0,4.0,0
017,Other_Partner,Weekly_Pass,2026-06-20,Success,45.0,88.0,,1
016,Toffee,Daily_Pass,2026-07-02,OTP_Failed,1.0,7.0,1.0,1
019,Toffee,WC_Premium,2026-07-09,Stuck_at_Number_Screen,0.0,3.0,1.0,1
013,Toffee,WC_Premium,2026-07-07,Success,32.0,78.0,1.0,1
019,Toffee,Weekly_Pass,2026-07-07,OTP_Failed,1.0,4.0,1.0,1
017,Bioscope,Daily_Pass,2026-07-06,Stuck_at_Number_Screen,2.0,3.0,,0
017,Toffee,Daily_Pass,2026-07-10,Success,2.0,121.0,5.0,0
017,Bioscope,WC_Premium,2026-06-25,Success,11.0,78.0,,0
018,Toffee,Daily_Pass,2026-07-07,Buffer_Timeout,2.0,7.0,1.0,0
013,Toffee,Weekly_Pass,2026-06-20,Success,10.0,98.0,5.0,0
018,Toffee,Weekly_Pass,2026-06-17,Success,6.0,82.0,,0
019,Bioscope,Daily_Pass,2026-07-04,Buffer_Timeout,0.0,6.0,2.0,0
018,Bioscope,WC_Premium,2026-06-11,Success,2.0,64.0,4.0,0
018,Toffee,WC_Premium,2026-07-07,Stuck_at_Number_Screen,2.0,9.0,,1
014,Toffee,Daily_Pass,2026-06-19,Success,1.0,66.0,5.0,0
017,Toffee,Weekly_Pass,2026-07-10,Stuck_at_Number_Screen,5.0,4.0,2.0,1
013,Toffee,WC_Premium,2026-06-22,OTP_Failed,3.0,5.0,1.0,1
016,Bioscope,Weekly_Pass,2026-06-19,Success,35.0,71.0,1.0,1
018,Bioscope,Weekly_Pass,2026-06-14,Success,21.0,106.0,2.0,0
017,Toffee,Weekly_Pass,2026-06-27,Success,6.0,79.0,5.0,0
013,Bioscope,Daily_Pass,2026-06-18,Success,1.0,90.0,5.0,0
018,Bioscope,WC_Premium,2026-06-13,Stuck_at_Number_Screen,3.0,6.0,1.0,1
013,Toffee,Weekly_Pass,2026-06-27,Stuck_at_Number_Screen,1.0,5.0,,1
017,Toffee,Daily_Pass,2026-06-29,OTP_Failed,0.0,8.0,2.0,1
014,Bioscope,WC_Premium,2026-06-12,Buffer_Timeout,4.0,4.0,1.0,0
019,Bioscope,Weekly_Pass,2026-06-20,Buffer_Timeout,3.0,4.0,,0
018,Toffee,Daily_Pass,2026-06-17,OTP_Failed,1.0,1.0,2.0,1
016,Bioscope,WC_Premium,2026-06-22,Buffer_Timeout,2.0,3.0,,0
019,Toffee,Daily_Pass,2026-07-09,Success,1.0,145.0,,0
017,Bioscope,Weekly_Pass,2026-07-02,Stuck_at_Number_Screen,0.0,6.0,2.0,1
017,Other_Partner,Weekly_Pass,2026-06-19,OTP_Failed,0.0,5.0,1.0,1
018,Bioscope,Daily_Pass,2026-06-21,Success,1.0,58.0,3.0,0
019,Bioscope,WC_Premium,2026-06-23,Buffer_Timeout,2.0,0.0,1.0,1
017,Toffee,Weekly_Pass,2026-06-12,Success,4.0,114.0,4.0,0
015,Bioscope,WC_Premium,2026-06-21,Success,34.0,86.0,2.0,1
018,Bioscope,Weekly_Pass,2026-06-18,Success,6.0,89.0,,0
013,Toffee,WC_Premium,2026-06-13,Success,16.0,120.0,5.0,0
017,Bioscope,Daily_Pass,2026-06-15,Success,2.0,103.0,5.0,0
017,Bioscope,Weekly_Pass,2026-07-07,OTP_Failed,1.0,11.0,1.0,1
019,Toffee,WC_Premium,2026-07-09,OTP_Failed,6.0,8.0,2.0,1
015,Toffee,Daily_Pass,2026-06-19,OTP_Failed,4.0,11.0,1.0,1
013,Bioscope,Daily_Pass,2026-06-19,Stuck_at_Number_Screen,0.0,0.0,,1
015,Bioscope,WC_Premium,2026-06-27,Success,4.0,78.0,4.0,0
019,Bioscope,WC_Premium,2026-06-12,Success,18.0,87.0,5.0,0
018,Bioscope,WC_Premium,2026-07-02,Stuck_at_Number_Screen,1.0,0.0,,1
016,Bioscope,Weekly_Pass,2026-07-09,OTP_Failed,1.0,0.0,1.0,0
013,Bioscope,Weekly_Pass,2026-06-27,OTP_Failed,3.0,0.0,1.0,1
018,Toffee,Daily_Pass,2026-06-12,Success,23.0,38.0,1.0,0
017,Bioscope,Weekly_Pass,2026-07-06,Success,3.0,93.0,4.0,0
016,Toffee,Weekly_Pass,2026-07-04,Buffer_Timeout,1.0,5.0,2.0,0
017,Toffee,Daily_Pass,2026-06-16,Stuck_at_Number_Screen,0.0,11.0,,1
019,Toffee,Weekly_Pass,2026-07-06,Success,9.0,81.0,4.0,0
019,Toffee,Weekly_Pass,2026-06-27,Success,17.0,104.0,4.0,0
017,Toffee,Weekly_Pass,2026-06-13,Success,3.0,133.0,5.0,0
017,Toffee,Weekly_Pass,2026-07-02,Success,10.0,101.0,,0
018,Toffee,WC_Premium,2026-06-11,Success,8.0,76.0,4.0,0
018,Toffee,Daily_Pass,2026-07-03,OTP_Failed,1.0,15.0,2.0,1
017,Toffee,Weekly_Pass,2026-06-16,Buffer_Timeout,1.0,11.0,2.0,0
018,Bioscope,Weekly_Pass,2026-07-02,Buffer_Timeout,1.0,11.0,1.0,0
017,Bioscope,Daily_Pass,2026-06-20,Buffer_Timeout,0.0,8.0,1.0,0
017,Bioscope,Daily_Pass,2026-06-18,Stuck_at_Number_Screen,1.0,9.0,1.0,1
017,Toffee,Weekly_Pass,2026-06-22,Success,4.0,85.0,5.0,0
017,Bioscope,Weekly_Pass,2026-06-27,Success,2.0,78.0,,1
019,Toffee,WC_Premium,2026-06-11,Success,5.0,127.0,,0
015,Toffee,Weekly_Pass,2026-06-17,Stuck_at_Number_Screen,1.0,4.0,,1
013,Bioscope,Daily_Pass,2026-06-21,Buffer_Timeout,6.0,14.0,1.0,0
018,Bioscope,Weekly_Pass,2026-06-26,Success,6.0,58.0,4.0,0
017,Bioscope,WC_Premium,2026-06-27,Success,17.0,67.0,4.0,0
018,Bioscope,Weekly_Pass,2026-07-05,Success,16.0,94.0,4.0,0
017,Toffee,WC_Premium,2026-07-06,OTP_Failed,2.0,0.0,1.0,0
018,Bioscope,WC_Premium,2026-06-24,Success,7.0,65.0,5.0,0
014,Bioscope,Daily_Pass,2026-06-24,Buffer_Timeout,2.0,3.0,1.0,0
017,Bioscope,Daily_Pass,2026-06-16,Success,23.0,102.0,,0
019,Bioscope,Weekly_Pass,2026-07-10,Buffer_Timeout,1.0,2.0,2.0,0
017,Toffee,Daily_Pass,2026-06-12,Success,1.0,70.0,5.0,0
013,Toffee,Weekly_Pass,2026-06-22,Success,1.0,82.0,5.0,0
017,Toffee,WC_Premium,2026-07-02,Success,4.0,67.0,5.0,0
013,Toffee,Weekly_Pass,2026-06-26,Stuck_at_Number_Screen,2.0,8.0,1.0,1
017,Toffee,Weekly_Pass,2026-07-02,Success,18.0,82.0,5.0,0
013,Toffee,Weekly_Pass,2026-06-28,Stuck_at_Number_Screen,4.0,3.0,,1
013,Other_Partner,Daily_Pass,2026-06-16,Success,2.0,87.0,5.0,0
017,Bioscope,WC_Premium,2026-06-24,Buffer_Timeout,2.0,7.0,1.0,0
016,Bioscope,Weekly_Pass,2026-07-01,Success,0.0,81.0,5.0,0
014,Toffee,Weekly_Pass,2026-06-24,Success,4.0,31.0,,0
013,Toffee,Daily_Pass,2026-06-17,Success,1.0,101.0,4.0,0
017,Bioscope,WC_Premium,2026-07-07,Success,5.0,76.0,,0
017,Toffee,Weekly_Pass,2026-07-05,Success,17.0,105.0,4.0,0
019,Bioscope,Daily_Pass,2026-06-19,Success,18.0,88.0,3.0,0
018,Other_Partner,WC_Premium,2026-06-23,OTP_Failed,1.0,5.0,1.0,1
018,Toffee,WC_Premium,2026-06-18,OTP_Failed,0.0,15.0,1.0,1
017,Bioscope,Weekly_Pass,2026-06-29,Success,10.0,87.0,4.0,0
013,Toffee,Weekly_Pass,2026-06-23,Buffer_Timeout,2.0,1.0,1.0,0
017,Bioscope,WC_Premium,2026-06-15,Buffer_Timeout,3.0,0.0,1.0,0
014,Toffee,WC_Premium,2026-06-24,Buffer_Timeout,3.0,3.0,1.0,0
019,Toffee,Weekly_Pass,2026-06-29,OTP_Failed,2.0,6.0,1.0,1
017,Bioscope,Weekly_Pass,2026-06-17,Success,3.0,98.0,5.0,0
018,Bioscope,Daily_Pass,2026-06-11,Success,9.0,92.0,,0
017,Bioscope,Daily_Pass,2026-06-27,Success,12.0,52.0,5.0,0
013,Toffee,Daily_Pass,2026-06-21,OTP_Failed,1.0,11.0,1.0,1
019,Bioscope,Daily_Pass,2026-06-20,Success,6.0,128.0,4.0,0
018,Bioscope,WC_Premium,2026-06-24,OTP_Failed,1.0,14.0,,1
017,Other_Partner,Daily_Pass,2026-06-21,Success,1.0,80.0,4.0,0
017,Bioscope,WC_Premium,2026-07-01,Success,10.0,77.0,,0
019,Bioscope,Weekly_Pass,2026-07-01,OTP_Failed,5.0,9.0,1.0,1
018,Bioscope,Daily_Pass,2026-07-03,Success,2.0,116.0,5.0,0
018,Bioscope,Daily_Pass,2026-06-25,Success,1.0,81.0,5.0,0
017,Toffee,Weekly_Pass,2026-06-19,Success,0.0,99.0,5.0,0
017,Toffee,Daily_Pass,2026-06-17,Success,14.0,118.0,3.0,0
015,Bioscope,Weekly_Pass,2026-06-17,Buffer_Timeout,1.0,7.0,,0
018,Bioscope,WC_Premium,2026-06-21,Success,3.0,82.0,4.0,0
013,Bioscope,Weekly_Pass,2026-07-07,Success,4.0,82.0,3.0,0
018,Toffee,WC_Premium,2026-06-19,Stuck_at_Number_Screen,0.0,1.0,2.0,1
019,Toffee,WC_Premium,2026-07-09,Success,7.0,91.0,4.0,0
017,Toffee,WC_Premium,2026-07-04,Success,6.0,80.0,4.0,0
017,Toffee,Daily_Pass,2026-06-11,Success,7.0,52.0,5.0,0
018,Toffee,WC_Premium,2026-07-08,Success,11.0,76.0,4.0,0
016,Other_Partner,Weekly_Pass,2026-06-24,Success,3.0,93.0,5.0,0
016,Toffee,WC_Premium,2026-06-15,Success,5.0,103.0,4.0,1
019,Bioscope,Weekly_Pass,2026-07-07,Success,1.0,64.0,5.0,0
013,Toffee,Weekly_Pass,2026-06-28,Success,7.0,118.0,3.0,0
017,Other_Partner,WC_Premium,2026-07-06,Success,13.0,82.0,,0
015,Bioscope,Daily_Pass,2026-06-20,Buffer_Timeout,3.0,1.0,1.0,0
013,Toffee,Weekly_Pass,2026-06-29,OTP_Failed,3.0,3.0,1.0,0
018,Other_Partner,Daily_Pass,2026-06-21,Success,8.0,109.0,,0
016,Bioscope,Daily_Pass,2026-07-10,Stuck_at_Number_Screen,1.0,6.0,1.0,1
018,Toffee,WC_Premium,2026-06-28,Success,6.0,138.0,5.0,0
017,Bioscope,Daily_Pass,2026-07-06,Success,3.0,91.0,4.0,0
019,Toffee,WC_Premium,2026-07-10,Success,12.0,92.0,3.0,0
019,Bioscope,Weekly_Pass,2026-06-25,Success,0.0,65.0,5.0,0
018,Other_Partner,Weekly_Pass,2026-06-14,Success,0.0,92.0,5.0,0
018,Bioscope,Daily_Pass,2026-06-11,Success,14.0,69.0,4.0,0
017,Toffee,Daily_Pass,2026-07-02,OTP_Failed,3.0,7.0,,1
017,Toffee,WC_Premium,2026-06-20,Buffer_Timeout,2.0,8.0,,1
017,Toffee,WC_Premium,2026-07-06,Success,4.0,99.0,4.0,0
017,Toffee,Daily_Pass,2026-07-10,Success,13.0,106.0,,0
015,Toffee,Daily_Pass,2026-06-22,Buffer_Timeout,1.0,4.0,1.0,0
019,Toffee,Daily_Pass,2026-07-04,Success,1.0,83.0,3.0,0
016,Bioscope,Daily_Pass,2026-06-17,Success,7.0,107.0,,0
018,Bioscope,WC_Premium,2026-06-11,Buffer_Timeout,1.0,9.0,1.0,0
017,Toffee,WC_Premium,2026-07-06,OTP_Failed,1.0,9.0,1.0,1
015,Toffee,Weekly_Pass,2026-06-22,Success,3.0,95.0,3.0,0
013,Toffee,WC_Premium,2026-06-15,OTP_Failed,1.0,13.0,1.0,1
017,Toffee,Daily_Pass,2026-06-24,Stuck_at_Number_Screen,4.0,10.0,1.0,1
018,Toffee,Weekly_Pass,2026-06-27,Success,9.0,116.0,3.0,0
019,Toffee,WC_Premium,2026-06-19,Success,3.0,63.0,5.0,0
019,Bioscope,Daily_Pass,2026-07-09,Success,25.0,72.0,,0
017,Bioscope,Daily_Pass,2026-06-25,OTP_Failed,1.0,5.0,,1
019,Toffee,Weekly_Pass,2026-06-20,OTP_Failed,1.0,0.0,,0
017,Bioscope,Daily_Pass,2026-07-04,Success,1.0,33.0,4.0,0
017,Toffee,Weekly_Pass,2026-07-01,OTP_Failed,2.0,0.0,1.0,1
019,Bioscope,Weekly_Pass,2026-06-20,OTP_Failed,3.0,8.0,2.0,1
019,Toffee,Daily_Pass,2026-07-06,Success,8.0,67.0,4.0,0
018,Toffee,Daily_Pass,2026-06-14,OTP_Failed,1.0,8.0,,1
018,Toffee,Daily_Pass,2026-06-14,OTP_Failed,7.0,5.0,1.0,1
019,Toffee,Weekly_Pass,2026-07-07,Success,8.0,73.0,4.0,0
019,Bioscope,Daily_Pass,2026-06-25,Buffer_Timeout,3.0,9.0,1.0,0
019,Other_Partner,WC_Premium,2026-06-25,Success,1.0,52.0,5.0,0
018,Bioscope,WC_Premium,2026-07-05,Success,4.0,106.0,5.0,0
015,Toffee,Daily_Pass,2026-06-22,OTP_Failed,3.0,15.0,2.0,0
015,Bioscope,WC_Premium,2026-06-27,OTP_Failed,2.0,14.0,1.0,1
017,Bioscope,Weekly_Pass,2026-06-20,Buffer_Timeout,3.0,8.0,2.0,0
019,Bioscope,Daily_Pass,2026-07-10,Success,2.0,119.0,4.0,0
018,Bioscope,Weekly_Pass,2026-06-22,Success,15.0,112.0,,0
013,Bioscope,Weekly_Pass,2026-06-13,Success,18.0,81.0,3.0,0
018,Bioscope,Daily_Pass,2026-06-20,Buffer_Timeout,0.0,0.0,2.0,1
017,Bioscope,Daily_Pass,2026-07-01,Success,2.0,89.0,4.0,0
018,Toffee,Daily_Pass,2026-06-30,OTP_Failed,3.0,11.0,1.0,0
019,Toffee,Daily_Pass,2026-06-27,Success,13.0,109.0,4.0,0
017,Bioscope,Daily_Pass,2026-07-07,Success,7.0,66.0,4.0,1
013,Bioscope,Weekly_Pass,2026-07-03,Success,10.0,66.0,,0
014,Toffee,Daily_Pass,2026-07-04,Buffer_Timeout,1.0,6.0,2.0,1
013,Other_Partner,Daily_Pass,2026-06-26,Success,10.0,135.0,,1
013,Toffee,Daily_Pass,2026-06-13,Success,8.0,101.0,4.0,0
013,Toffee,WC_Premium,2026-06-17,Success,13.0,105.0,3.0,0
018,Toffee,Daily_Pass,2026-06-26,Buffer_Timeout,0.0,1.0,,0
018,Other_Partner,Weekly_Pass,2026-06-13,Success,7.0,81.0,5.0,0
019,Toffee,Weekly_Pass,2026-07-06,Buffer_Timeout,1.0,3.0,1.0,1
018,Toffee,WC_Premium,2026-06-25,Success,4.0,65.0,5.0,1
019,Toffee,Weekly_Pass,2026-06-12,Success,52.0,107.0,2.0,1
018,Bioscope,Daily_Pass,2026-07-03,Success,11.0,75.0,,0
017,Bioscope,Daily_Pass,2026-06-22,OTP_Failed,2.0,4.0,,1
016,Toffee,Daily_Pass,2026-07-02,Success,1.0,107.0,5.0,0
016,Bioscope,Weekly_Pass,2026-06-16,Stuck_at_Number_Screen,1.0,4.0,1.0,1
018,Other_Partner,Daily_Pass,2026-06-17,Success,10.0,103.0,4.0,0
017,Toffee,Daily_Pass,2026-06-25,OTP_Failed,1.0,5.0,,0
017,Bioscope,Weekly_Pass,2026-07-05,Success,2.0,118.0,5.0,0
017,Toffee,Daily_Pass,2026-07-01,Success,2.0,86.0,5.0,0
017,Toffee,WC_Premium,2026-06-28,OTP_Failed,0.0,7.0,2.0,0
016,Bioscope,Daily_Pass,2026-07-02,Success,7.0,66.0,5.0,0
017,Bioscope,WC_Premium,2026-07-07,Buffer_Timeout,2.0,8.0,,0
019,Toffee,WC_Premium,2026-06-25,OTP_Failed,0.0,8.0,1.0,1
017,Toffee,WC_Premium,2026-06-29,Success,2.0,99.0,3.0,0
017,Other_Partner,WC_Premium,2026-07-05,Success,2.0,86.0,3.0,0
018,Bioscope,Daily_Pass,2026-06-17,Success,0.0,87.0,4.0,0
017,Toffee,WC_Premium,2026-06-15,Success,4.0,71.0,4.0,0
019,Toffee,Daily_Pass,2026-06-30,Success,14.0,76.0,5.0,0
017,Toffee,WC_Premium,2026-06-30,Success,3.0,94.0,4.0,0
013,Toffee,Daily_Pass,2026-06-26,Stuck_at_Number_Screen,0.0,4.0,1.0,1
019,Bioscope,Daily_Pass,2026-06-24,Success,13.0,81.0,5.0,0
018,Bioscope,WC_Premium,2026-07-06,Success,5.0,74.0,5.0,0
017,Toffee,Daily_Pass,2026-07-01,Success,5.0,83.0,,0
013,Bioscope,WC_Premium,2026-06-16,OTP_Failed,3.0,0.0,1.0,1
016,Toffee,Weekly_Pass,2026-06-17,Success,8.0,66.0,4.0,0
015,Bioscope,Daily_Pass,2026-06-20,Success,7.0,96.0,5.0,0
019,Toffee,Weekly_Pass,2026-07-06,Success,2.0,52.0,3.0,0
017,Toffee,Daily_Pass,2026-06-19,OTP_Failed,1.0,4.0,1.0,1
015,Toffee,WC_Premium,2026-06-14,Success,3.0,53.0,4.0,0
017,Bioscope,WC_Premium,2026-07-02,Stuck_at_Number_Screen,3.0,12.0,1.0,1
017,Toffee,WC_Premium,2026-07-03,Success,1.0,104.0,5.0,1
019,Toffee,WC_Premium,2026-06-21,Stuck_at_Number_Screen,2.0,6.0,,1
017,Toffee,Daily_Pass,2026-07-05,OTP_Failed,2.0,5.0,2.0,1
017,Toffee,Daily_Pass,2026-06-11,Stuck_at_Number_Screen,0.0,13.0,2.0,1
017,Toffee,Daily_Pass,2026-06-18,Stuck_at_Number_Screen,1.0,7.0,,1
013,Bioscope,Weekly_Pass,2026-06-21,Success,5.0,70.0,,0
016,Toffee,Daily_Pass,2026-07-10,Success,2.0,110.0,5.0,0
018,Bioscope,Weekly_Pass,2026-07-02,Stuck_at_Number_Screen,2.0,0.0,2.0,1
017,Other_Partner,Weekly_Pass,2026-07-01,Success,2.0,88.0,,0
018,Bioscope,Daily_Pass,2026-06-13,Success,6.0,85.0,5.0,0
014,Bioscope,Daily_Pass,2026-06-13,Buffer_Timeout,0.0,1.0,2.0,0
019,Bioscope,Daily_Pass,2026-06-29,Success,1.0,91.0,,0
017,Other_Partner,WC_Premium,2026-06-29,Success,2.0,79.0,5.0,0
015,Toffee,Daily_Pass,2026-06-16,OTP_Failed,2.0,0.0,2.0,1
016,Bioscope,Daily_Pass,2026-06-16,Buffer_Timeout,7.0,5.0,1.0,0
017,Other_Partner,WC_Premium,2026-06-30,Stuck_at_Number_Screen,0.0,0.0,2.0,1
017,Toffee,Daily_Pass,2026-06-22,OTP_Failed,4.0,1.0,1.0,1
017,Toffee,Weekly_Pass,2026-06-19,Success,9.0,121.0,4.0,0
016,Other_Partner,WC_Premium,2026-07-05,Success,0.0,74.0,,0
017,Bioscope,Weekly_Pass,2026-06-23,OTP_Failed,1.0,5.0,2.0,1
018,Toffee,Weekly_Pass,2026-07-07,Success,31.0,111.0,,0
017,Bioscope,Daily_Pass,2026-07-09,Buffer_Timeout,9.0,8.0,2.0,0
014,Toffee,Daily_Pass,2026-06-15,Success,11.0,118.0,,0
017,Toffee,Weekly_Pass,2026-07-10,Success,14.0,58.0,,0
014,Bioscope,Daily_Pass,2026-06-17,Success,0.0,106.0,4.0,0
014,Bioscope,WC_Premium,2026-07-01,Buffer_Timeout,0.0,0.0,,0
017,Bioscope,Daily_Pass,2026-07-09,Success,3.0,99.0,4.0,0
018,Toffee,Weekly_Pass,2026-06-30,Success,7.0,113.0,,1
017,Bioscope,Daily_Pass,2026-06-29,Buffer_Timeout,2.0,0.0,2.0,0
014,Toffee,WC_Premium,2026-07-05,Success,16.0,93.0,5.0,0
018,Bioscope,Weekly_Pass,2026-06-12,Success,2.0,87.0,,0
017,Toffee,Weekly_Pass,2026-06-18,Success,20.0,62.0,5.0,1
017,Toffee,Weekly_Pass,2026-06-14,Success,19.0,29.0,3.0,0
013,Bioscope,Daily_Pass,2026-06-23,Success,3.0,92.0,4.0,0
014,Toffee,Weekly_Pass,2026-07-10,OTP_Failed,1.0,1.0,1.0,0
016,Bioscope,Daily_Pass,2026-07-04,Success,1.0,114.0,5.0,0
019,Toffee,Weekly_Pass,2026-06-28,OTP_Failed,7.0,14.0,1.0,1
013,Toffee,Daily_Pass,2026-07-03,Buffer_Timeout,3.0,5.0,1.0,0
017,Toffee,Daily_Pass,2026-06-13,Stuck_at_Number_Screen,4.0,4.0,1.0,1
015,Bioscope,Daily_Pass,2026-06-21,OTP_Failed,2.0,2.0,,1
017,Toffee,Daily_Pass,2026-06-15,Buffer_Timeout,3.0,11.0,1.0,0
014,Bioscope,Daily_Pass,2026-06-26,Buffer_Timeout,2.0,14.0,,0
013,Bioscope,WC_Premium,2026-06-30,Success,0.0,105.0,4.0,1
017,Toffee,Weekly_Pass,2026-06-12,Success,2.0,109.0,5.0,0
016,Toffee,WC_Premium,2026-07-09,Buffer_Timeout,1.0,0.0,1.0,0
015,Toffee,Daily_Pass,2026-06-18,Stuck_at_Number_Screen,1.0,15.0,1.0,1
015,Other_Partner,Weekly_Pass,2026-07-04,Success,7.0,98.0,4.0,0
017,Toffee,WC_Premium,2026-06-24,Buffer_Timeout,2.0,11.0,1.0,0
017,Toffee,Weekly_Pass,2026-06-20,Success,3.0,96.0,5.0,0
018,Toffee,Weekly_Pass,2026-07-03,Success,7.0,70.0,3.0,0
018,Bioscope,Weekly_Pass,2026-07-08,Success,20.0,91.0,5.0,0
016,Bioscope,Weekly_Pass,2026-07-10,Success,4.0,53.0,4.0,0
017,Other_Partner,WC_Premium,2026-06-16,Success,19.0,95.0,5.0,0
015,Bioscope,Weekly_Pass,2026-06-18,Success,7.0,100.0,,0
018,Toffee,WC_Premium,2026-07-03,Success,4.0,101.0,4.0,0
019,Toffee,WC_Premium,2026-06-24,Success,12.0,79.0,,0
018,Bioscope,Weekly_Pass,2026-07-05,Stuck_at_Number_Screen,1.0,1.0,2.0,1
013,Other_Partner,Daily_Pass,2026-07-04,Success,6.0,119.0,5.0,1
015,Toffee,Daily_Pass,2026-07-02,Buffer_Timeout,1.0,7.0,1.0,0
018,Toffee,Daily_Pass,2026-07-02,OTP_Failed,1.0,5.0,1.0,1
019,Bioscope,Daily_Pass,2026-07-06,Stuck_at_Number_Screen,4.0,2.0,2.0,1
015,Toffee,Daily_Pass,2026-06-21,Success,12.0,132.0,5.0,0
016,Toffee,Daily_Pass,2026-06-24,Buffer_Timeout,1.0,1.0,2.0,0
018,Other_Partner,Weekly_Pass,2026-06-28,Success,18.0,100.0,5.0,0
017,Bioscope,Daily_Pass,2026-06-18,Success,18.0,84.0,4.0,0
017,Toffee,Weekly_Pass,2026-07-02,Stuck_at_Number_Screen,5.0,0.0,1.0,1
017,Toffee,Daily_Pass,2026-06-28,OTP_Failed,0.0,0.0,1.0,1
017,Toffee,WC_Premium,2026-06-21,Success,10.0,64.0,,0
017,Other_Partner,WC_Premium,2026-06-21,Success,14.0,109.0,5.0,0
017,Other_Partner,Daily_Pass,2026-06-12,Success,11.0,68.0,5.0,0
013,Bioscope,WC_Premium,2026-06-12,Success,0.0,84.0,,0
013,Toffee,Daily_Pass,2026-06-28,OTP_Failed,2.0,7.0,2.0,1
017,Toffee,WC_Premium,2026-06-22,Buffer_Timeout,6.0,11.0,,0
017,Bioscope,Weekly_Pass,2026-06-13,Buffer_Timeout,0.0,0.0,,0
016,Toffee,Daily_Pass,2026-07-02,Buffer_Timeout,1.0,10.0,2.0,0
018,Bioscope,Daily_Pass,2026-07-01,Success,4.0,72.0,5.0,0
013,Bioscope,Daily_Pass,2026-06-29,Success,6.0,104.0,5.0,0
018,Toffee,WC_Premium,2026-07-03,OTP_Failed,4.0,5.0,1.0,1
019,Other_Partner,Weekly_Pass,2026-06-14,Success,11.0,64.0,5.0,1
013,Toffee,Daily_Pass,2026-06-12,Success,0.0,69.0,5.0,0
018,Bioscope,Weekly_Pass,2026-06-24,OTP_Failed,0.0,5.0,1.0,1
015,Toffee,Daily_Pass,2026-06-26,OTP_Failed,3.0,9.0,1.0,0
019,Bioscope,Daily_Pass,2026-07-06,Buffer_Timeout,1.0,10.0,,0
013,Bioscope,WC_Premium,2026-07-08,Success,20.0,95.0,4.0,0
018,Toffee,Weekly_Pass,2026-06-27,OTP_Failed,1.0,3.0,1.0,0
017,Toffee,Daily_Pass,2026-06-30,Success,15.0,106.0,5.0,0
018,Toffee,WC_Premium,2026-06-26,Success,0.0,108.0,5.0,0
015,Toffee,Daily_Pass,2026-07-04,Success,14.0,77.0,5.0,1
018,Bioscope,Daily_Pass,2026-06-28,Success,1.0,94.0,4.0,0
014,Toffee,Daily_Pass,2026-07-07,Success,0.0,80.0,4.0,0
013,Toffee,Weekly_Pass,2026-06-29,Success,5.0,122.0,4.0,0
015,Toffee,Weekly_Pass,2026-07-02,Buffer_Timeout,0.0,7.0,,0
018,Bioscope,Daily_Pass,2026-06-13,Success,7.0,112.0,5.0,0
017,Bioscope,Weekly_Pass,2026-07-05,Stuck_at_Number_Screen,6.0,9.0,,1
018,Toffee,WC_Premium,2026-06-23,Buffer_Timeout,4.0,14.0,2.0,0
017,Bioscope,Weekly_Pass,2026-06-23,Success,5.0,118.0,5.0,0
017,Bioscope,WC_Premium,2026-07-06,Success,21.0,70.0,1.0,0
019,Toffee,Daily_Pass,2026-06-13,OTP_Failed,1.0,11.0,1.0,1
017,Bioscope,Daily_Pass,2026-06-29,Success,4.0,127.0,5.0,0
019,Toffee,Weekly_Pass,2026-06-21,Success,3.0,81.0,4.0,0
017,Toffee,Daily_Pass,2026-07-03,OTP_Failed,0.0,1.0,1.0,1
017,Bioscope,Daily_Pass,2026-06-24,Success,6.0,84.0,5.0,0
015,Toffee,Daily_Pass,2026-06-13,OTP_Failed,1.0,3.0,2.0,1
013,Bioscope,WC_Premium,2026-06-30,Success,18.0,111.0,3.0,0
018,Toffee,Daily_Pass,2026-06-20,Stuck_at_Number_Screen,7.0,2.0,,1
018,Toffee,Daily_Pass,2026-06-30,Success,6.0,57.0,4.0,0
018,Bioscope,Daily_Pass,2026-07-03,Success,16.0,92.0,5.0,0
014,Bioscope,WC_Premium,2026-06-19,Success,4.0,75.0,5.0,0
016,Bioscope,Weekly_Pass,2026-07-02,Buffer_Timeout,5.0,0.0,1.0,0
013,Toffee,Daily_Pass,2026-07-06,Stuck_at_Number_Screen,3.0,2.0,1.0,1
019,Bioscope,WC_Premium,2026-06-21,OTP_Failed,5.0,2.0,1.0,1
017,Other_Partner,WC_Premium,2026-07-04,Success,20.0,91.0,4.0,0
018,Toffee,Weekly_Pass,2026-07-03,OTP_Failed,4.0,0.0,1.0,1
015,Bioscope,Daily_Pass,2026-06-26,Success,19.0,69.0,4.0,0
018,Bioscope,Weekly_Pass,2026-06-21,Success,10.0,77.0,4.0,0
019,Toffee,WC_Premium,2026-06-30,Success,3.0,119.0,4.0,0
016,Toffee,Daily_Pass,2026-07-01,Success,7.0,73.0,3.0,0
019,Toffee,Daily_Pass,2026-06-22,Stuck_at_Number_Screen,5.0,7.0,1.0,1
014,Other_Partner,Daily_Pass,2026-06-15,Stuck_at_Number_Screen,3.0,0.0,1.0,1
017,Toffee,Weekly_Pass,2026-07-06,Success,1.0,65.0,5.0,1
017,Bioscope,Weekly_Pass,2026-06-20,Buffer_Timeout,2.0,9.0,1.0,1
018,Toffee,Daily_Pass,2026-06-12,Success,22.0,62.0,,1
016,Bioscope,Daily_Pass,2026-06-26,Success,6.0,97.0,5.0,0
017,Toffee,WC_Premium,2026-06-18,Buffer_Timeout,4.0,0.0,1.0,1
017,Bioscope,WC_Premium,2026-06-27,Success,18.0,102.0,5.0,0
017,Toffee,WC_Premium,2026-06-16,Stuck_at_Number_Screen,0.0,2.0,1.0,1
015,Bioscope,WC_Premium,2026-06-28,Success,5.0,96.0,,0
016,Bioscope,Weekly_Pass,2026-06-16,Buffer_Timeout,0.0,3.0,1.0,0
013,Bioscope,Daily_Pass,2026-07-08,Stuck_at_Number_Screen,1.0,1.0,1.0,1
017,Toffee,Weekly_Pass,2026-06-14,Success,0.0,98.0,5.0,0
013,Toffee,Daily_Pass,2026-06-23,OTP_Failed,8.0,1.0,1.0,1
017,Bioscope,Weekly_Pass,2026-07-04,Buffer_Timeout,1.0,8.0,2.0,0
017,Toffee,Weekly_Pass,2026-06-26,Success,5.0,150.0,4.0,0
014,Toffee,WC_Premium,2026-06-20,Success,0.0,132.0,5.0,0
015,Bioscope,Daily_Pass,2026-07-04,Stuck_at_Number_Screen,1.0,7.0,1.0,1
017,Toffee,Daily_Pass,2026-06-16,Success,2.0,69.0,4.0,1
017,Toffee,Weekly_Pass,2026-06-23,Buffer_Timeout,1.0,3.0,1.0,0
017,Bioscope,WC_Premium,2026-06-22,Success,20.0,102.0,5.0,0
018,Toffee,WC_Premium,2026-06-13,Success,3.0,109.0,4.0,0
017,Toffee,Weekly_Pass,2026-06-28,OTP_Failed,2.0,15.0,1.0,1
017,Bioscope,Daily_Pass,2026-07-03,Success,3.0,73.0,5.0,0
017,Toffee,Daily_Pass,2026-07-02,Success,15.0,75.0,,0
019,Bioscope,WC_Premium,2026-06-26,Success,6.0,79.0,3.0,0
016,Toffee,Weekly_Pass,2026-07-10,Stuck_at_Number_Screen,0.0,6.0,2.0,1
018,Bioscope,WC_Premium,2026-07-10,Success,1.0,48.0,,0
013,Toffee,Daily_Pass,2026-06-25,Success,3.0,97.0,4.0,0
014,Toffee,Daily_Pass,2026-07-05,OTP_Failed,1.0,6.0,1.0,1
015,Toffee,Weekly_Pass,2026-06-11,OTP_Failed,1.0,3.0,1.0,1
017,Toffee,WC_Premium,2026-06-29,OTP_Failed,1.0,0.0,1.0,1
017,Bioscope,WC_Premium,2026-06-16,Success,23.0,65.0,1.0,0
018,Toffee,WC_Premium,2026-06-25,Success,3.0,108.0,,0
017,Bioscope,Weekly_Pass,2026-07-09,OTP_Failed,1.0,6.0,1.0,1
013,Other_Partner,Weekly_Pass,2026-06-15,Success,1.0,59.0,5.0,0
018,Bioscope,WC_Premium,2026-06-23,Success,8.0,87.0,5.0,0
018,Toffee,Daily_Pass,2026-06-12,Success,16.0,100.0,3.0,0
017,Toffee,WC_Premium,2026-07-01,Success,12.0,125.0,5.0,0
018,Other_Partner,Weekly_Pass,2026-07-04,OTP_Failed,1.0,7.0,,1
015,Bioscope,WC_Premium,2026-06-25,Success,0.0,66.0,5.0,0
017,Bioscope,WC_Premium,2026-06-24,Success,35.0,101.0,,1
016,Toffee,Daily_Pass,2026-06-19,Success,1.0,87.0,5.0,0
017,Bioscope,Daily_Pass,2026-06-19,Success,20.0,73.0,,0
017,Bioscope,Daily_Pass,2026-06-16,Success,10.0,94.0,3.0,0
018,Toffee,Daily_Pass,2026-06-19,OTP_Failed,0.0,4.0,1.0,1
017,Bioscope,Weekly_Pass,2026-06-24,Success,6.0,53.0,4.0,0
017,Toffee,Weekly_Pass,2026-07-10,Success,1.0,94.0,,0
017,Toffee,Weekly_Pass,2026-06-15,Success,5.0,87.0,4.0,0
018,Bioscope,Daily_Pass,2026-06-12,Success,4.0,99.0,,1
016,Toffee,WC_Premium,2026-06-16,Stuck_at_Number_Screen,9.0,6.0,2.0,1
017,Bioscope,Weekly_Pass,2026-07-05,OTP_Failed,1.0,15.0,2.0,1
016,Toffee,WC_Premium,2026-06-22,OTP_Failed,0.0,6.0,1.0,1
017,Toffee,Daily_Pass,2026-07-05,Success,23.0,81.0,1.0,0
018,Toffee,WC_Premium,2026-07-06,Success,19.0,107.0,5.0,0
013,Other_Partner,Daily_Pass,2026-06-11,Success,15.0,78.0,5.0,0
016,Toffee,Weekly_Pass,2026-06-13,OTP_Failed,2.0,7.0,1.0,1
015,Toffee,Weekly_Pass,2026-07-03,Success,12.0,91.0,5.0,0
014,Bioscope,WC_Premium,2026-07-07,Success,7.0,80.0,4.0,0
017,Toffee,Daily_Pass,2026-06-29,Success,1.0,60.0,5.0,0
019,Toffee,Daily_Pass,2026-07-05,Success,1.0,89.0,,0
017,Toffee,WC_Premium,2026-06-16,Stuck_at_Number_Screen,2.0,5.0,1.0,1
015,Toffee,Daily_Pass,2026-06-12,Success,4.0,88.0,5.0,0
017,Toffee,Daily_Pass,2026-07-03,Success,2.0,90.0,5.0,0
013,Toffee,Weekly_Pass,2026-07-03,Success,11.0,98.0,4.0,0
017,Toffee,Daily_Pass,2026-07-03,OTP_Failed,6.0,8.0,1.0,1
017,Bioscope,Daily_Pass,2026-06-23,Success,22.0,74.0,1.0,1
016,Toffee,Daily_Pass,2026-06-28,OTP_Failed,0.0,7.0,,1
014,Other_Partner,Daily_Pass,2026-07-08,Buffer_Timeout,0.0,2.0,,0
018,Bioscope,Weekly_Pass,2026-07-02,Success,0.0,72.0,,0
016,Toffee,Daily_Pass,2026-06-14,Success,4.0,128.0,,0
019,Other_Partner,WC_Premium,2026-06-12,Success,2.0,82.0,5.0,0
017,Toffee,WC_Premium,2026-06-27,Success,15.0,85.0,,0
017,Toffee,Daily_Pass,2026-06-13,Success,2.0,108.0,5.0,0
017,Toffee,WC_Premium,2026-06-25,Success,0.0,111.0,3.0,0
013,Bioscope,WC_Premium,2026-06-21,Success,20.0,78.0,,0
017,Toffee,Weekly_Pass,2026-07-02,Stuck_at_Number_Screen,2.0,6.0,1.0,1
017,Toffee,WC_Premium,2026-07-01,OTP_Failed,6.0,5.0,,1
017,Toffee,Daily_Pass,2026-06-19,Success,17.0,93.0,5.0,0
017,Bioscope,WC_Premium,2026-07-01,Buffer_Timeout,9.0,4.0,2.0,0
014,Toffee,Weekly_Pass,2026-06-12,OTP_Failed,2.0,5.0,,1
017,Toffee,Daily_Pass,2026-07-03,Success,8.0,85.0,,0
018,Toffee,WC_Premium,2026-06-16,Success,3.0,90.0,3.0,0
018,Bioscope,Weekly_Pass,2026-06-15,Stuck_at_Number_Screen,3.0,3.0,1.0,1
018,Toffee,Daily_Pass,2026-06-22,Success,8.0,64.0,4.0,0
017,Toffee,Daily_Pass,2026-06-23,Success,9.0,63.0,,0
017,Bioscope,WC_Premium,2026-06-21,Success,9.0,93.0,5.0,0
017,Toffee,WC_Premium,2026-07-08,Success,5.0,79.0,4.0,0
013,Bioscope,Weekly_Pass,2026-06-21,Stuck_at_Number_Screen,2.0,5.0,,1
017,Other_Partner,Weekly_Pass,2026-06-20,Success,0.0,97.0,5.0,1
018,Bioscope,Daily_Pass,2026-07-01,Success,26.0,98.0,,0
016,Toffee,Weekly_Pass,2026-07-02,Success,4.0,126.0,4.0,0
018,Toffee,WC_Premium,2026-06-15,OTP_Failed,0.0,3.0,,1
013,Toffee,WC_Premium,2026-06-15,Success,24.0,94.0,,0
013,Other_Partner,Weekly_Pass,2026-07-05,Success,1.0,97.0,5.0,0
019,Other_Partner,WC_Premium,2026-06-16,Success,8.0,86.0,4.0,0
017,Toffee,WC_Premium,2026-06-19,Success,4.0,100.0,3.0,0
016,Bioscope,Daily_Pass,2026-06-22,Success,0.0,91.0,,0
019,Bioscope,Daily_Pass,2026-06-13,OTP_Failed,0.0,12.0,1.0,1
013,Toffee,Daily_Pass,2026-07-03,Success,0.0,88.0,4.0,0
017,Toffee,Weekly_Pass,2026-07-04,OTP_Failed,0.0,7.0,1.0,1
018,Toffee,WC_Premium,2026-07-06,Success,9.0,98.0,4.0,0
017,Toffee,Daily_Pass,2026-06-27,Buffer_Timeout,2.0,0.0,1.0,1
017,Bioscope,WC_Premium,2026-06-25,Success,19.0,75.0,5.0,1
017,Other_Partner,Weekly_Pass,2026-06-13,Success,17.0,94.0,4.0,0
017,Toffee,WC_Premium,2026-07-09,Success,19.0,88.0,,0
018,Toffee,Daily_Pass,2026-07-09,Success,2.0,64.0,,0
019,Toffee,Daily_Pass,2026-07-03,Stuck_at_Number_Screen,4.0,2.0,1.0,1
017,Bioscope,Weekly_Pass,2026-06-29,Success,3.0,94.0,,0
014,Bioscope,WC_Premium,2026-06-18,Stuck_at_Number_Screen,1.0,0.0,1.0,0
015,Bioscope,WC_Premium,2026-06-15,Success,4.0,64.0,5.0,0
015,Bioscope,Weekly_Pass,2026-06-16,Stuck_at_Number_Screen,1.0,0.0,1.0,1
019,Toffee,Daily_Pass,2026-06-11,Stuck_at_Number_Screen,0.0,6.0,1.0,1
013,Toffee,Daily_Pass,2026-06-20,Buffer_Timeout,1.0,11.0,1.0,0
017,Other_Partner,WC_Premium,2026-06-19,Success,9.0,88.0,,0
018,Toffee,Daily_Pass,2026-06-23,OTP_Failed,0.0,4.0,1.0,1
018,Bioscope,Weekly_Pass,2026-06-20,Success,8.0,84.0,4.0,0
019,Toffee,Weekly_Pass,2026-06-17,Success,5.0,77.0,4.0,0
015,Bioscope,Weekly_Pass,2026-06-25,OTP_Failed,1.0,9.0,1.0,1
018,Bioscope,Weekly_Pass,2026-07-01,Success,5.0,83.0,5.0,0
017,Bioscope,WC_Premium,2026-06-20,Success,5.0,92.0,,0
017,Bioscope,WC_Premium,2026-07-08,Buffer_Timeout,0.0,4.0,1.0,0
017,Toffee,WC_Premium,2026-07-01,Stuck_at_Number_Screen,0.0,1.0,1.0,1
018,Bioscope,Weekly_Pass,2026-06-30,Success,5.0,77.0,5.0,0
018,Toffee,Daily_Pass,2026-06-27,OTP_Failed,1.0,0.0,1.0,1
019,Bioscope,WC_Premium,2026-06-11,Success,5.0,63.0,5.0,0
018,Toffee,Daily_Pass,2026-06-26,Success,2.0,134.0,4.0,0
014,Bioscope,Weekly_Pass,2026-06-11,OTP_Failed,3.0,10.0,1.0,1
018,Toffee,Daily_Pass,2026-06-23,OTP_Failed,2.0,1.0,1.0,1
019,Toffee,Weekly_Pass,2026-06-13,Buffer_Timeout,2.0,0.0,1.0,0
017,Toffee,Daily_Pass,2026-06-14,Success,16.0,103.0,4.0,0
019,Other_Partner,WC_Premium,2026-06-30,Buffer_Timeout,1.0,4.0,1.0,0
016,Toffee,WC_Premium,2026-07-08,OTP_Failed,0.0,13.0,1.0,1
017,Toffee,Weekly_Pass,2026-06-24,Success,0.0,103.0,,0
017,Toffee,Daily_Pass,2026-07-01,Success,1.0,68.0,4.0,0
014,Toffee,Weekly_Pass,2026-07-08,Success,9.0,75.0,4.0,0
017,Toffee,Daily_Pass,2026-06-22,Success,2.0,81.0,4.0,0
018,Bioscope,WC_Premium,2026-06-14,Success,5.0,120.0,,0
017,Toffee,Daily_Pass,2026-07-01,OTP_Failed,1.0,15.0,1.0,1
016,Bioscope,Daily_Pass,2026-06-15,Success,0.0,112.0,4.0,0
019,Toffee,Weekly_Pass,2026-06-24,Buffer_Timeout,2.0,0.0,2.0,0
013,Toffee,WC_Premium,2026-06-29,Stuck_at_Number_Screen,0.0,3.0,1.0,1
013,Bioscope,Weekly_Pass,2026-06-22,Success,5.0,123.0,3.0,0
015,Toffee,Daily_Pass,2026-06-16,Success,7.0,99.0,5.0,0
019,Toffee,Daily_Pass,2026-07-07,OTP_Failed,6.0,0.0,1.0,0
019,Toffee,Daily_Pass,2026-06-14,OTP_Failed,2.0,11.0,1.0,0
013,Toffee,Daily_Pass,2026-06-22,Stuck_at_Number_Screen,0.0,5.0,1.0,1
017,Bioscope,WC_Premium,2026-06-11,Success,3.0,94.0,5.0,0
013,Bioscope,Daily_Pass,2026-06-16,OTP_Failed,2.0,8.0,2.0,0
016,Bioscope,Weekly_Pass,2026-07-04,Success,5.0,95.0,,0
017,Toffee,WC_Premium,2026-06-27,Success,14.0,92.0,5.0,0
017,Toffee,Daily_Pass,2026-06-13,Success,1.0,86.0,4.0,0
017,Toffee,WC_Premium,2026-06-15,OTP_Failed,0.0,4.0,1.0,1
013,Bioscope,WC_Premium,2026-06-17,Success,4.0,49.0,4.0,0
019,Toffee,Daily_Pass,2026-07-07,Buffer_Timeout,3.0,6.0,1.0,0
017,Toffee,WC_Premium,2026-06-19,Stuck_at_Number_Screen,1.0,5.0,1.0,1
016,Bioscope,Weekly_Pass,2026-06-20,Success,1.0,89.0,4.0,0
014,Toffee,Weekly_Pass,2026-06-26,OTP_Failed,0.0,3.0,2.0,1
017,Other_Partner,WC_Premium,2026-07-09,Success,0.0,100.0,,0
016,Toffee,WC_Premium,2026-06-18,Stuck_at_Number_Screen,2.0,1.0,,1
015,Bioscope,Weekly_Pass,2026-06-28,Success,18.0,77.0,4.0,0
015,Toffee,Daily_Pass,2026-07-09,Success,1.0,99.0,5.0,0
017,Bioscope,Daily_Pass,2026-07-05,Buffer_Timeout,3.0,0.0,1.0,0
017,Toffee,WC_Premium,2026-06-28,Success,7.0,100.0,5.0,0
017,Toffee,WC_Premium,2026-06-24,Success,3.0,55.0,4.0,0
016,Toffee,Daily_Pass,2026-06-25,OTP_Failed,1.0,10.0,2.0,1
016,Other_Partner,Daily_Pass,2026-06-20,Success,14.0,77.0,4.0,0
016,Other_Partner,WC_Premium,2026-07-02,Success,5.0,100.0,5.0,0
017,Toffee,Daily_Pass,2026-06-30,Success,1.0,83.0,3.0,0
017,Bioscope,Daily_Pass,2026-07-06,Success,5.0,89.0,5.0,0
018,Bioscope,Daily_Pass,2026-07-04,Success,0.0,89.0,,0
018,Toffee,Daily_Pass,2026-06-30,Stuck_at_Number_Screen,1.0,4.0,,0
016,Toffee,WC_Premium,2026-07-05,Success,54.0,92.0,1.0,1
013,Other_Partner,WC_Premium,2026-06-28,Success,6.0,91.0,3.0,0
017,Toffee,Daily_Pass,2026-06-30,Success,11.0,112.0,5.0,0
017,Toffee,WC_Premium,2026-07-03,Success,4.0,70.0,4.0,0
017,Toffee,Daily_Pass,2026-06-28,Success,2.0,115.0,4.0,0
017,Toffee,WC_Premium,2026-06-27,Success,0.0,95.0,5.0,0
017,Bioscope,Daily_Pass,2026-06-12,Stuck_at_Number_Screen,2.0,15.0,1.0,1
017,Toffee,WC_Premium,2026-06-24,Success,7.0,100.0,4.0,0
017,Toffee,Daily_Pass,2026-06-12,Success,0.0,123.0,5.0,0
017,Toffee,Daily_Pass,2026-06-16,OTP_Failed,0.0,0.0,,0
016,Toffee,WC_Premium,2026-06-29,Success,8.0,103.0,4.0,0
017,Toffee,Daily_Pass,2026-06-26,Success,4.0,88.0,,0
016,Bioscope,WC_Premium,2026-06-17,Buffer_Timeout,2.0,11.0,2.0,0
016,Toffee,Daily_Pass,2026-07-07,Success,0.0,87.0,4.0,0
018,Bioscope,Daily_Pass,2026-07-10,Success,18.0,54.0,5.0,0
015,Toffee,WC_Premium,2026-06-14,OTP_Failed,1.0,0.0,2.0,1
017,Toffee,Weekly_Pass,2026-07-06,Stuck_at_Number_Screen,0.0,4.0,2.0,1
016,Toffee,Weekly_Pass,2026-06-28,OTP_Failed,4.0,2.0,2.0,1
015,Bioscope,Daily_Pass,2026-06-20,Success,4.0,73.0,5.0,0
019,Bioscope,Weekly_Pass,2026-06-12,Success,4.0,139.0,4.0,0
017,Toffee,Daily_Pass,2026-07-07,OTP_Failed,0.0,2.0,,1
017,Toffee,Weekly_Pass,2026-06-28,OTP_Failed,2.0,8.0,1.0,1
017,Bioscope,Weekly_Pass,2026-06-14,Success,13.0,94.0,4.0,0
018,Toffee,Weekly_Pass,2026-06-18,OTP_Failed,4.0,11.0,1.0,1
016,Bioscope,WC_Premium,2026-07-06,Success,14.0,93.0,4.0,0
017,Toffee,Weekly_Pass,2026-06-21,Success,8.0,75.0,3.0,0
018,Bioscope,Daily_Pass,2026-06-22,Buffer_Timeout,2.0,12.0,1.0,1
016,Bioscope,Daily_Pass,2026-06-13,Buffer_Timeout,1.0,7.0,1.0,0
013,Toffee,Weekly_Pass,2026-06-16,OTP_Failed,0.0,6.0,1.0,1
019,Bioscope,Daily_Pass,2026-07-10,Success,2.0,80.0,4.0,0
019,Toffee,Daily_Pass,2026-06-14,Success,10.0,80.0,5.0,0
017,Toffee,WC_Premium,2026-07-08,Success,4.0,129.0,5.0,0
018,Toffee,WC_Premium,2026-06-28,OTP_Failed,1.0,4.0,2.0,1
017,Toffee,Weekly_Pass,2026-06-23,Success,1.0,111.0,4.0,0
018,Toffee,Weekly_Pass,2026-06-13,OTP_Failed,3.0,0.0,2.0,1
015,Other_Partner,Weekly_Pass,2026-06-14,Success,10.0,90.0,4.0,0
019,Bioscope,Weekly_Pass,2026-06-22,OTP_Failed,0.0,5.0,1.0,1
013,Toffee,WC_Premium,2026-06-25,Buffer_Timeout,2.0,3.0,,0
017,Bioscope,WC_Premium,2026-06-21,Buffer_Timeout,3.0,2.0,1.0,0
017,Toffee,Daily_Pass,2026-06-21,OTP_Failed,2.0,3.0,,0
018,Bioscope,WC_Premium,2026-07-05,Success,2.0,116.0,4.0,0
017,Toffee,WC_Premium,2026-06-21,Buffer_Timeout,1.0,3.0,1.0,0
018,Bioscope,Daily_Pass,2026-06-23,Success,4.0,60.0,,0
017,Bioscope,Daily_Pass,2026-06-25,Success,5.0,105.0,5.0,0
017,Bioscope,WC_Premium,2026-07-01,Stuck_at_Number_Screen,2.0,9.0,1.0,0
017,Toffee,Weekly_Pass,2026-07-03,Success,1.0,104.0,5.0,0
015,Toffee,WC_Premium,2026-07-09,OTP_Failed,4.0,0.0,,0
016,Toffee,Daily_Pass,2026-06-25,Success,10.0,88.0,,0
017,Toffee,Daily_Pass,2026-06-27,OTP_Failed,2.0,7.0,,1
017,Toffee,Daily_Pass,2026-06-11,Buffer_Timeout,1.0,0.0,,0
018,Bioscope,Weekly_Pass,2026-06-16,Stuck_at_Number_Screen,1.0,7.0,1.0,1
017,Bioscope,Weekly_Pass,2026-06-17,Success,1.0,62.0,3.0,0
018,Toffee,WC_Premium,2026-06-24,Success,0.0,43.0,4.0,0
019,Toffee,WC_Premium,2026-06-11,Buffer_Timeout,6.0,6.0,,0
018,Bioscope,WC_Premium,2026-06-30,Success,1.0,83.0,4.0,0
018,Bioscope,Daily_Pass,2026-06-16,Success,4.0,84.0,5.0,0
018,Toffee,Daily_Pass,2026-06-28,OTP_Failed,3.0,9.0,1.0,1
014,Toffee,Daily_Pass,2026-06-19,Success,1.0,94.0,,0
014,Bioscope,Weekly_Pass,2026-07-10,Success,1.0,97.0,5.0,0
018,Bioscope,Daily_Pass,2026-07-06,OTP_Failed,0.0,0.0,1.0,1
017,Toffee,Weekly_Pass,2026-06-12,Success,0.0,78.0,5.0,0
018,Bioscope,Daily_Pass,2026-07-06,Success,11.0,63.0,3.0,0
017,Bioscope,Daily_Pass,2026-07-01,OTP_Failed,3.0,2.0,,1
018,Toffee,Weekly_Pass,2026-06-27,Stuck_at_Number_Screen,1.0,11.0,,1
018,Bioscope,Daily_Pass,2026-07-02,OTP_Failed,2.0,5.0,1.0,1
017,Toffee,WC_Premium,2026-06-21,Success,3.0,93.0,5.0,0
017,Bioscope,WC_Premium,2026-06-29,OTP_Failed,1.0,15.0,1.0,1
018,Bioscope,Daily_Pass,2026-07-10,OTP_Failed,2.0,2.0,1.0,1
019,Toffee,WC_Premium,2026-06-23,OTP_Failed,1.0,5.0,2.0,0
018,Bioscope,Weekly_Pass,2026-06-26,Success,20.0,67.0,3.0,0
016,Bioscope,Weekly_Pass,2026-06-22,Success,5.0,89.0,,0
017,Other_Partner,Daily_Pass,2026-07-02,Success,14.0,116.0,3.0,0
018,Toffee,WC_Premium,2026-07-08,Success,6.0,112.0,4.0,0
013,Toffee,Daily_Pass,2026-06-19,Success,16.0,113.0,,0
016,Other_Partner,Daily_Pass,2026-07-07,Success,6.0,97.0,4.0,0
017,Bioscope,Daily_Pass,2026-06-18,Success,8.0,84.0,5.0,0
018,Other_Partner,Weekly_Pass,2026-06-24,Success,9.0,88.0,5.0,1
017,Toffee,Weekly_Pass,2026-06-28,Stuck_at_Number_Screen,1.0,8.0,1.0,1
017,Toffee,WC_Premium,2026-06-19,OTP_Failed,1.0,5.0,1.0,1
015,Toffee,WC_Premium,2026-06-22,Success,5.0,105.0,4.0,0
017,Bioscope,WC_Premium,2026-06-27,Buffer_Timeout,0.0,5.0,2.0,0
017,Bioscope,WC_Premium,2026-06-25,Success,6.0,107.0,5.0,0
018,Bioscope,Daily_Pass,2026-06-29,Success,2.0,122.0,5.0,0
019,Toffee,Weekly_Pass,2026-06-20,Success,3.0,66.0,4.0,0
013,Toffee,Weekly_Pass,2026-07-06,Success,2.0,69.0,3.0,0
016,Bioscope,Weekly_Pass,2026-07-08,Success,13.0,91.0,,0
019,Bioscope,Weekly_Pass,2026-06-14,Stuck_at_Number_Screen,1.0,8.0,1.0,1
017,Bioscope,WC_Premium,2026-06-15,OTP_Failed,1.0,9.0,,0
013,Toffee,Daily_Pass,2026-06-17,Success,5.0,120.0,,0
013,Toffee,WC_Premium,2026-06-29,Success,4.0,77.0,,0
019,Toffee,Daily_Pass,2026-07-02,Success,4.0,102.0,4.0,0
017,Bioscope,Daily_Pass,2026-06-22,Buffer_Timeout,1.0,9.0,2.0,0
017,Toffee,Weekly_Pass,2026-07-04,Success,9.0,96.0,4.0,0
016,Other_Partner,Weekly_Pass,2026-07-07,Success,10.0,100.0,3.0,0
018,Bioscope,Daily_Pass,2026-06-15,Success,3.0,93.0,,0
013,Toffee,Weekly_Pass,2026-06-11,Success,1.0,72.0,4.0,0
018,Toffee,Weekly_Pass,2026-06-15,Buffer_Timeout,1.0,0.0,1.0,1
017,Other_Partner,Daily_Pass,2026-06-29,Success,8.0,112.0,,0
013,Toffee,WC_Premium,2026-06-26,OTP_Failed,2.0,3.0,1.0,0
018,Toffee,Daily_Pass,2026-06-30,Stuck_at_Number_Screen,4.0,15.0,1.0,1
014,Other_Partner,WC_Premium,2026-06-23,OTP_Failed,0.0,10.0,1.0,1
017,Bioscope,Daily_Pass,2026-07-06,Stuck_at_Number_Screen,1.0,13.0,2.0,1
019,Bioscope,Weekly_Pass,2026-06-17,Stuck_at_Number_Screen,2.0,9.0,1.0,1
018,Toffee,WC_Premium,2026-06-13,Success,1.0,108.0,4.0,0
017,Bioscope,WC_Premium,2026-06-22,Buffer_Timeout,3.0,1.0,2.0,0
016,Toffee,WC_Premium,2026-06-11,Buffer_Timeout,2.0,0.0,1.0,0
017,Toffee,Daily_Pass,2026-07-04,Success,8.0,96.0,4.0,0
015,Toffee,Daily_Pass,2026-06-30,Success,2.0,94.0,4.0,0
019,Toffee,Weekly_Pass,2026-06-29,Success,3.0,79.0,,0
017,Other_Partner,Weekly_Pass,2026-07-02,Success,9.0,74.0,5.0,0
017,Bioscope,WC_Premium,2026-07-06,Success,0.0,86.0,5.0,0
013,Bioscope,Daily_Pass,2026-07-08,Success,2.0,67.0,4.0,0
013,Other_Partner,Weekly_Pass,2026-06-25,Stuck_at_Number_Screen,3.0,4.0,1.0,1
013,Toffee,Weekly_Pass,2026-06-30,Success,16.0,46.0,3.0,0
017,Toffee,WC_Premium,2026-07-03,Stuck_at_Number_Screen,3.0,15.0,,1
018,Bioscope,Daily_Pass,2026-07-07,Stuck_at_Number_Screen,1.0,6.0,1.0,1
017,Bioscope,WC_Premium,2026-07-03,Success,5.0,109.0,5.0,0
019,Toffee,Weekly_Pass,2026-06-29,Success,3.0,116.0,4.0,0
019,Toffee,WC_Premium,2026-06-28,OTP_Failed,3.0,0.0,,1
018,Toffee,Weekly_Pass,2026-06-30,Buffer_Timeout,2.0,13.0,1.0,0
019,Toffee,WC_Premium,2026-06-20,Stuck_at_Number_Screen,6.0,0.0,1.0,1
017,Toffee,Daily_Pass,2026-07-02,OTP_Failed,1.0,6.0,1.0,1
017,Toffee,WC_Premium,2026-07-07,OTP_Failed,0.0,0.0,,0
018,Toffee,Weekly_Pass,2026-06-20,Success,0.0,68.0,,0
018,Toffee,Weekly_Pass,2026-07-10,Success,0.0,92.0,4.0,1
018,Toffee,Daily_Pass,2026-06-29,Success,9.0,94.0,,0
019,Other_Partner,WC_Premium,2026-07-05,Success,6.0,98.0,5.0,0
015,Other_Partner,Daily_Pass,2026-06-20,Success,30.0,77.0,2.0,1
018,Bioscope,Daily_Pass,2026-07-03,Stuck_at_Number_Screen,0.0,13.0,2.0,1
019,Other_Partner,Daily_Pass,2026-06-22,Success,22.0,81.0,1.0,0
017,Other_Partner,Daily_Pass,2026-07-02,Success,1.0,53.0,4.0,0
017,Toffee,Weekly_Pass,2026-06-30,OTP_Failed,2.0,8.0,1.0,1
016,Toffee,Daily_Pass,2026-06-14,OTP_Failed,0.0,3.0,1.0,1
013,Other_Partner,Daily_Pass,2026-06-30,Success,4.0,94.0,4.0,0
013,Bioscope,Daily_Pass,2026-06-19,Buffer_Timeout,3.0,4.0,1.0,0
017,Toffee,Weekly_Pass,2026-06-22,Success,1.0,108.0,,0
018,Bioscope,Weekly_Pass,2026-07-06,OTP_Failed,0.0,4.0,1.0,1
017,Toffee,Daily_Pass,2026-06-29,Buffer_Timeout,1.0,0.0,1.0,0
018,Toffee,Weekly_Pass,2026-06-29,Success,3.0,105.0,5.0,0
017,Toffee,Weekly_Pass,2026-07-07,Stuck_at_Number_Screen,0.0,11.0,1.0,1
017,Toffee,WC_Premium,2026-06-17,OTP_Failed,1.0,9.0,1.0,1
017,Toffee,Daily_Pass,2026-06-29,Success,4.0,75.0,5.0,0
017,Bioscope,WC_Premium,2026-06-25,OTP_Failed,2.0,6.0,1.0,1
019,Toffee,Daily_Pass,2026-06-20,Stuck_at_Number_Screen,1.0,1.0,1.0,1
017,Toffee,WC_Premium,2026-06-14,OTP_Failed,3.0,7.0,1.0,1
017,Toffee,Weekly_Pass,2026-07-04,OTP_Failed,2.0,7.0,2.0,1
018,Bioscope,Daily_Pass,2026-06-15,Success,9.0,87.0,4.0,0
018,Other_Partner,Weekly_Pass,2026-06-14,Success,7.0,102.0,5.0,0
017,Toffee,WC_Premium,2026-07-01,Success,6.0,90.0,3.0,0
017,Toffee,Weekly_Pass,2026-06-19,OTP_Failed,1.0,11.0,,1
015,Toffee,Weekly_Pass,2026-06-29,Buffer_Timeout,1.0,7.0,1.0,0
016,Bioscope,Daily_Pass,2026-06-19,Success,4.0,105.0,5.0,0
013,Toffee,WC_Premium,2026-06-29,Success,1.0,77.0,3.0,0
018,Toffee,WC_Premium,2026-07-04,Success,2.0,90.0,4.0,0
017,Toffee,Daily_Pass,2026-06-24,Success,3.0,86.0,,0
017,Toffee,WC_Premium,2026-06-16,Success,23.0,43.0,1.0,0
018,Other_Partner,Daily_Pass,2026-06-25,Success,9.0,109.0,5.0,0
019,Toffee,WC_Premium,2026-07-01,Success,0.0,80.0,,0
017,Toffee,Weekly_Pass,2026-07-07,Stuck_at_Number_Screen,6.0,8.0,,1
019,Bioscope,Weekly_Pass,2026-06-21,Success,19.0,113.0,5.0,0
017,Bioscope,Daily_Pass,2026-06-22,Buffer_Timeout,2.0,5.0,1.0,1
017,Toffee,WC_Premium,2026-06-25,Success,26.0,99.0,1.0,1
017,Other_Partner,WC_Premium,2026-07-02,Success,6.0,91.0,4.0,0
017,Bioscope,WC_Premium,2026-06-14,Success,3.0,84.0,5.0,0
014,Toffee,Daily_Pass,2026-06-30,Buffer_Timeout,1.0,0.0,2.0,0
018,Toffee,Daily_Pass,2026-07-05,OTP_Failed,0.0,9.0,1.0,1
017,Toffee,Weekly_Pass,2026-07-04,OTP_Failed,5.0,1.0,1.0,1
015,Toffee,WC_Premium,2026-07-06,OTP_Failed,1.0,8.0,1.0,1
019,Toffee,WC_Premium,2026-06-15,Success,10.0,37.0,4.0,0
019,Bioscope,Daily_Pass,2026-06-16,Stuck_at_Number_Screen,1.0,15.0,2.0,1
014,Bioscope,Weekly_Pass,2026-07-05,Buffer_Timeout,1.0,7.0,2.0,1
017,Toffee,WC_Premium,2026-06-22,Success,1.0,104.0,,0
019,Toffee,Daily_Pass,2026-06-30,OTP_Failed,0.0,7.0,1.0,1
016,Toffee,Weekly_Pass,2026-06-12,Success,15.0,90.0,,0
019,Bioscope,Daily_Pass,2026-06-16,Buffer_Timeout,1.0,0.0,2.0,1
019,Bioscope,Weekly_Pass,2026-07-05,Success,8.0,101.0,3.0,0
017,Toffee,WC_Premium,2026-07-02,Success,17.0,100.0,4.0,0
019,Bioscope,WC_Premium,2026-06-17,Success,3.0,95.0,4.0,0
017,Toffee,Weekly_Pass,2026-07-10,Success,6.0,106.0,3.0,0
017,Bioscope,Daily_Pass,2026-07-08,Stuck_at_Number_Screen,3.0,2.0,1.0,1
017,Toffee,Weekly_Pass,2026-06-21,Success,4.0,112.0,4.0,0
014,Toffee,WC_Premium,2026-06-15,OTP_Failed,9.0,7.0,1.0,1
017,Toffee,Weekly_Pass,2026-06-19,Stuck_at_Number_Screen,3.0,8.0,2.0,1
018,Bioscope,Weekly_Pass,2026-07-07,Success,7.0,68.0,5.0,0
013,Bioscope,WC_Premium,2026-06-18,Success,6.0,100.0,4.0,0
015,Other_Partner,WC_Premium,2026-06-19,Buffer_Timeout,0.0,0.0,2.0,0
017,Toffee,WC_Premium,2026-06-11,OTP_Failed,4.0,1.0,1.0,1
019,Toffee,WC_Premium,2026-06-24,Success,2.0,108.0,3.0,1
019,Toffee,Daily_Pass,2026-06-22,Success,44.0,129.0,,1
013,Bioscope,WC_Premium,2026-06-20,Buffer_Timeout,1.0,5.0,2.0,0
013,Bioscope,Weekly_Pass,2026-06-29,Success,14.0,70.0,5.0,0
016,Bioscope,Daily_Pass,2026-07-08,Stuck_at_Number_Screen,4.0,7.0,1.0,1
014,Bioscope,Weekly_Pass,2026-06-23,Success,3.0,117.0,5.0,0
019,Bioscope,Weekly_Pass,2026-06-24,Success,13.0,66.0,3.0,0
017,Other_Partner,Daily_Pass,2026-07-03,Stuck_at_Number_Screen,0.0,12.0,1.0,1
019,Toffee,WC_Premium,2026-06-14,Success,15.0,48.0,4.0,0
013,Bioscope,Daily_Pass,2026-06-27,Success,9.0,135.0,4.0,0
018,Other_Partner,WC_Premium,2026-07-10,Success,3.0,85.0,3.0,0
019,Toffee,Daily_Pass,2026-06-29,OTP_Failed,1.0,8.0,2.0,1
017,Bioscope,Daily_Pass,2026-06-15,Success,19.0,99.0,4.0,0
019,Toffee,Weekly_Pass,2026-06-22,Success,0.0,84.0,5.0,0
018,Toffee,WC_Premium,2026-06-17,Success,4.0,67.0,5.0,0
019,Bioscope,Daily_Pass,2026-06-11,Success,4.0,90.0,4.0,1
017,Toffee,WC_Premium,2026-07-02,Success,9.0,92.0,5.0,0
013,Toffee,WC_Premium,2026-07-01,Buffer_Timeout,2.0,4.0,2.0,0
019,Bioscope,WC_Premium,2026-07-05,Success,5.0,81.0,5.0,0
017,Toffee,Daily_Pass,2026-07-04,OTP_Failed,1.0,0.0,1.0,1
017,Toffee,Weekly_Pass,2026-07-08,Success,8.0,97.0,4.0,0
015,Bioscope,WC_Premium,2026-07-03,Success,25.0,108.0,1.0,0
017,Toffee,Daily_Pass,2026-07-10,Success,21.0,59.0,1.0,0
015,Toffee,Daily_Pass,2026-06-14,Success,12.0,74.0,4.0,0
017,Toffee,Weekly_Pass,2026-06-19,Success,5.0,101.0,5.0,0
013,Toffee,WC_Premium,2026-06-29,OTP_Failed,0.0,6.0,,1
019,Toffee,Weekly_Pass,2026-06-25,Buffer_Timeout,1.0,8.0,1.0,1
016,Bioscope,Weekly_Pass,2026-06-29,Success,12.0,67.0,5.0,0
018,Toffee,Weekly_Pass,2026-07-06,OTP_Failed,1.0,0.0,1.0,1
018,Toffee,WC_Premium,2026-06-30,Success,5.0,98.0,5.0,0
019,Other_Partner,Daily_Pass,2026-06-17,Success,0.0,64.0,3.0,0
017,Bioscope,Daily_Pass,2026-07-10,Success,15.0,149.0,,0
013,Toffee,Daily_Pass,2026-07-07,Success,0.0,90.0,5.0,0
017,Bioscope,Daily_Pass,2026-07-05,Success,11.0,99.0,4.0,0
018,Bioscope,Daily_Pass,2026-07-03,Stuck_at_Number_Screen,2.0,0.0,1.0,1
017,Bioscope,Daily_Pass,2026-07-07,Success,6.0,87.0,,0
017,Bioscope,Weekly_Pass,2026-06-15,Success,25.0,102.0,2.0,0
018,Toffee,Daily_Pass,2026-07-03,OTP_Failed,0.0,11.0,,1
017,Toffee,Weekly_Pass,2026-07-09,Success,16.0,74.0,4.0,0
017,Toffee,WC_Premium,2026-06-27,OTP_Failed,1.0,1.0,2.0,1
016,Bioscope,Daily_Pass,2026-06-17,Success,5.0,90.0,5.0,0
013,Bioscope,Daily_Pass,2026-06-27,Success,18.0,75.0,4.0,0
019,Toffee,Daily_Pass,2026-06-14,Stuck_at_Number_Screen,1.0,0.0,1.0,1
016,Toffee,Weekly_Pass,2026-06-23,Success,18.0,91.0,4.0,0
017,Other_Partner,WC_Premium,2026-06-13,Stuck_at_Number_Screen,0.0,6.0,2.0,1
018,Toffee,WC_Premium,2026-06-28,Success,1.0,146.0,3.0,0
017,Toffee,Weekly_Pass,2026-06-18,Success,5.0,83.0,5.0,0
019,Bioscope,WC_Premium,2026-06-27,Success,7.0,52.0,,0
015,Toffee,WC_Premium,2026-06-15,Success,6.0,95.0,4.0,0
018,Toffee,Daily_Pass,2026-06-11,Success,9.0,86.0,5.0,0
016,Toffee,Daily_Pass,2026-06-17,Success,7.0,85.0,3.0,0
017,Bioscope,Weekly_Pass,2026-06-21,Success,5.0,65.0,4.0,0
013,Toffee,WC_Premium,2026-06-29,Success,10.0,103.0,4.0,0
019,Other_Partner,Daily_Pass,2026-07-09,Stuck_at_Number_Screen,2.0,0.0,1.0,1
017,Toffee,Daily_Pass,2026-07-02,Success,3.0,106.0,4.0,0
017,Bioscope,WC_Premium,2026-06-22,OTP_Failed,2.0,15.0,1.0,1
013,Toffee,Daily_Pass,2026-07-03,Stuck_at_Number_Screen,2.0,2.0,1.0,1
016,Toffee,Weekly_Pass,2026-06-22,Success,0.0,118.0,3.0,0
013,Bioscope,Daily_Pass,2026-07-06,Success,2.0,77.0,,0
014,Toffee,Daily_Pass,2026-07-07,Success,16.0,102.0,4.0,0
017,Bioscope,Weekly_Pass,2026-06-11,Success,20.0,95.0,5.0,0
013,Toffee,Weekly_Pass,2026-06-21,Success,2.0,74.0,,0
016,Toffee,Daily_Pass,2026-06-23,Success,8.0,83.0,4.0,0
017,Bioscope,WC_Premium,2026-06-20,Success,8.0,66.0,3.0,0
016,Bioscope,Daily_Pass,2026-07-03,Success,1.0,64.0,,0
017,Toffee,Weekly_Pass,2026-06-22,Success,7.0,80.0,5.0,1
017,Other_Partner,Daily_Pass,2026-07-08,Success,2.0,116.0,5.0,0
017,Toffee,WC_Premium,2026-07-07,Success,3.0,83.0,4.0,1
014,Toffee,WC_Premium,2026-06-25,OTP_Failed,0.0,4.0,1.0,1
018,Toffee,Daily_Pass,2026-06-25,OTP_Failed,1.0,8.0,1.0,0
019,Toffee,Daily_Pass,2026-06-22,Success,3.0,37.0,4.0,0
017,Toffee,WC_Premium,2026-07-04,OTP_Failed,4.0,4.0,1.0,1
018,Bioscope,Weekly_Pass,2026-06-27,Success,33.0,61.0,,0
018,Toffee,Weekly_Pass,2026-07-06,Success,13.0,130.0,,0
014,Toffee,Daily_Pass,2026-06-26,Success,4.0,67.0,5.0,0
016,Other_Partner,WC_Premium,2026-06-13,Success,15.0,76.0,4.0,1
016,Toffee,WC_Premium,2026-06-26,OTP_Failed,5.0,1.0,,1
017,Toffee,Daily_Pass,2026-06-18,Buffer_Timeout,0.0,7.0,1.0,1
018,Toffee,Weekly_Pass,2026-06-26,OTP_Failed,4.0,1.0,1.0,1
018,Toffee,WC_Premium,2026-07-02,Success,14.0,98.0,,0
014,Toffee,Weekly_Pass,2026-06-28,Success,7.0,100.0,,0
017,Toffee,Weekly_Pass,2026-06-28,Success,5.0,82.0,5.0,0
017,Bioscope,Daily_Pass,2026-07-02,Stuck_at_Number_Screen,1.0,2.0,1.0,1
013,Bioscope,Daily_Pass,2026-06-26,Success,1.0,94.0,5.0,0
017,Bioscope,WC_Premium,2026-06-25,Stuck_at_Number_Screen,2.0,3.0,2.0,1
017,Bioscope,Weekly_Pass,2026-07-03,Success,3.0,117.0,4.0,0
019,Toffee,Weekly_Pass,2026-06-13,OTP_Failed,4.0,4.0,1.0,1
018,Toffee,Daily_Pass,2026-06-17,OTP_Failed,1.0,7.0,1.0,1
019,Bioscope,WC_Premium,2026-06-18,OTP_Failed,1.0,0.0,,0
019,Toffee,WC_Premium,2026-07-10,Success,1.0,90.0,4.0,0
017,Toffee,Weekly_Pass,2026-06-30,OTP_Failed,1.0,5.0,,1
018,Bioscope,WC_Premium,2026-06-28,Stuck_at_Number_Screen,1.0,8.0,1.0,1
017,Toffee,Daily_Pass,2026-06-15,Stuck_at_Number_Screen,2.0,14.0,1.0,1
014,Bioscope,WC_Premium,2026-07-09,Success,5.0,44.0,5.0,0
013,Toffee,Weekly_Pass,2026-07-08,OTP_Failed,4.0,10.0,1.0,1
013,Other_Partner,Daily_Pass,2026-07-10,Buffer_Timeout,9.0,10.0,1.0,1
017,Bioscope,Daily_Pass,2026-06-15,Success,5.0,97.0,3.0,0
018,Toffee,Daily_Pass,2026-07-06,Success,7.0,79.0,4.0,0
017,Bioscope,WC_Premium,2026-06-23,Buffer_Timeout,1.0,0.0,1.0,0
013,Bioscope,WC_Premium,2026-06-19,Success,4.0,69.0,5.0,1
019,Bioscope,Weekly_Pass,2026-06-23,Success,2.0,59.0,4.0,0
019,Toffee,Daily_Pass,2026-06-27,Success,8.0,120.0,4.0,0
017,Toffee,WC_Premium,2026-06-24,Success,4.0,87.0,4.0,0
018,Toffee,Daily_Pass,2026-06-23,Success,6.0,97.0,,0
019,Toffee,Weekly_Pass,2026-06-12,Success,28.0,83.0,2.0,0
017,Other_Partner,WC_Premium,2026-07-09,Success,0.0,76.0,4.0,0
019,Toffee,Daily_Pass,2026-07-09,Buffer_Timeout,0.0,2.0,1.0,0
017,Toffee,Weekly_Pass,2026-07-01,OTP_Failed,0.0,0.0,2.0,1
016,Toffee,Daily_Pass,2026-06-20,Stuck_at_Number_Screen,1.0,3.0,1.0,1
018,Bioscope,Daily_Pass,2026-06-17,Success,1.0,109.0,4.0,0
018,Bioscope,WC_Premium,2026-06-24,Success,22.0,108.0,1.0,0
019,Bioscope,Daily_Pass,2026-06-14,Success,8.0,86.0,5.0,0
017,Bioscope,Weekly_Pass,2026-06-26,OTP_Failed,0.0,4.0,,0
017,Bioscope,Daily_Pass,2026-06-25,Success,2.0,62.0,,0
018,Bioscope,Weekly_Pass,2026-06-18,Success,18.0,107.0,5.0,0
019,Toffee,Daily_Pass,2026-06-17,Success,3.0,99.0,,0
017,Toffee,WC_Premium,2026-06-24,Success,38.0,83.0,2.0,0
019,Bioscope,Daily_Pass,2026-06-14,Success,8.0,94.0,4.0,0
013,Toffee,WC_Premium,2026-06-11,Stuck_at_Number_Screen,3.0,6.0,1.0,1
017,Bioscope,Weekly_Pass,2026-06-23,Success,22.0,111.0,1.0,0
019,Toffee,Weekly_Pass,2026-07-06,OTP_Failed,3.0,7.0,1.0,0
017,Bioscope,WC_Premium,2026-06-21,Success,21.0,89.0,1.0,1
018,Toffee,Daily_Pass,2026-06-16,OTP_Failed,1.0,8.0,1.0,0
017,Toffee,Daily_Pass,2026-06-11,Buffer_Timeout,1.0,7.0,1.0,0
013,Bioscope,Daily_Pass,2026-07-03,Success,2.0,83.0,4.0,0
018,Toffee,Daily_Pass,2026-06-13,Success,1.0,79.0,,0
018,Bioscope,WC_Premium,2026-06-17,Success,5.0,101.0,,0
013,Bioscope,Daily_Pass,2026-06-16,Success,10.0,87.0,4.0,0
013,Other_Partner,WC_Premium,2026-06-20,Success,4.0,84.0,4.0,0
017,Bioscope,Weekly_Pass,2026-06-25,Success,6.0,86.0,3.0,0
018,Toffee,Daily_Pass,2026-06-15,OTP_Failed,1.0,1.0,2.0,1
015,Bioscope,WC_Premium,2026-06-22,Success,1.0,100.0,4.0,0
019,Toffee,WC_Premium,2026-07-03,Success,25.0,77.0,,0
017,Toffee,WC_Premium,2026-06-15,Buffer_Timeout,0.0,6.0,1.0,0
017,Bioscope,Weekly_Pass,2026-06-20,Success,0.0,68.0,3.0,0
014,Bioscope,Daily_Pass,2026-06-12,Success,3.0,85.0,,0
018,Toffee,Daily_Pass,2026-06-19,Success,24.0,112.0,1.0,0
018,Toffee,Weekly_Pass,2026-06-11,Buffer_Timeout,0.0,4.0,1.0,1
019,Bioscope,Daily_Pass,2026-06-20,Buffer_Timeout,9.0,2.0,1.0,0
017,Toffee,WC_Premium,2026-06-16,Success,1.0,117.0,,0
018,Bioscope,WC_Premium,2026-07-06,Success,3.0,94.0,3.0,0
015,Bioscope,Daily_Pass,2026-07-06,Stuck_at_Number_Screen,1.0,0.0,1.0,1
016,Toffee,Weekly_Pass,2026-06-18,Success,21.0,99.0,1.0,0
017,Toffee,WC_Premium,2026-07-05,OTP_Failed,1.0,4.0,1.0,1
017,Toffee,Daily_Pass,2026-07-03,Buffer_Timeout,0.0,8.0,2.0,0
017,Bioscope,Daily_Pass,2026-06-16,Success,2.0,90.0,5.0,0
019,Bioscope,Daily_Pass,2026-06-27,Buffer_Timeout,4.0,7.0,1.0,0
017,Bioscope,Daily_Pass,2026-07-06,Success,15.0,127.0,4.0,0
017,Toffee,Daily_Pass,2026-06-29,Buffer_Timeout,1.0,0.0,1.0,0
014,Bioscope,Daily_Pass,2026-06-26,Success,2.0,77.0,4.0,0
017,Toffee,Daily_Pass,2026-06-23,Success,1.0,92.0,,0
017,Bioscope,Weekly_Pass,2026-06-24,Buffer_Timeout,3.0,0.0,1.0,1
017,Toffee,Daily_Pass,2026-07-07,OTP_Failed,3.0,9.0,1.0,1
017,Bioscope,Daily_Pass,2026-07-05,Stuck_at_Number_Screen,1.0,3.0,,1
013,Bioscope,WC_Premium,2026-07-05,Stuck_at_Number_Screen,2.0,7.0,1.0,0
014,Toffee,Weekly_Pass,2026-06-29,OTP_Failed,3.0,0.0,1.0,0
019,Bioscope,Daily_Pass,2026-06-18,Success,3.0,73.0,,0
018,Toffee,WC_Premium,2026-06-29,OTP_Failed,2.0,7.0,1.0,1
013,Toffee,Daily_Pass,2026-06-24,Success,12.0,59.0,5.0,0
018,Toffee,Daily_Pass,2026-07-08,Success,13.0,93.0,,0
017,Bioscope,WC_Premium,2026-07-02,OTP_Failed,1.0,13.0,1.0,0
017,Bioscope,Daily_Pass,2026-06-29,Buffer_Timeout,2.0,0.0,1.0,0
014,Bioscope,WC_Premium,2026-06-21,Stuck_at_Number_Screen,2.0,1.0,1.0,1
017,Bioscope,WC_Premium,2026-07-02,Success,0.0,66.0,,0
017,Toffee,Daily_Pass,2026-06-30,Stuck_at_Number_Screen,0.0,3.0,1.0,1
018,Toffee,Daily_Pass,2026-06-25,Buffer_Timeout,3.0,6.0,1.0,0
018,Toffee,Daily_Pass,2026-06-26,Success,5.0,71.0,4.0,0
017,Bioscope,Daily_Pass,2026-06-23,Success,19.0,69.0,3.0,1
017,Other_Partner,WC_Premium,2026-06-21,Success,11.0,85.0,5.0,0
013,Toffee,Weekly_Pass,2026-06-21,Success,15.0,73.0,4.0,0
016,Bioscope,Daily_Pass,2026-06-25,Success,1.0,86.0,4.0,0
017,Bioscope,Weekly_Pass,2026-06-16,Success,16.0,66.0,3.0,0
013,Toffee,Daily_Pass,2026-06-19,OTP_Failed,2.0,11.0,,1
018,Bioscope,Daily_Pass,2026-07-09,Success,10.0,79.0,4.0,0
019,Bioscope,Daily_Pass,2026-06-13,Buffer_Timeout,0.0,0.0,,0
017,Toffee,WC_Premium,2026-07-10,Success,0.0,81.0,4.0,0
017,Bioscope,Daily_Pass,2026-07-02,Success,12.0,58.0,4.0,0
018,Toffee,Weekly_Pass,2026-06-29,Success,2.0,94.0,4.0,0
016,Toffee,Daily_Pass,2026-07-07,Buffer_Timeout,1.0,3.0,1.0,0
017,Toffee,Weekly_Pass,2026-06-20,Success,2.0,60.0,5.0,0
013,Bioscope,Daily_Pass,2026-06-20,Success,24.0,79.0,1.0,0
017,Toffee,Daily_Pass,2026-07-01,OTP_Failed,1.0,0.0,1.0,1
017,Bioscope,Weekly_Pass,2026-06-16,Success,10.0,79.0,3.0,0
018,Bioscope,Weekly_Pass,2026-06-24,Stuck_at_Number_Screen,1.0,0.0,1.0,1
017,Toffee,Daily_Pass,2026-07-05,Success,1.0,79.0,5.0,0
019,Bioscope,WC_Premium,2026-06-15,Stuck_at_Number_Screen,1.0,10.0,2.0,1
018,Toffee,Daily_Pass,2026-06-14,OTP_Failed,1.0,4.0,1.0,1
018,Bioscope,WC_Premium,2026-07-07,Success,0.0,92.0,5.0,0
013,Toffee,Weekly_Pass,2026-06-23,Success,2.0,120.0,,0
018,Bioscope,WC_Premium,2026-06-13,Success,11.0,92.0,4.0,0
017,Bioscope,Weekly_Pass,2026-06-23,Stuck_at_Number_Screen,2.0,6.0,1.0,1
019,Bioscope,Daily_Pass,2026-06-17,OTP_Failed,2.0,12.0,,1
015,Toffee,WC_Premium,2026-06-22,OTP_Failed,2.0,0.0,2.0,1
017,Bioscope,WC_Premium,2026-06-21,Success,5.0,56.0,4.0,0
017,Toffee,WC_Premium,2026-07-03,OTP_Failed,1.0,5.0,1.0,0
017,Toffee,Daily_Pass,2026-07-06,Success,13.0,76.0,4.0,0
016,Toffee,Weekly_Pass,2026-06-13,Success,3.0,76.0,5.0,0
016,Toffee,Weekly_Pass,2026-06-28,Success,8.0,89.0,4.0,0
019,Bioscope,Weekly_Pass,2026-06-27,Stuck_at_Number_Screen,1.0,7.0,1.0,0
019,Bioscope,WC_Premium,2026-07-06,Success,1.0,110.0,5.0,0
013,Toffee,Weekly_Pass,2026-07-02,Success,3.0,90.0,,0
018,Bioscope,Weekly_Pass,2026-06-24,Buffer_Timeout,5.0,0.0,1.0,0
016,Toffee,Daily_Pass,2026-07-09,Success,1.0,66.0,4.0,0
018,Bioscope,Daily_Pass,2026-07-07,OTP_Failed,1.0,10.0,2.0,1
018,Bioscope,Daily_Pass,2026-06-21,Buffer_Timeout,4.0,1.0,1.0,1
018,Bioscope,Daily_Pass,2026-07-01,Success,6.0,75.0,4.0,0
018,Toffee,Daily_Pass,2026-06-17,OTP_Failed,1.0,3.0,1.0,1
018,Bioscope,Daily_Pass,2026-06-29,Success,7.0,83.0,5.0,0
018,Toffee,Weekly_Pass,2026-06-14,Success,18.0,81.0,5.0,0
016,Bioscope,Weekly_Pass,2026-06-21,Stuck_at_Number_Screen,1.0,2.0,1.0,1
018,Bioscope,WC_Premium,2026-06-21,Buffer_Timeout,5.0,7.0,1.0,0
018,Bioscope,Weekly_Pass,2026-06-11,Success,3.0,86.0,5.0,0
016,Toffee,Weekly_Pass,2026-06-13,Success,2.0,124.0,4.0,0
013,Bioscope,Daily_Pass,2026-07-07,Success,2.0,81.0,5.0,0
017,Bioscope,WC_Premium,2026-07-08,Buffer_Timeout,6.0,13.0,,0
017,Bioscope,Daily_Pass,2026-06-28,Buffer_Timeout,3.0,0.0,,0
018,Bioscope,WC_Premium,2026-06-16,Success,5.0,106.0,,0
018,Other_Partner,Weekly_Pass,2026-07-03,OTP_Failed,15.0,7.0,1.0,1
015,Bioscope,Daily_Pass,2026-06-12,OTP_Failed,1.0,0.0,2.0,1
013,Toffee,Daily_Pass,2026-06-26,Success,5.0,122.0,,0
013,Bioscope,Daily_Pass,2026-07-03,Success,3.0,85.0,,0
017,Toffee,Daily_Pass,2026-06-13,Success,6.0,91.0,4.0,0
017,Bioscope,Daily_Pass,2026-06-16,Buffer_Timeout,1.0,0.0,,0
019,Bioscope,Weekly_Pass,2026-07-04,Success,4.0,65.0,5.0,0
017,Toffee,Daily_Pass,2026-06-25,Stuck_at_Number_Screen,3.0,0.0,,0
018,Bioscope,Weekly_Pass,2026-06-28,Buffer_Timeout,4.0,0.0,2.0,0
016,Bioscope,WC_Premium,2026-06-19,Success,13.0,72.0,5.0,0
018,Bioscope,Weekly_Pass,2026-06-24,Stuck_at_Number_Screen,4.0,8.0,1.0,1
019,Toffee,Daily_Pass,2026-06-18,Success,10.0,106.0,4.0,0
013,Toffee,Daily_Pass,2026-06-11,Buffer_Timeout,0.0,3.0,1.0,1
017,Other_Partner,Daily_Pass,2026-07-06,OTP_Failed,3.0,0.0,1.0,1
019,Toffee,WC_Premium,2026-06-27,OTP_Failed,0.0,12.0,1.0,1
019,Bioscope,Weekly_Pass,2026-06-21,Buffer_Timeout,1.0,9.0,1.0,0
017,Toffee,Weekly_Pass,2026-07-06,Success,13.0,136.0,5.0,0
017,Toffee,Daily_Pass,2026-06-14,Success,30.0,72.0,1.0,0
017,Bioscope,Daily_Pass,2026-06-18,Stuck_at_Number_Screen,0.0,6.0,2.0,1
017,Toffee,WC_Premium,2026-07-04,Success,3.0,77.0,4.0,0
015,Other_Partner,Weekly_Pass,2026-07-03,Buffer_Timeout,0.0,0.0,1.0,0
018,Bioscope,WC_Premium,2026-06-24,Stuck_at_Number_Screen,3.0,7.0,1.0,1
013,Bioscope,WC_Premium,2026-06-17,Success,14.0,142.0,4.0,0
019,Toffee,WC_Premium,2026-07-07,Success,21.0,96.0,2.0,0
018,Other_Partner,Daily_Pass,2026-06-21,Success,2.0,93.0,5.0,0
017,Toffee,Daily_Pass,2026-06-29,Success,3.0,98.0,5.0,0
014,Bioscope,Daily_Pass,2026-06-12,Success,2.0,75.0,5.0,0
019,Toffee,WC_Premium,2026-06-14,Stuck_at_Number_Screen,4.0,2.0,2.0,1
019,Toffee,Daily_Pass,2026-06-22,Success,2.0,102.0,3.0,0
018,Bioscope,WC_Premium,2026-06-30,Success,2.0,65.0,5.0,0
019,Bioscope,WC_Premium,2026-07-03,Success,8.0,14.0,4.0,0
017,Toffee,WC_Premium,2026-07-06,Success,1.0,81.0,3.0,0
018,Toffee,Weekly_Pass,2026-06-27,Buffer_Timeout,0.0,9.0,2.0,0
015,Bioscope,Daily_Pass,2026-06-21,Success,19.0,62.0,5.0,0
017,Toffee,Daily_Pass,2026-06-29,Success,1.0,85.0,,0
019,Toffee,Weekly_Pass,2026-07-05,OTP_Failed,2.0,0.0,1.0,1
018,Toffee,WC_Premium,2026-07-10,Success,7.0,79.0,4.0,0
017,Toffee,WC_Premium,2026-06-28,Success,32.0,86.0,1.0,1
019,Toffee,Daily_Pass,2026-06-30,Buffer_Timeout,0.0,7.0,2.0,0
017,Toffee,Daily_Pass,2026-06-28,OTP_Failed,4.0,9.0,2.0,1
018,Bioscope,Weekly_Pass,2026-07-10,Success,4.0,87.0,5.0,0
017,Toffee,Weekly_Pass,2026-07-03,Stuck_at_Number_Screen,1.0,0.0,1.0,1
014,Bioscope,Daily_Pass,2026-06-11,Success,12.0,94.0,3.0,0
017,Other_Partner,Daily_Pass,2026-07-01,Success,22.0,62.0,1.0,0
017,Other_Partner,WC_Premium,2026-06-23,Stuck_at_Number_Screen,3.0,10.0,1.0,1
017,Bioscope,WC_Premium,2026-07-05,Buffer_Timeout,1.0,0.0,1.0,0
014,Toffee,Weekly_Pass,2026-06-19,Success,6.0,86.0,4.0,0
016,Toffee,Weekly_Pass,2026-06-30,Success,4.0,68.0,5.0,0
016,Bioscope,Daily_Pass,2026-06-13,Success,1.0,96.0,5.0,0
018,Toffee,WC_Premium,2026-06-25,Buffer_Timeout,5.0,8.0,1.0,1
018,Toffee,Daily_Pass,2026-07-10,OTP_Failed,1.0,6.0,2.0,1
017,Bioscope,Daily_Pass,2026-06-14,OTP_Failed,0.0,2.0,1.0,1
018,Toffee,Daily_Pass,2026-06-21,Success,4.0,110.0,5.0,0
017,Bioscope,Daily_Pass,2026-06-14,OTP_Failed,4.0,0.0,1.0,0
015,Bioscope,WC_Premium,2026-06-20,Buffer_Timeout,4.0,4.0,2.0,0
019,Bioscope,WC_Premium,2026-06-21,Success,2.0,104.0,,0
013,Bioscope,Weekly_Pass,2026-07-08,Success,2.0,57.0,4.0,0
017,Toffee,WC_Premium,2026-06-17,Success,16.0,84.0,4.0,0
019,Bioscope,Daily_Pass,2026-06-27,Success,11.0,83.0,,0
017,Toffee,Weekly_Pass,2026-07-04,Success,7.0,93.0,4.0,0
017,Bioscope,WC_Premium,2026-07-08,Success,4.0,99.0,,0
017,Toffee,Weekly_Pass,2026-07-10,Success,5.0,117.0,4.0,0
018,Bioscope,Daily_Pass,2026-06-26,Stuck_at_Number_Screen,0.0,3.0,1.0,1
019,Other_Partner,WC_Premium,2026-07-02,Success,4.0,74.0,5.0,0
017,Toffee,Daily_Pass,2026-06-12,Buffer_Timeout,5.0,6.0,1.0,0
017,Toffee,Daily_Pass,2026-06-26,OTP_Failed,3.0,2.0,1.0,1
018,Toffee,Weekly_Pass,2026-06-24,Success,10.0,91.0,4.0,1
016,Toffee,Daily_Pass,2026-07-10,Success,13.0,61.0,5.0,0
017,Toffee,Weekly_Pass,2026-07-03,OTP_Failed,0.0,4.0,1.0,1
017,Bioscope,Weekly_Pass,2026-07-05,Success,10.0,54.0,,0
014,Toffee,Daily_Pass,2026-07-03,Buffer_Timeout,2.0,2.0,2.0,0
015,Toffee,WC_Premium,2026-06-29,Success,13.0,88.0,5.0,0
015,Bioscope,WC_Premium,2026-06-11,Success,5.0,88.0,5.0,0
019,Toffee,Daily_Pass,2026-07-08,Success,62.0,80.0,1.0,1
017,Toffee,WC_Premium,2026-06-20,OTP_Failed,0.0,8.0,1.0,1
017,Bioscope,Daily_Pass,2026-06-14,Stuck_at_Number_Screen,7.0,2.0,1.0,1
017,Bioscope,WC_Premium,2026-06-18,Success,4.0,74.0,,0
017,Toffee,WC_Premium,2026-06-14,OTP_Failed,0.0,3.0,2.0,0
015,Toffee,Daily_Pass,2026-07-09,Success,23.0,90.0,,0
019,Toffee,Weekly_Pass,2026-06-20,OTP_Failed,1.0,0.0,1.0,1
016,Toffee,WC_Premium,2026-07-02,Success,0.0,115.0,5.0,0
017,Toffee,Daily_Pass,2026-06-27,OTP_Failed,1.0,10.0,1.0,1
014,Bioscope,Daily_Pass,2026-06-23,Success,3.0,115.0,3.0,0
019,Bioscope,Daily_Pass,2026-06-26,Success,46.0,88.0,2.0,1
017,Toffee,Daily_Pass,2026-06-24,OTP_Failed,2.0,9.0,1.0,1
019,Bioscope,Daily_Pass,2026-06-16,Success,4.0,89.0,4.0,0
017,Toffee,Daily_Pass,2026-06-11,OTP_Failed,2.0,10.0,,0
017,Bioscope,Daily_Pass,2026-06-27,Success,4.0,83.0,,0
016,Bioscope,Daily_Pass,2026-06-21,Stuck_at_Number_Screen,4.0,4.0,2.0,1
016,Bioscope,Weekly_Pass,2026-06-29,Success,1.0,83.0,,0
017,Toffee,WC_Premium,2026-07-06,Buffer_Timeout,2.0,7.0,,0
017,Toffee,WC_Premium,2026-07-10,Buffer_Timeout,6.0,15.0,,0
015,Bioscope,Daily_Pass,2026-07-06,Stuck_at_Number_Screen,4.0,5.0,2.0,1
016,Toffee,WC_Premium,2026-06-14,Buffer_Timeout,2.0,13.0,1.0,1
016,Toffee,WC_Premium,2026-06-12,Buffer_Timeout,3.0,7.0,1.0,0
017,Toffee,WC_Premium,2026-06-16,Success,1.0,101.0,,0
017,Bioscope,WC_Premium,2026-07-06,Buffer_Timeout,0.0,2.0,1.0,1
017,Toffee,WC_Premium,2026-06-25,Success,11.0,80.0,3.0,0
017,Other_Partner,Daily_Pass,2026-07-10,Success,7.0,93.0,4.0,0
017,Toffee,Daily_Pass,2026-07-07,Buffer_Timeout,0.0,3.0,2.0,0
017,Toffee,Weekly_Pass,2026-06-15,Success,2.0,106.0,4.0,1
018,Bioscope,Daily_Pass,2026-06-18,Success,9.0,64.0,5.0,0
017,Toffee,WC_Premium,2026-06-21,Buffer_Timeout,3.0,12.0,1.0,0
019,Toffee,Daily_Pass,2026-06-28,Success,29.0,101.0,1.0,0
017,Toffee,WC_Premium,2026-06-17,Success,2.0,64.0,,0
018,Toffee,WC_Premium,2026-07-10,OTP_Failed,1.0,9.0,2.0,1
017,Bioscope,Weekly_Pass,2026-06-30,Stuck_at_Number_Screen,0.0,9.0,,0
018,Toffee,Daily_Pass,2026-06-26,Stuck_at_Number_Screen,4.0,11.0,1.0,1
017,Other_Partner,Daily_Pass,2026-06-25,Stuck_at_Number_Screen,6.0,6.0,1.0,1
015,Bioscope,Weekly_Pass,2026-06-14,Success,3.0,78.0,3.0,0
019,Toffee,WC_Premium,2026-06-14,Success,17.0,61.0,,0
018,Toffee,WC_Premium,2026-07-07,OTP_Failed,4.0,7.0,1.0,1
017,Toffee,Daily_Pass,2026-06-14,OTP_Failed,0.0,0.0,2.0,1
018,Toffee,Daily_Pass,2026-06-12,Success,3.0,65.0,5.0,0
019,Bioscope,Daily_Pass,2026-06-29,Success,8.0,103.0,5.0,0
017,Toffee,Daily_Pass,2026-06-18,Success,35.0,73.0,1.0,1
018,Other_Partner,WC_Premium,2026-06-24,Stuck_at_Number_Screen,2.0,0.0,2.0,1
019,Toffee,Daily_Pass,2026-06-26,Buffer_Timeout,0.0,4.0,,0
019,Toffee,Weekly_Pass,2026-07-06,Success,5.0,93.0,4.0,0
019,Toffee,Weekly_Pass,2026-07-01,Success,2.0,70.0,5.0,0
019,Toffee,Daily_Pass,2026-06-20,Success,10.0,112.0,3.0,0
014,Bioscope,Weekly_Pass,2026-07-01,Buffer_Timeout,1.0,5.0,,0
013,Bioscope,Weekly_Pass,2026-07-01,Buffer_Timeout,0.0,9.0,1.0,0
018,Toffee,Daily_Pass,2026-07-03,OTP_Failed,3.0,0.0,1.0,1
019,Bioscope,Weekly_Pass,2026-07-05,Success,4.0,84.0,,0
016,Bioscope,Daily_Pass,2026-06-27,Success,1.0,94.0,3.0,0
015,Bioscope,Weekly_Pass,2026-06-28,Success,9.0,90.0,,0
017,Bioscope,WC_Premium,2026-07-04,Buffer_Timeout,1.0,4.0,1.0,0
013,Bioscope,WC_Premium,2026-06-18,Success,0.0,95.0,5.0,0
017,Bioscope,Weekly_Pass,2026-07-09,Stuck_at_Number_Screen,5.0,1.0,1.0,0
017,Toffee,WC_Premium,2026-06-21,Success,14.0,108.0,,0
017,Toffee,WC_Premium,2026-07-07,Success,0.0,88.0,4.0,0
016,Bioscope,Daily_Pass,2026-06-14,Stuck_at_Number_Screen,1.0,10.0,1.0,1
017,Bioscope,WC_Premium,2026-07-08,OTP_Failed,1.0,4.0,1.0,1
016,Bioscope,Weekly_Pass,2026-06-29,Stuck_at_Number_Screen,2.0,11.0,1.0,1
016,Other_Partner,WC_Premium,2026-06-27,Stuck_at_Number_Screen,1.0,10.0,2.0,1
017,Toffee,Daily_Pass,2026-07-09,Success,3.0,111.0,5.0,0
017,Bioscope,WC_Premium,2026-06-12,Success,5.0,77.0,4.0,0
018,Bioscope,Weekly_Pass,2026-06-13,Stuck_at_Number_Screen,1.0,1.0,1.0,1
019,Bioscope,Daily_Pass,2026-06-29,Success,25.0,86.0,,0
019,Bioscope,Weekly_Pass,2026-06-27,Success,28.0,93.0,,0
019,Toffee,Daily_Pass,2026-06-30,Buffer_Timeout,0.0,0.0,,1
015,Toffee,Daily_Pass,2026-06-26,Stuck_at_Number_Screen,2.0,7.0,1.0,1
018,Other_Partner,Daily_Pass,2026-06-15,Stuck_at_Number_Screen,7.0,13.0,1.0,1
014,Toffee,Daily_Pass,2026-06-12,Success,4.0,75.0,4.0,0
019,Toffee,Weekly_Pass,2026-07-04,Stuck_at_Number_Screen,1.0,3.0,1.0,1
019,Toffee,Daily_Pass,2026-06-17,Buffer_Timeout,5.0,5.0,1.0,0
017,Toffee,Daily_Pass,2026-06-17,OTP_Failed,3.0,8.0,1.0,1
015,Bioscope,Weekly_Pass,2026-06-19,Success,4.0,73.0,4.0,0
018,Bioscope,Daily_Pass,2026-06-24,Success,0.0,114.0,4.0,0
019,Other_Partner,Daily_Pass,2026-06-26,OTP_Failed,3.0,10.0,1.0,1
017,Toffee,Daily_Pass,2026-06-22,Stuck_at_Number_Screen,3.0,3.0,1.0,1
013,Bioscope,Weekly_Pass,2026-07-04,Success,9.0,77.0,4.0,0
017,Bioscope,Daily_Pass,2026-06-28,Success,8.0,77.0,5.0,0
017,Other_Partner,Daily_Pass,2026-06-18,OTP_Failed,1.0,8.0,2.0,1
017,Other_Partner,Weekly_Pass,2026-06-25,Success,17.0,73.0,4.0,0
019,Bioscope,Daily_Pass,2026-07-06,Success,2.0,65.0,,0
017,Toffee,Weekly_Pass,2026-06-27,Success,18.0,77.0,4.0,0
017,Toffee,Daily_Pass,2026-07-06,OTP_Failed,1.0,4.0,2.0,1
017,Bioscope,WC_Premium,2026-06-22,Success,3.0,112.0,3.0,0
018,Bioscope,WC_Premium,2026-06-21,Success,1.0,80.0,3.0,0
017,Bioscope,WC_Premium,2026-06-22,Success,21.0,88.0,1.0,0
017,Toffee,Weekly_Pass,2026-07-05,Success,5.0,103.0,4.0,0
018,Bioscope,Weekly_Pass,2026-06-20,Stuck_at_Number_Screen,1.0,8.0,,1
016,Toffee,WC_Premium,2026-06-13,OTP_Failed,3.0,6.0,,1
017,Toffee,Daily_Pass,2026-06-17,OTP_Failed,0.0,1.0,,1
017,Toffee,Weekly_Pass,2026-06-15,Buffer_Timeout,4.0,8.0,2.0,1
017,Other_Partner,Daily_Pass,2026-06-30,Success,13.0,86.0,3.0,0
015,Toffee,Weekly_Pass,2026-06-16,Success,1.0,68.0,,0
013,Bioscope,Daily_Pass,2026-06-18,Success,3.0,68.0,5.0,0
018,Toffee,WC_Premium,2026-06-15,OTP_Failed,1.0,2.0,1.0,1
017,Bioscope,WC_Premium,2026-07-10,Success,5.0,88.0,5.0,0
018,Bioscope,Daily_Pass,2026-07-05,Success,1.0,92.0,5.0,0
017,Other_Partner,WC_Premium,2026-06-19,Success,8.0,85.0,3.0,0
017,Toffee,Daily_Pass,2026-07-04,Stuck_at_Number_Screen,1.0,2.0,2.0,1
018,Toffee,Daily_Pass,2026-06-23,OTP_Failed,4.0,3.0,1.0,0
013,Bioscope,Weekly_Pass,2026-06-24,Success,1.0,112.0,4.0,0
017,Toffee,Daily_Pass,2026-06-21,Buffer_Timeout,1.0,10.0,1.0,0
016,Toffee,Weekly_Pass,2026-06-28,Stuck_at_Number_Screen,3.0,3.0,2.0,1
015,Bioscope,Daily_Pass,2026-06-24,Success,2.0,87.0,5.0,0
013,Bioscope,Weekly_Pass,2026-07-01,Success,3.0,77.0,5.0,0
018,Toffee,Weekly_Pass,2026-07-04,Success,4.0,107.0,3.0,0
015,Toffee,WC_Premium,2026-06-16,Stuck_at_Number_Screen,1.0,0.0,1.0,1
019,Bioscope,WC_Premium,2026-06-13,Success,2.0,79.0,5.0,0
018,Bioscope,Daily_Pass,2026-06-20,Success,6.0,110.0,5.0,0
016,Toffee,Daily_Pass,2026-07-01,OTP_Failed,1.0,1.0,2.0,1
017,Toffee,WC_Premium,2026-07-09,Buffer_Timeout,2.0,12.0,1.0,0
018,Bioscope,WC_Premium,2026-06-19,Buffer_Timeout,0.0,7.0,1.0,0
017,Toffee,Weekly_Pass,2026-06-19,Success,4.0,74.0,5.0,0
017,Bioscope,Weekly_Pass,2026-07-08,OTP_Failed,0.0,0.0,1.0,1
013,Bioscope,Daily_Pass,2026-07-10,Buffer_Timeout,5.0,4.0,1.0,0
017,Toffee,Weekly_Pass,2026-06-28,OTP_Failed,1.0,13.0,1.0,1
016,Other_Partner,WC_Premium,2026-06-12,Stuck_at_Number_Screen,5.0,15.0,1.0,1
018,Toffee,Daily_Pass,2026-06-28,Stuck_at_Number_Screen,2.0,3.0,2.0,1
018,Toffee,WC_Premium,2026-06-24,Stuck_at_Number_Screen,5.0,6.0,1.0,1
017,Bioscope,Daily_Pass,2026-06-13,Success,12.0,84.0,4.0,0
017,Bioscope,Weekly_Pass,2026-06-15,Success,7.0,137.0,,0
018,Toffee,Daily_Pass,2026-07-08,Success,4.0,114.0,,1
015,Toffee,Weekly_Pass,2026-06-20,OTP_Failed,3.0,13.0,1.0,1
017,Toffee,Daily_Pass,2026-06-24,Success,7.0,114.0,5.0,0
017,Toffee,Daily_Pass,2026-07-03,Success,30.0,108.0,,0
019,Bioscope,WC_Premium,2026-06-22,Success,15.0,102.0,,0
017,Bioscope,Weekly_Pass,2026-06-29,Buffer_Timeout,2.0,6.0,,0
019,Toffee,Weekly_Pass,2026-06-27,Success,2.0,69.0,,0
018,Toffee,Weekly_Pass,2026-06-14,Success,2.0,105.0,4.0,0
013,Toffee,Daily_Pass,2026-06-17,Success,3.0,89.0,,1
017,Toffee,Daily_Pass,2026-06-23,Success,6.0,83.0,5.0,0
017,Toffee,Daily_Pass,2026-06-13,Buffer_Timeout,2.0,9.0,1.0,0
017,Toffee,Weekly_Pass,2026-07-04,Buffer_Timeout,7.0,6.0,,0
019,Toffee,WC_Premium,2026-07-07,Success,4.0,113.0,4.0,0
016,Bioscope,Daily_Pass,2026-06-30,OTP_Failed,0.0,9.0,,1
016,Bioscope,Weekly_Pass,2026-06-20,Stuck_at_Number_Screen,2.0,11.0,1.0,1
019,Toffee,Daily_Pass,2026-06-21,Success,17.0,94.0,,0
017,Other_Partner,Daily_Pass,2026-06-24,Success,8.0,56.0,4.0,0
018,Bioscope,Weekly_Pass,2026-07-05,OTP_Failed,2.0,13.0,,1
018,Other_Partner,Daily_Pass,2026-06-29,Stuck_at_Number_Screen,1.0,10.0,1.0,1
019,Bioscope,Weekly_Pass,2026-07-10,Stuck_at_Number_Screen,3.0,12.0,1.0,0
017,Bioscope,Daily_Pass,2026-07-01,Success,4.0,72.0,5.0,0
018,Bioscope,WC_Premium,2026-06-19,Buffer_Timeout,2.0,5.0,1.0,0
019,Toffee,Weekly_Pass,2026-07-08,OTP_Failed,1.0,2.0,1.0,1
013,Bioscope,Daily_Pass,2026-07-06,Stuck_at_Number_Screen,1.0,9.0,1.0,1
017,Bioscope,Daily_Pass,2026-07-05,Success,13.0,84.0,5.0,0
018,Bioscope,Daily_Pass,2026-07-10,Success,17.0,114.0,5.0,0
017,Bioscope,Daily_Pass,2026-06-17,Success,2.0,102.0,4.0,0
016,Toffee,Weekly_Pass,2026-06-22,Buffer_Timeout,2.0,8.0,2.0,1
015,Bioscope,WC_Premium,2026-07-05,Success,6.0,106.0,4.0,0
018,Toffee,Daily_Pass,2026-06-18,OTP_Failed,1.0,7.0,,1
018,Bioscope,Weekly_Pass,2026-06-20,Success,18.0,52.0,5.0,0
016,Bioscope,Daily_Pass,2026-07-10,Success,1.0,56.0,,0
017,Bioscope,Weekly_Pass,2026-06-23,Success,9.0,104.0,4.0,0
017,Bioscope,Daily_Pass,2026-07-04,Success,1.0,66.0,3.0,0
014,Toffee,WC_Premium,2026-07-10,Success,10.0,118.0,5.0,0
016,Other_Partner,WC_Premium,2026-06-13,Success,10.0,103.0,,0
017,Toffee,WC_Premium,2026-06-13,Success,18.0,82.0,4.0,0
017,Bioscope,Daily_Pass,2026-06-20,Success,1.0,39.0,4.0,0
016,Toffee,Weekly_Pass,2026-06-12,OTP_Failed,1.0,6.0,2.0,1
019,Toffee,WC_Premium,2026-06-11,Success,17.0,65.0,4.0,0
019,Bioscope,WC_Premium,2026-07-07,Success,3.0,86.0,,0
017,Bioscope,Daily_Pass,2026-06-13,OTP_Failed,0.0,4.0,2.0,1
014,Toffee,WC_Premium,2026-06-24,Success,43.0,92.0,1.0,1
018,Bioscope,WC_Premium,2026-07-06,Buffer_Timeout,2.0,7.0,1.0,0
016,Bioscope,Daily_Pass,2026-07-10,Success,5.0,81.0,5.0,0
018,Toffee,Weekly_Pass,2026-06-24,Buffer_Timeout,5.0,5.0,2.0,0
017,Bioscope,Daily_Pass,2026-06-14,Success,19.0,86.0,4.0,0
015,Toffee,WC_Premium,2026-06-30,Success,4.0,118.0,4.0,0
017,Bioscope,Weekly_Pass,2026-06-15,Success,12.0,128.0,4.0,0
017,Toffee,Daily_Pass,2026-07-06,Success,6.0,97.0,,0
019,Bioscope,Daily_Pass,2026-06-18,Success,8.0,102.0,4.0,0
018,Toffee,Daily_Pass,2026-07-10,Success,9.0,99.0,3.0,0
019,Toffee,Daily_Pass,2026-06-25,Success,4.0,70.0,4.0,0
018,Bioscope,Daily_Pass,2026-06-24,Buffer_Timeout,3.0,7.0,2.0,1
013,Bioscope,Weekly_Pass,2026-06-17,Success,0.0,99.0,,1
014,Other_Partner,WC_Premium,2026-07-02,Success,1.0,111.0,4.0,0
017,Bioscope,Weekly_Pass,2026-06-15,Success,1.0,107.0,,0
019,Bioscope,Weekly_Pass,2026-07-10,OTP_Failed,5.0,9.0,1.0,1
017,Toffee,Daily_Pass,2026-07-06,Success,12.0,103.0,5.0,0
019,Toffee,Daily_Pass,2026-07-06,Success,6.0,108.0,5.0,0
017,Toffee,WC_Premium,2026-07-06,Success,1.0,71.0,4.0,0
018,Toffee,Daily_Pass,2026-07-07,Buffer_Timeout,0.0,6.0,1.0,1
019,Bioscope,Daily_Pass,2026-07-10,Stuck_at_Number_Screen,1.0,9.0,1.0,1
018,Toffee,Daily_Pass,2026-06-26,Success,2.0,102.0,4.0,0
016,Toffee,Weekly_Pass,2026-07-02,Success,7.0,117.0,5.0,0
019,Toffee,WC_Premium,2026-06-24,OTP_Failed,1.0,6.0,,0
016,Toffee,Weekly_Pass,2026-06-21,Success,5.0,51.0,5.0,0
014,Toffee,Daily_Pass,2026-06-23,Success,0.0,81.0,3.0,0
013,Bioscope,WC_Premium,2026-07-05,Success,1.0,100.0,4.0,1
017,Toffee,Daily_Pass,2026-07-04,Success,11.0,84.0,4.0,0
017,Bioscope,Weekly_Pass,2026-07-04,Success,0.0,113.0,4.0,0
017,Bioscope,Daily_Pass,2026-07-02,Stuck_at_Number_Screen,3.0,6.0,2.0,1
017,Bioscope,WC_Premium,2026-06-24,OTP_Failed,3.0,0.0,,0
018,Bioscope,WC_Premium,2026-06-11,Success,1.0,115.0,4.0,0
017,Bioscope,Weekly_Pass,2026-06-27,OTP_Failed,2.0,9.0,1.0,1
017,Toffee,Weekly_Pass,2026-07-01,Success,8.0,106.0,5.0,0
017,Toffee,Weekly_Pass,2026-06-18,Success,6.0,87.0,4.0,0
019,Other_Partner,Daily_Pass,2026-06-26,OTP_Failed,0.0,11.0,2.0,1
018,Toffee,WC_Premium,2026-07-01,Stuck_at_Number_Screen,4.0,6.0,,1
013,Toffee,Weekly_Pass,2026-06-17,OTP_Failed,1.0,5.0,1.0,1
019,Toffee,Weekly_Pass,2026-06-28,OTP_Failed,1.0,3.0,1.0,1
017,Bioscope,Daily_Pass,2026-06-23,Success,9.0,80.0,,0
015,Toffee,Daily_Pass,2026-07-07,Success,37.0,96.0,1.0,1
018,Bioscope,Weekly_Pass,2026-06-17,OTP_Failed,2.0,2.0,2.0,1
017,Bioscope,Weekly_Pass,2026-07-01,Success,14.0,94.0,4.0,0
016,Toffee,Daily_Pass,2026-07-08,OTP_Failed,3.0,0.0,2.0,1
019,Toffee,Daily_Pass,2026-07-10,Success,11.0,73.0,5.0,0
013,Bioscope,Weekly_Pass,2026-06-20,OTP_Failed,2.0,1.0,,0
019,Toffee,Daily_Pass,2026-06-13,OTP_Failed,2.0,5.0,1.0,1
017,Toffee,Weekly_Pass,2026-06-11,Stuck_at_Number_Screen,2.0,6.0,1.0,0
017,Toffee,Weekly_Pass,2026-07-08,Stuck_at_Number_Screen,0.0,4.0,1.0,1
017,Bioscope,Daily_Pass,2026-07-09,Success,14.0,118.0,5.0,0
017,Bioscope,WC_Premium,2026-06-22,Success,1.0,93.0,,0
017,Toffee,Daily_Pass,2026-07-05,Stuck_at_Number_Screen,2.0,7.0,1.0,1
014,Bioscope,WC_Premium,2026-06-20,Success,8.0,62.0,5.0,1
017,Bioscope,WC_Premium,2026-06-17,Success,6.0,84.0,5.0,0
013,Toffee,Weekly_Pass,2026-07-04,Success,6.0,88.0,,0
018,Toffee,WC_Premium,2026-07-06,OTP_Failed,4.0,0.0,2.0,1
019,Bioscope,WC_Premium,2026-06-20,Success,4.0,80.0,,0
015,Bioscope,WC_Premium,2026-06-14,Stuck_at_Number_Screen,2.0,7.0,1.0,1
019,Bioscope,Weekly_Pass,2026-06-29,Success,3.0,80.0,,0
015,Toffee,Weekly_Pass,2026-07-01,Success,1.0,86.0,3.0,0
019,Bioscope,Weekly_Pass,2026-06-27,Success,2.0,67.0,5.0,0
015,Bioscope,Daily_Pass,2026-06-16,Success,19.0,76.0,4.0,0
016,Toffee,WC_Premium,2026-07-08,Buffer_Timeout,5.0,3.0,1.0,0
017,Bioscope,Weekly_Pass,2026-06-11,Success,7.0,84.0,5.0,0
013,Toffee,Weekly_Pass,2026-07-08,Success,5.0,69.0,4.0,0
018,Toffee,WC_Premium,2026-07-04,Success,9.0,97.0,4.0,0
013,Toffee,WC_Premium,2026-07-01,OTP_Failed,6.0,3.0,2.0,1
017,Bioscope,Daily_Pass,2026-06-26,Buffer_Timeout,1.0,0.0,1.0,0
018,Bioscope,WC_Premium,2026-06-26,Success,1.0,52.0,3.0,0
014,Bioscope,Weekly_Pass,2026-06-22,Stuck_at_Number_Screen,8.0,4.0,2.0,1
017,Other_Partner,Weekly_Pass,2026-07-06,Success,0.0,53.0,5.0,0
019,Toffee,WC_Premium,2026-06-22,Success,52.0,140.0,2.0,1
016,Bioscope,WC_Premium,2026-06-17,Success,14.0,138.0,4.0,0
015,Bioscope,Weekly_Pass,2026-06-30,Buffer_Timeout,3.0,7.0,,0
014,Other_Partner,Daily_Pass,2026-06-15,Stuck_at_Number_Screen,0.0,5.0,1.0,1
019,Toffee,Weekly_Pass,2026-06-26,Success,3.0,88.0,5.0,0
018,Other_Partner,Weekly_Pass,2026-06-12,Buffer_Timeout,3.0,11.0,2.0,0
017,Toffee,Daily_Pass,2026-06-26,Success,2.0,76.0,5.0,0
018,Bioscope,Weekly_Pass,2026-07-03,Success,9.0,109.0,5.0,0
019,Bioscope,Daily_Pass,2026-06-23,OTP_Failed,0.0,3.0,,0
019,Bioscope,Weekly_Pass,2026-06-19,Buffer_Timeout,1.0,4.0,2.0,0
019,Toffee,WC_Premium,2026-06-17,Success,1.0,108.0,4.0,0
017,Toffee,Daily_Pass,2026-06-14,Stuck_at_Number_Screen,2.0,6.0,2.0,1
018,Toffee,WC_Premium,2026-07-09,Buffer_Timeout,0.0,6.0,1.0,1
017,Bioscope,Daily_Pass,2026-06-18,Success,4.0,89.0,4.0,0
017,Bioscope,Weekly_Pass,2026-06-21,Success,0.0,116.0,3.0,0
017,Other_Partner,Weekly_Pass,2026-06-21,Success,1.0,126.0,,0
017,Toffee,WC_Premium,2026-06-25,OTP_Failed,0.0,6.0,,1
019,Toffee,WC_Premium,2026-06-24,OTP_Failed,2.0,12.0,1.0,1
017,Toffee,Weekly_Pass,2026-07-02,Success,11.0,96.0,,1
017,Toffee,Daily_Pass,2026-06-16,Success,7.0,83.0,5.0,0
015,Bioscope,Weekly_Pass,2026-06-29,Success,10.0,80.0,5.0,0
013,Bioscope,Weekly_Pass,2026-06-23,OTP_Failed,2.0,7.0,1.0,0
017,Other_Partner,Daily_Pass,2026-06-22,OTP_Failed,2.0,10.0,2.0,1
017,Toffee,Daily_Pass,2026-07-07,Success,2.0,68.0,5.0,0
017,Toffee,Daily_Pass,2026-06-12,Success,4.0,82.0,4.0,0
017,Toffee,Daily_Pass,2026-06-29,Success,14.0,70.0,4.0,0
017,Bioscope,Weekly_Pass,2026-06-21,Stuck_at_Number_Screen,1.0,13.0,1.0,1
018,Other_Partner,Weekly_Pass,2026-07-08,Success,1.0,81.0,5.0,0
017,Toffee,Weekly_Pass,2026-06-17,OTP_Failed,1.0,9.0,,1
013,Toffee,Daily_Pass,2026-06-13,Success,10.0,96.0,4.0,0
019,Bioscope,WC_Premium,2026-07-03,Success,2.0,86.0,5.0,0
013,Bioscope,Weekly_Pass,2026-06-13,Stuck_at_Number_Screen,4.0,13.0,2.0,1
014,Toffee,Weekly_Pass,2026-06-30,OTP_Failed,3.0,6.0,1.0,0
018,Bioscope,Daily_Pass,2026-06-21,Buffer_Timeout,0.0,6.0,1.0,0
013,Toffee,Weekly_Pass,2026-07-01,Success,1.0,64.0,3.0,0
019,Other_Partner,Weekly_Pass,2026-06-12,Success,12.0,83.0,4.0,0
017,Toffee,Weekly_Pass,2026-07-01,Success,4.0,72.0,4.0,0
017,Toffee,WC_Premium,2026-07-07,Success,40.0,89.0,1.0,0
016,Toffee,WC_Premium,2026-06-20,Success,7.0,81.0,5.0,0
018,Toffee,WC_Premium,2026-07-02,Success,2.0,64.0,5.0,0
019,Bioscope,Daily_Pass,2026-07-05,OTP_Failed,1.0,5.0,,1
014,Bioscope,Daily_Pass,2026-07-06,OTP_Failed,1.0,7.0,1.0,1
013,Toffee,Daily_Pass,2026-06-14,Success,3.0,73.0,4.0,1
018,Bioscope,Weekly_Pass,2026-07-06,Buffer_Timeout,2.0,3.0,1.0,0
018,Toffee,Weekly_Pass,2026-06-26,OTP_Failed,0.0,0.0,1.0,1
015,Toffee,WC_Premium,2026-06-26,Success,10.0,119.0,4.0,0
019,Other_Partner,Daily_Pass,2026-06-15,Buffer_Timeout,0.0,4.0,2.0,0
014,Bioscope,Daily_Pass,2026-06-30,Success,10.0,82.0,4.0,0
017,Toffee,Daily_Pass,2026-07-01,Success,7.0,67.0,4.0,0
019,Toffee,Daily_Pass,2026-07-09,Stuck_at_Number_Screen,2.0,7.0,1.0,1
017,Bioscope,Daily_Pass,2026-06-11,Success,3.0,92.0,4.0,0
017,Toffee,Daily_Pass,2026-07-07,OTP_Failed,0.0,4.0,1.0,1
014,Bioscope,Daily_Pass,2026-07-04,Buffer_Timeout,2.0,7.0,1.0,0
017,Bioscope,WC_Premium,2026-06-19,Success,14.0,114.0,5.0,0
015,Toffee,Daily_Pass,2026-06-13,Success,2.0,94.0,3.0,0
017,Toffee,Daily_Pass,2026-07-10,Success,39.0,91.0,1.0,1
019,Bioscope,Daily_Pass,2026-06-23,Success,1.0,101.0,4.0,0
017,Toffee,WC_Premium,2026-07-06,Success,6.0,91.0,3.0,0
013,Toffee,Weekly_Pass,2026-06-13,Success,27.0,72.0,1.0,0
017,Bioscope,WC_Premium,2026-06-19,Buffer_Timeout,1.0,2.0,1.0,0
018,Bioscope,Weekly_Pass,2026-07-08,Success,6.0,95.0,5.0,0
017,Toffee,WC_Premium,2026-06-19,Success,7.0,84.0,5.0,0
016,Bioscope,Daily_Pass,2026-06-23,Buffer_Timeout,1.0,13.0,1.0,0
017,Bioscope,Daily_Pass,2026-07-03,Stuck_at_Number_Screen,7.0,12.0,1.0,1
017,Toffee,Weekly_Pass,2026-07-01,Success,8.0,72.0,5.0,0
017,Toffee,WC_Premium,2026-06-27,OTP_Failed,4.0,2.0,1.0,1
013,Bioscope,WC_Premium,2026-06-19,Success,6.0,77.0,4.0,0
019,Toffee,Weekly_Pass,2026-06-22,OTP_Failed,8.0,4.0,2.0,0
019,Toffee,Daily_Pass,2026-06-16,Success,6.0,85.0,4.0,0
017,Bioscope,Daily_Pass,2026-06-13,Success,4.0,89.0,4.0,0
018,Bioscope,Daily_Pass,2026-07-01,Success,21.0,69.0,1.0,0
019,Bioscope,Daily_Pass,2026-06-21,Success,7.0,97.0,4.0,0
017,Bioscope,Daily_Pass,2026-07-09,Success,31.0,105.0,1.0,1
013,Toffee,Daily_Pass,2026-06-23,Success,18.0,124.0,4.0,0
018,Toffee,WC_Premium,2026-07-05,Success,6.0,50.0,3.0,0
017,Bioscope,Daily_Pass,2026-06-24,Buffer_Timeout,1.0,4.0,1.0,1
017,Bioscope,Daily_Pass,2026-06-25,OTP_Failed,0.0,4.0,1.0,1
017,Bioscope,Daily_Pass,2026-06-25,Success,7.0,81.0,,1
018,Toffee,Daily_Pass,2026-06-27,Buffer_Timeout,0.0,14.0,2.0,0
017,Other_Partner,Daily_Pass,2026-06-24,Buffer_Timeout,3.0,4.0,2.0,0
017,Toffee,Daily_Pass,2026-06-26,Success,3.0,108.0,,0
017,Toffee,WC_Premium,2026-06-20,OTP_Failed,4.0,0.0,1.0,1
017,Toffee,Weekly_Pass,2026-06-27,Stuck_at_Number_Screen,5.0,2.0,1.0,1
017,Toffee,Daily_Pass,2026-07-06,Success,3.0,108.0,5.0,0
014,Bioscope,Weekly_Pass,2026-06-26,Success,1.0,103.0,4.0,0
017,Toffee,Daily_Pass,2026-06-24,Success,10.0,83.0,4.0,1
016,Toffee,Daily_Pass,2026-06-23,Success,9.0,90.0,4.0,0
013,Toffee,Daily_Pass,2026-06-14,Buffer_Timeout,0.0,7.0,,0
016,Bioscope,Daily_Pass,2026-07-02,Stuck_at_Number_Screen,1.0,7.0,1.0,1
018,Bioscope,WC_Premium,2026-06-13,Success,2.0,60.0,,0
017,Bioscope,WC_Premium,2026-06-13,Stuck_at_Number_Screen,3.0,3.0,1.0,1
019,Toffee,Daily_Pass,2026-06-25,Success,10.0,71.0,5.0,0
018,Bioscope,Weekly_Pass,2026-06-14,Success,14.0,74.0,,0
019,Toffee,Daily_Pass,2026-06-26,Success,5.0,67.0,4.0,0
013,Toffee,Daily_Pass,2026-07-08,Success,5.0,133.0,4.0,0
015,Bioscope,Daily_Pass,2026-07-10,Success,5.0,77.0,4.0,0
019,Toffee,Weekly_Pass,2026-06-11,OTP_Failed,6.0,0.0,,0
015,Toffee,Daily_Pass,2026-06-15,Success,10.0,98.0,5.0,0
018,Toffee,Weekly_Pass,2026-06-18,Stuck_at_Number_Screen,3.0,11.0,,0
018,Toffee,WC_Premium,2026-07-10,Success,12.0,123.0,5.0,0
019,Toffee,WC_Premium,2026-06-16,OTP_Failed,1.0,0.0,,0
019,Toffee,Daily_Pass,2026-06-13,Stuck_at_Number_Screen,3.0,2.0,1.0,1
015,Toffee,Daily_Pass,2026-06-30,Success,2.0,112.0,5.0,0
017,Other_Partner,Daily_Pass,2026-06-15,Success,11.0,92.0,5.0,1
019,Bioscope,WC_Premium,2026-06-24,Success,5.0,105.0,,0
017,Bioscope,WC_Premium,2026-06-21,Success,36.0,77.0,1.0,1
018,Bioscope,WC_Premium,2026-06-15,Success,0.0,114.0,4.0,0
017,Bioscope,Weekly_Pass,2026-06-12,OTP_Failed,2.0,9.0,,1
017,Toffee,Weekly_Pass,2026-06-29,Success,13.0,55.0,,0
014,Toffee,Daily_Pass,2026-07-06,Success,2.0,74.0,5.0,0
017,Bioscope,WC_Premium,2026-06-26,Stuck_at_Number_Screen,2.0,3.0,2.0,1
018,Toffee,WC_Premium,2026-07-10,Buffer_Timeout,1.0,0.0,1.0,0
018,Toffee,Daily_Pass,2026-06-18,Success,4.0,49.0,5.0,0
017,Toffee,Daily_Pass,2026-07-09,OTP_Failed,0.0,10.0,1.0,0
017,Bioscope,WC_Premium,2026-06-27,Buffer_Timeout,1.0,0.0,,0
018,Other_Partner,Daily_Pass,2026-06-30,Success,1.0,72.0,4.0,0
017,Toffee,WC_Premium,2026-06-12,Success,26.0,59.0,1.0,1
019,Bioscope,Weekly_Pass,2026-06-19,Success,7.0,82.0,5.0,0
015,Bioscope,Weekly_Pass,2026-07-07,Stuck_at_Number_Screen,1.0,0.0,2.0,1
017,Toffee,Weekly_Pass,2026-06-22,Success,3.0,80.0,4.0,0
017,Toffee,Weekly_Pass,2026-06-23,Success,3.0,81.0,4.0,0
018,Toffee,Daily_Pass,2026-06-25,OTP_Failed,2.0,8.0,1.0,1
016,Bioscope,WC_Premium,2026-07-03,Stuck_at_Number_Screen,0.0,6.0,1.0,1
017,Toffee,WC_Premium,2026-07-02,Success,18.0,103.0,5.0,0
017,Toffee,Weekly_Pass,2026-06-30,OTP_Failed,0.0,1.0,1.0,0
018,Toffee,Weekly_Pass,2026-06-11,Buffer_Timeout,3.0,9.0,1.0,0
015,Bioscope,Weekly_Pass,2026-07-05,Buffer_Timeout,0.0,6.0,2.0,0
013,Other_Partner,Weekly_Pass,2026-06-13,OTP_Failed,2.0,0.0,1.0,1
013,Toffee,WC_Premium,2026-07-09,Buffer_Timeout,4.0,5.0,2.0,0
015,Other_Partner,Daily_Pass,2026-06-29,Stuck_at_Number_Screen,2.0,3.0,2.0,1
016,Toffee,Daily_Pass,2026-07-02,OTP_Failed,2.0,6.0,1.0,1
016,Toffee,WC_Premium,2026-07-09,Buffer_Timeout,1.0,10.0,1.0,0
018,Other_Partner,Daily_Pass,2026-07-10,Stuck_at_Number_Screen,0.0,0.0,2.0,1
015,Bioscope,WC_Premium,2026-07-02,Success,2.0,65.0,4.0,0
016,Toffee,Daily_Pass,2026-06-21,Success,5.0,58.0,5.0,0
019,Toffee,WC_Premium,2026-06-30,Success,5.0,67.0,5.0,0
016,Bioscope,WC_Premium,2026-07-01,Success,9.0,77.0,5.0,0
016,Bioscope,WC_Premium,2026-07-01,Stuck_at_Number_Screen,4.0,12.0,,0
017,Bioscope,WC_Premium,2026-06-23,Success,9.0,133.0,4.0,0
017,Bioscope,Daily_Pass,2026-06-21,Stuck_at_Number_Screen,1.0,0.0,,1
019,Bioscope,Weekly_Pass,2026-07-02,Buffer_Timeout,0.0,2.0,1.0,0
017,Bioscope,Weekly_Pass,2026-06-29,Success,9.0,73.0,4.0,0
018,Bioscope,WC_Premium,2026-06-24,Success,9.0,106.0,,0
017,Bioscope,Daily_Pass,2026-06-21,OTP_Failed,3.0,2.0,1.0,1
019,Toffee,WC_Premium,2026-06-19,Success,2.0,86.0,5.0,0
017,Toffee,Daily_Pass,2026-06-17,OTP_Failed,5.0,10.0,1.0,1
019,Toffee,WC_Premium,2026-06-14,Success,0.0,85.0,3.0,1
018,Bioscope,Weekly_Pass,2026-06-13,Stuck_at_Number_Screen,2.0,6.0,1.0,1
017,Toffee,Weekly_Pass,2026-06-22,Success,6.0,102.0,4.0,0
018,Toffee,Daily_Pass,2026-06-20,Success,12.0,82.0,4.0,0
017,Toffee,Daily_Pass,2026-06-17,Success,8.0,96.0,4.0,0
017,Toffee,Daily_Pass,2026-07-07,OTP_Failed,0.0,0.0,,1
013,Bioscope,Weekly_Pass,2026-06-15,Success,0.0,107.0,,0
017,Toffee,Weekly_Pass,2026-07-09,Success,16.0,118.0,4.0,0
015,Toffee,WC_Premium,2026-06-26,Success,0.0,69.0,5.0,0
017,Bioscope,Daily_Pass,2026-06-28,Stuck_at_Number_Screen,1.0,1.0,2.0,1
016,Bioscope,Weekly_Pass,2026-07-02,Buffer_Timeout,1.0,0.0,1.0,0
013,Toffee,WC_Premium,2026-06-29,Success,13.0,100.0,,1
018,Toffee,WC_Premium,2026-06-23,OTP_Failed,0.0,5.0,1.0,1
013,Other_Partner,Daily_Pass,2026-06-17,Success,4.0,93.0,5.0,1
016,Toffee,WC_Premium,2026-07-09,OTP_Failed,2.0,10.0,2.0,1
016,Other_Partner,WC_Premium,2026-07-10,Success,5.0,93.0,,0
016,Toffee,WC_Premium,2026-06-20,OTP_Failed,1.0,5.0,1.0,0
017,Toffee,WC_Premium,2026-06-15,Success,7.0,56.0,,0
016,Toffee,Weekly_Pass,2026-06-17,Stuck_at_Number_Screen,1.0,7.0,1.0,1
017,Toffee,Daily_Pass,2026-07-10,Success,10.0,99.0,5.0,0
017,Bioscope,Weekly_Pass,2026-06-14,Buffer_Timeout,4.0,4.0,2.0,0
013,Other_Partner,Weekly_Pass,2026-06-24,Success,0.0,89.0,,0
013,Other_Partner,Daily_Pass,2026-06-22,Success,13.0,107.0,5.0,0
018,Bioscope,Daily_Pass,2026-06-11,Success,8.0,99.0,,0
016,Bioscope,Daily_Pass,2026-06-25,Buffer_Timeout,5.0,4.0,2.0,0
017,Bioscope,Weekly_Pass,2026-06-11,Success,5.0,119.0,3.0,0
017,Bioscope,Daily_Pass,2026-06-24,Success,3.0,80.0,3.0,0
017,Toffee,Weekly_Pass,2026-07-03,Stuck_at_Number_Screen,2.0,8.0,2.0,1
016,Toffee,WC_Premium,2026-06-21,OTP_Failed,1.0,10.0,,1
018,Bioscope,Daily_Pass,2026-07-05,Success,9.0,94.0,4.0,0
017,Bioscope,WC_Premium,2026-07-09,Success,4.0,96.0,4.0,0
016,Bioscope,Weekly_Pass,2026-06-16,OTP_Failed,2.0,4.0,1.0,1
018,Bioscope,Daily_Pass,2026-06-26,OTP_Failed,1.0,0.0,1.0,1
018,Toffee,Daily_Pass,2026-06-23,OTP_Failed,1.0,8.0,,0
018,Bioscope,Daily_Pass,2026-06-13,Buffer_Timeout,4.0,2.0,1.0,0
018,Other_Partner,Daily_Pass,2026-07-05,Stuck_at_Number_Screen,1.0,3.0,,1
016,Toffee,WC_Premium,2026-06-19,OTP_Failed,4.0,11.0,1.0,1
017,Other_Partner,WC_Premium,2026-07-09,Success,1.0,45.0,3.0,0
017,Bioscope,WC_Premium,2026-06-22,Stuck_at_Number_Screen,4.0,0.0,,1
017,Bioscope,Weekly_Pass,2026-06-27,Buffer_Timeout,2.0,11.0,1.0,0
018,Bioscope,Weekly_Pass,2026-06-20,Success,0.0,81.0,3.0,0
019,Toffee,Daily_Pass,2026-06-15,OTP_Failed,3.0,1.0,1.0,1
013,Toffee,Weekly_Pass,2026-06-13,OTP_Failed,0.0,2.0,,0
017,Bioscope,Weekly_Pass,2026-07-05,OTP_Failed,6.0,4.0,1.0,1
019,Toffee,Daily_Pass,2026-07-03,Buffer_Timeout,1.0,3.0,1.0,0
019,Toffee,WC_Premium,2026-06-14,Success,7.0,108.0,4.0,0
019,Toffee,Weekly_Pass,2026-06-15,Success,4.0,51.0,4.0,0
018,Other_Partner,WC_Premium,2026-07-05,Success,2.0,93.0,,1
019,Toffee,Weekly_Pass,2026-07-08,Buffer_Timeout,2.0,5.0,2.0,0
017,Toffee,Daily_Pass,2026-06-24,Success,2.0,85.0,5.0,0
017,Other_Partner,WC_Premium,2026-06-26,Buffer_Timeout,0.0,0.0,1.0,1
017,Other_Partner,Daily_Pass,2026-06-30,Success,1.0,98.0,,0
016,Bioscope,Weekly_Pass,2026-06-17,Success,6.0,72.0,4.0,0
017,Bioscope,Weekly_Pass,2026-06-15,Success,2.0,96.0,5.0,1
018,Toffee,Daily_Pass,2026-06-27,OTP_Failed,3.0,12.0,1.0,1
018,Toffee,Weekly_Pass,2026-06-21,Success,1.0,78.0,4.0,0
017,Toffee,Daily_Pass,2026-06-27,Success,9.0,94.0,,0
019,Bioscope,Daily_Pass,2026-07-02,Success,11.0,62.0,4.0,0
017,Toffee,WC_Premium,2026-06-28,Buffer_Timeout,1.0,11.0,1.0,0
013,Bioscope,Weekly_Pass,2026-07-07,Buffer_Timeout,2.0,8.0,1.0,1
019,Toffee,Daily_Pass,2026-07-01,Success,2.0,120.0,5.0,0
017,Toffee,Weekly_Pass,2026-06-12,OTP_Failed,1.0,3.0,1.0,1
016,Bioscope,WC_Premium,2026-07-06,Stuck_at_Number_Screen,3.0,8.0,1.0,1
019,Bioscope,Daily_Pass,2026-06-27,OTP_Failed,0.0,9.0,1.0,0
014,Toffee,Weekly_Pass,2026-06-18,Success,12.0,145.0,5.0,0
019,Toffee,Weekly_Pass,2026-06-30,Success,4.0,77.0,3.0,0
017,Toffee,WC_Premium,2026-06-20,OTP_Failed,4.0,0.0,,1
018,Toffee,Weekly_Pass,2026-07-10,Success,20.0,95.0,,0
017,Bioscope,Daily_Pass,2026-06-23,Success,3.0,42.0,3.0,0
017,Toffee,Daily_Pass,2026-07-01,Success,2.0,62.0,5.0,0
017,Toffee,Weekly_Pass,2026-06-16,Stuck_at_Number_Screen,2.0,0.0,1.0,1
017,Bioscope,Daily_Pass,2026-07-02,Buffer_Timeout,2.0,6.0,2.0,0
019,Bioscope,WC_Premium,2026-06-25,Success,10.0,69.0,,0
017,Toffee,Daily_Pass,2026-06-14,OTP_Failed,0.0,9.0,,1
018,Toffee,Daily_Pass,2026-06-28,Success,10.0,114.0,5.0,1
013,Toffee,Daily_Pass,2026-07-08,OTP_Failed,4.0,6.0,,1
018,Toffee,Weekly_Pass,2026-06-12,Success,5.0,99.0,4.0,0
015,Bioscope,Weekly_Pass,2026-06-11,Success,3.0,75.0,5.0,0
017,Bioscope,Daily_Pass,2026-06-15,Buffer_Timeout,2.0,1.0,1.0,1
018,Toffee,WC_Premium,2026-07-02,OTP_Failed,2.0,4.0,1.0,0
013,Bioscope,Daily_Pass,2026-07-08,Success,1.0,93.0,,0
017,Toffee,Daily_Pass,2026-06-20,Success,3.0,66.0,4.0,0
018,Toffee,Daily_Pass,2026-06-26,Buffer_Timeout,0.0,6.0,1.0,0
019,Bioscope,WC_Premium,2026-06-28,Success,2.0,81.0,4.0,0
017,Toffee,WC_Premium,2026-06-24,OTP_Failed,1.0,10.0,1.0,1
017,Toffee,WC_Premium,2026-06-29,Success,7.0,73.0,5.0,0
017,Bioscope,Daily_Pass,2026-07-07,Success,1.0,96.0,3.0,0
019,Toffee,Weekly_Pass,2026-06-13,OTP_Failed,10.0,0.0,1.0,1
016,Toffee,Weekly_Pass,2026-07-07,Buffer_Timeout,0.0,10.0,1.0,1
018,Bioscope,Daily_Pass,2026-06-21,Success,7.0,91.0,4.0,0
018,Bioscope,Daily_Pass,2026-06-17,Success,5.0,112.0,3.0,0
019,Bioscope,WC_Premium,2026-06-18,Stuck_at_Number_Screen,0.0,8.0,1.0,1
019,Toffee,Daily_Pass,2026-06-21,Success,3.0,72.0,5.0,0
019,Toffee,Weekly_Pass,2026-07-09,OTP_Failed,0.0,0.0,1.0,1
019,Toffee,Daily_Pass,2026-06-12,Success,11.0,90.0,4.0,0
018,Bioscope,Weekly_Pass,2026-06-15,Success,2.0,89.0,5.0,0
018,Toffee,Daily_Pass,2026-06-17,Success,4.0,112.0,4.0,0
019,Bioscope,Daily_Pass,2026-07-04,Success,6.0,108.0,5.0,0
014,Toffee,Weekly_Pass,2026-07-06,Success,7.0,70.0,5.0,0
017,Toffee,WC_Premium,2026-06-13,OTP_Failed,1.0,0.0,,1
017,Toffee,WC_Premium,2026-06-24,Success,27.0,124.0,2.0,0
015,Other_Partner,Daily_Pass,2026-07-02,Stuck_at_Number_Screen,4.0,5.0,1.0,1
017,Bioscope,Daily_Pass,2026-06-19,Buffer_Timeout,2.0,7.0,1.0,0
019,Other_Partner,Weekly_Pass,2026-06-14,Buffer_Timeout,4.0,3.0,2.0,0
013,Toffee,Weekly_Pass,2026-06-16,OTP_Failed,4.0,2.0,1.0,1
017,Toffee,WC_Premium,2026-06-30,Success,1.0,101.0,5.0,0
017,Toffee,Weekly_Pass,2026-06-15,Success,6.0,104.0,5.0,0
017,Bioscope,Weekly_Pass,2026-06-13,OTP_Failed,3.0,15.0,1.0,1
017,Toffee,Weekly_Pass,2026-07-09,OTP_Failed,2.0,0.0,1.0,1
018,Toffee,Daily_Pass,2026-06-14,Success,9.0,45.0,5.0,0
016,Toffee,Weekly_Pass,2026-06-29,Buffer_Timeout,1.0,2.0,2.0,0
015,Toffee,Weekly_Pass,2026-06-14,Success,23.0,88.0,1.0,1
013,Toffee,WC_Premium,2026-06-16,OTP_Failed,0.0,6.0,1.0,1
018,Toffee,Daily_Pass,2026-06-28,Success,1.0,102.0,5.0,0
018,Toffee,Daily_Pass,2026-06-22,OTP_Failed,5.0,13.0,1.0,1
018,Toffee,WC_Premium,2026-07-06,Success,1.0,64.0,4.0,0
018,Bioscope,Weekly_Pass,2026-06-11,Success,14.0,103.0,4.0,0
017,Bioscope,WC_Premium,2026-07-04,Buffer_Timeout,1.0,6.0,2.0,0
017,Toffee,Weekly_Pass,2026-06-29,Buffer_Timeout,0.0,4.0,2.0,1
017,Bioscope,WC_Premium,2026-06-14,Success,11.0,88.0,3.0,0
017,Toffee,Daily_Pass,2026-06-14,Success,16.0,103.0,4.0,0
016,Toffee,Daily_Pass,2026-06-30,Success,1.0,82.0,4.0,0
017,Bioscope,WC_Premium,2026-07-04,Success,9.0,124.0,3.0,0
019,Other_Partner,WC_Premium,2026-06-24,Success,1.0,95.0,,0
014,Bioscope,Weekly_Pass,2026-06-14,Success,7.0,110.0,,0
015,Toffee,Weekly_Pass,2026-06-13,Success,13.0,58.0,,0
014,Bioscope,WC_Premium,2026-07-08,Success,15.0,89.0,4.0,0
017,Toffee,Daily_Pass,2026-07-02,Stuck_at_Number_Screen,10.0,2.0,2.0,1
018,Toffee,Weekly_Pass,2026-07-09,Success,0.0,97.0,5.0,0
017,Toffee,Daily_Pass,2026-06-28,Success,3.0,72.0,4.0,0
019,Bioscope,Daily_Pass,2026-06-20,Stuck_at_Number_Screen,2.0,0.0,,1
019,Toffee,Weekly_Pass,2026-06-22,Buffer_Timeout,0.0,1.0,1.0,0
019,Bioscope,WC_Premium,2026-07-05,Stuck_at_Number_Screen,0.0,4.0,2.0,1
013,Bioscope,WC_Premium,2026-06-23,Success,5.0,102.0,5.0,0
019,Toffee,WC_Premium,2026-06-15,OTP_Failed,3.0,2.0,1.0,0
017,Bioscope,Daily_Pass,2026-07-10,Buffer_Timeout,3.0,5.0,1.0,0
017,Bioscope,Daily_Pass,2026-07-03,Buffer_Timeout,5.0,0.0,,0
019,Toffee,Daily_Pass,2026-06-11,Success,13.0,91.0,4.0,1
013,Toffee,Daily_Pass,2026-06-12,OTP_Failed,0.0,9.0,1.0,1
015,Bioscope,Daily_Pass,2026-07-10,Stuck_at_Number_Screen,0.0,1.0,2.0,1
017,Toffee,Daily_Pass,2026-06-13,OTP_Failed,5.0,14.0,1.0,1
019,Other_Partner,Weekly_Pass,2026-07-10,Success,28.0,80.0,1.0,0
018,Toffee,Daily_Pass,2026-06-30,Success,6.0,110.0,4.0,0
019,Toffee,Weekly_Pass,2026-07-06,OTP_Failed,0.0,8.0,1.0,1
019,Other_Partner,WC_Premium,2026-06-29,Success,2.0,117.0,5.0,0
014,Other_Partner,WC_Premium,2026-06-12,Success,6.0,79.0,4.0,0
017,Toffee,WC_Premium,2026-06-24,Stuck_at_Number_Screen,0.0,7.0,2.0,1
014,Bioscope,WC_Premium,2026-07-02,Success,10.0,82.0,4.0,0
017,Toffee,Daily_Pass,2026-06-27,OTP_Failed,1.0,7.0,1.0,1
017,Bioscope,WC_Premium,2026-07-04,Buffer_Timeout,1.0,3.0,1.0,0
013,Bioscope,WC_Premium,2026-06-27,OTP_Failed,0.0,11.0,1.0,1
019,Toffee,Daily_Pass,2026-07-06,Success,16.0,68.0,3.0,1
018,Toffee,WC_Premium,2026-06-12,Success,30.0,77.0,2.0,0
019,Toffee,Weekly_Pass,2026-06-24,OTP_Failed,4.0,12.0,1.0,1
016,Toffee,Daily_Pass,2026-06-29,Buffer_Timeout,0.0,8.0,2.0,0
017,Toffee,Weekly_Pass,2026-06-30,Stuck_at_Number_Screen,2.0,3.0,1.0,1
014,Bioscope,Weekly_Pass,2026-06-15,OTP_Failed,1.0,15.0,1.0,1
017,Toffee,Weekly_Pass,2026-06-30,Success,11.0,108.0,4.0,0
019,Toffee,Daily_Pass,2026-06-16,Success,9.0,65.0,4.0,0
017,Bioscope,Weekly_Pass,2026-06-13,OTP_Failed,2.0,8.0,1.0,1
018,Toffee,Weekly_Pass,2026-06-18,Success,4.0,56.0,5.0,0
013,Toffee,WC_Premium,2026-07-07,Stuck_at_Number_Screen,1.0,6.0,1.0,1
017,Toffee,WC_Premium,2026-06-26,Success,1.0,102.0,5.0,0
013,Bioscope,WC_Premium,2026-06-12,Success,7.0,117.0,5.0,0
017,Toffee,Daily_Pass,2026-06-19,Success,8.0,102.0,4.0,0
017,Bioscope,Daily_Pass,2026-07-03,Success,0.0,73.0,,0
017,Toffee,Daily_Pass,2026-07-04,OTP_Failed,5.0,2.0,1.0,1
018,Bioscope,Weekly_Pass,2026-07-02,Success,14.0,103.0,4.0,0
019,Bioscope,Daily_Pass,2026-06-24,Stuck_at_Number_Screen,1.0,9.0,1.0,1
018,Bioscope,Weekly_Pass,2026-07-01,OTP_Failed,3.0,10.0,,0
019,Toffee,Daily_Pass,2026-06-22,Success,1.0,65.0,4.0,0
018,Toffee,Weekly_Pass,2026-07-01,Success,30.0,67.0,,0
016,Bioscope,Daily_Pass,2026-07-08,Buffer_Timeout,1.0,14.0,2.0,0
016,Toffee,Daily_Pass,2026-07-10,Success,12.0,122.0,5.0,0
013,Toffee,WC_Premium,2026-06-17,OTP_Failed,4.0,13.0,1.0,1
016,Bioscope,Weekly_Pass,2026-06-14,Success,9.0,87.0,4.0,0
017,Bioscope,WC_Premium,2026-06-11,Stuck_at_Number_Screen,1.0,11.0,1.0,1
019,Toffee,Weekly_Pass,2026-07-02,Success,13.0,101.0,5.0,0
019,Bioscope,WC_Premium,2026-07-01,Success,21.0,86.0,1.0,0
017,Bioscope,Daily_Pass,2026-07-03,Buffer_Timeout,0.0,3.0,,0
019,Toffee,Daily_Pass,2026-06-11,Success,4.0,67.0,5.0,0
017,Bioscope,Weekly_Pass,2026-07-03,Success,16.0,34.0,3.0,0
017,Bioscope,WC_Premium,2026-06-21,Success,38.0,105.0,2.0,1
017,Other_Partner,Weekly_Pass,2026-07-06,Buffer_Timeout,7.0,8.0,,0
019,Toffee,Weekly_Pass,2026-06-28,Success,3.0,93.0,5.0,0
019,Bioscope,Daily_Pass,2026-07-03,Success,10.0,109.0,4.0,0
019,Toffee,Weekly_Pass,2026-07-06,Success,3.0,121.0,4.0,0
017,Toffee,Weekly_Pass,2026-07-07,Success,2.0,107.0,4.0,0
018,Bioscope,WC_Premium,2026-06-28,OTP_Failed,1.0,0.0,1.0,1
016,Toffee,Weekly_Pass,2026-06-13,Success,5.0,103.0,3.0,0
017,Toffee,Daily_Pass,2026-07-03,OTP_Failed,1.0,2.0,1.0,1
018,Toffee,Daily_Pass,2026-06-28,Success,6.0,82.0,4.0,0
017,Toffee,Daily_Pass,2026-06-30,Buffer_Timeout,5.0,6.0,1.0,0
017,Toffee,Weekly_Pass,2026-07-10,Success,8.0,120.0,4.0,0
018,Toffee,Daily_Pass,2026-06-24,OTP_Failed,6.0,13.0,1.0,1
016,Bioscope,Weekly_Pass,2026-06-19,Buffer_Timeout,1.0,5.0,2.0,1
017,Toffee,WC_Premium,2026-07-02,Success,6.0,72.0,5.0,0
017,Bioscope,Daily_Pass,2026-06-21,Success,5.0,76.0,4.0,0
017,Bioscope,Weekly_Pass,2026-07-04,Success,3.0,107.0,4.0,0
017,Toffee,WC_Premium,2026-07-10,OTP_Failed,3.0,0.0,1.0,0
017,Bioscope,Weekly_Pass,2026-06-25,Stuck_at_Number_Screen,0.0,5.0,2.0,1
013,Bioscope,Weekly_Pass,2026-07-10,Stuck_at_Number_Screen,1.0,5.0,1.0,1
016,Bioscope,Weekly_Pass,2026-07-07,Success,4.0,114.0,4.0,0
013,Toffee,Daily_Pass,2026-06-25,Buffer_Timeout,2.0,5.0,,0
019,Bioscope,Daily_Pass,2026-06-26,Success,3.0,81.0,5.0,0
016,Toffee,Daily_Pass,2026-07-05,Stuck_at_Number_Screen,3.0,5.0,,0
017,Toffee,Daily_Pass,2026-07-08,Success,7.0,101.0,5.0,0
017,Bioscope,WC_Premium,2026-07-05,Success,12.0,97.0,5.0,0
019,Toffee,Daily_Pass,2026-07-03,Success,3.0,54.0,5.0,0
017,Bioscope,WC_Premium,2026-06-21,Success,1.0,70.0,4.0,0
017,Bioscope,WC_Premium,2026-06-24,Success,0.0,116.0,4.0,0
017,Bioscope,Weekly_Pass,2026-06-20,Success,7.0,85.0,3.0,0
018,Toffee,WC_Premium,2026-06-12,Success,1.0,101.0,5.0,0
018,Other_Partner,Daily_Pass,2026-06-22,Success,1.0,76.0,4.0,0
015,Bioscope,Weekly_Pass,2026-07-07,Success,8.0,89.0,5.0,0
019,Toffee,WC_Premium,2026-07-07,Success,3.0,79.0,5.0,0
013,Toffee,Daily_Pass,2026-07-02,Buffer_Timeout,3.0,4.0,2.0,0
013,Bioscope,Daily_Pass,2026-07-04,Success,13.0,113.0,5.0,0
017,Bioscope,Daily_Pass,2026-06-22,Success,8.0,113.0,5.0,0
017,Bioscope,Weekly_Pass,2026-06-23,Success,10.0,142.0,5.0,0
017,Bioscope,Daily_Pass,2026-06-30,Stuck_at_Number_Screen,3.0,6.0,1.0,1
017,Toffee,Weekly_Pass,2026-06-19,Success,2.0,115.0,,0
017,Toffee,WC_Premium,2026-06-18,Success,27.0,116.0,1.0,1
017,Toffee,Daily_Pass,2026-06-27,OTP_Failed,1.0,10.0,1.0,1
017,Bioscope,WC_Premium,2026-07-04,Success,4.0,83.0,,0
015,Toffee,Daily_Pass,2026-06-23,Success,12.0,75.0,5.0,0
018,Toffee,Daily_Pass,2026-06-19,Success,2.0,81.0,,0
015,Toffee,Daily_Pass,2026-07-08,Success,2.0,82.0,4.0,0
013,Bioscope,WC_Premium,2026-06-11,Success,1.0,55.0,5.0,0
018,Bioscope,WC_Premium,2026-07-08,Success,1.0,59.0,5.0,0
017,Toffee,Daily_Pass,2026-07-05,Stuck_at_Number_Screen,1.0,4.0,1.0,0
017,Other_Partner,Daily_Pass,2026-06-11,Success,2.0,99.0,5.0,0
017,Toffee,WC_Premium,2026-06-20,Success,5.0,116.0,4.0,0
014,Toffee,Weekly_Pass,2026-07-03,Success,1.0,81.0,4.0,0
015,Toffee,Daily_Pass,2026-06-12,Success,9.0,100.0,3.0,0
017,Toffee,Weekly_Pass,2026-06-14,Success,15.0,79.0,5.0,0
017,Toffee,WC_Premium,2026-06-25,Stuck_at_Number_Screen,1.0,14.0,1.0,1
013,Bioscope,Daily_Pass,2026-07-09,Success,2.0,56.0,4.0,0
017,Bioscope,Daily_Pass,2026-06-25,OTP_Failed,1.0,0.0,,1
013,Bioscope,Daily_Pass,2026-07-04,Buffer_Timeout,6.0,13.0,2.0,0
017,Bioscope,Weekly_Pass,2026-07-04,Success,6.0,95.0,,0
018,Bioscope,Daily_Pass,2026-07-06,OTP_Failed,3.0,3.0,1.0,1
017,Toffee,WC_Premium,2026-06-17,OTP_Failed,3.0,4.0,,1
013,Bioscope,WC_Premium,2026-06-30,Success,14.0,74.0,5.0,0
017,Bioscope,Weekly_Pass,2026-06-14,Success,4.0,104.0,5.0,0
013,Other_Partner,Daily_Pass,2026-07-02,Success,10.0,106.0,4.0,0
015,Toffee,WC_Premium,2026-07-06,Success,5.0,135.0,3.0,0
017,Toffee,Weekly_Pass,2026-06-24,OTP_Failed,3.0,14.0,1.0,1
019,Bioscope,Weekly_Pass,2026-07-01,Success,17.0,76.0,4.0,0
019,Bioscope,WC_Premium,2026-07-05,Stuck_at_Number_Screen,2.0,6.0,1.0,1
015,Toffee,WC_Premium,2026-07-01,Success,0.0,87.0,5.0,0
019,Bioscope,Weekly_Pass,2026-06-16,Stuck_at_Number_Screen,3.0,10.0,1.0,1
016,Toffee,Weekly_Pass,2026-06-18,Success,7.0,83.0,3.0,0
019,Other_Partner,Daily_Pass,2026-07-06,Success,21.0,91.0,1.0,0
017,Toffee,WC_Premium,2026-06-24,Success,8.0,76.0,5.0,0
018,Toffee,WC_Premium,2026-06-30,Buffer_Timeout,3.0,0.0,2.0,0
015,Toffee,Daily_Pass,2026-06-20,Success,3.0,118.0,4.0,0
019,Toffee,WC_Premium,2026-06-20,Success,0.0,113.0,4.0,0
015,Toffee,WC_Premium,2026-06-12,Success,3.0,84.0,3.0,0
019,Bioscope,Daily_Pass,2026-06-28,Success,26.0,110.0,1.0,0
019,Bioscope,Weekly_Pass,2026-06-23,Success,2.0,143.0,5.0,0
016,Toffee,Daily_Pass,2026-06-26,Success,10.0,137.0,4.0,0
019,Bioscope,WC_Premium,2026-07-07,Success,9.0,80.0,,0
018,Toffee,Daily_Pass,2026-06-20,OTP_Failed,4.0,2.0,1.0,1
014,Toffee,Weekly_Pass,2026-07-09,Success,10.0,84.0,5.0,0
019,Toffee,Daily_Pass,2026-07-01,OTP_Failed,1.0,15.0,1.0,1
019,Toffee,Daily_Pass,2026-06-26,OTP_Failed,0.0,11.0,1.0,1
016,Bioscope,Daily_Pass,2026-06-28,Success,2.0,103.0,4.0,0
017,Toffee,Weekly_Pass,2026-07-09,Success,6.0,74.0,5.0,0
017,Bioscope,Daily_Pass,2026-06-28,Stuck_at_Number_Screen,2.0,13.0,,1
014,Bioscope,Weekly_Pass,2026-06-14,Success,4.0,115.0,4.0,0
018,Bioscope,Weekly_Pass,2026-07-03,Success,9.0,92.0,4.0,0
017,Other_Partner,Weekly_Pass,2026-06-27,Stuck_at_Number_Screen,0.0,10.0,,1
017,Other_Partner,Weekly_Pass,2026-06-15,Buffer_Timeout,4.0,0.0,1.0,0
019,Bioscope,Daily_Pass,2026-06-29,Success,1.0,67.0,4.0,0
019,Toffee,Daily_Pass,2026-06-13,Stuck_at_Number_Screen,1.0,0.0,1.0,1
019,Toffee,Daily_Pass,2026-07-04,Success,11.0,72.0,5.0,0
018,Bioscope,Weekly_Pass,2026-06-22,Success,1.0,86.0,5.0,0
013,Bioscope,WC_Premium,2026-07-09,Buffer_Timeout,1.0,4.0,1.0,1
017,Other_Partner,Daily_Pass,2026-06-14,Buffer_Timeout,1.0,0.0,1.0,0
017,Toffee,Weekly_Pass,2026-07-07,Success,5.0,110.0,,0
019,Toffee,Daily_Pass,2026-07-08,Success,12.0,143.0,3.0,0
017,Toffee,Daily_Pass,2026-07-02,Stuck_at_Number_Screen,3.0,7.0,2.0,1
018,Bioscope,Weekly_Pass,2026-06-20,Success,1.0,90.0,5.0,0
018,Toffee,Daily_Pass,2026-06-27,Success,5.0,96.0,4.0,0
018,Toffee,Weekly_Pass,2026-06-28,Buffer_Timeout,0.0,0.0,1.0,0
014,Toffee,WC_Premium,2026-07-04,Success,5.0,138.0,5.0,0
017,Toffee,Daily_Pass,2026-06-16,OTP_Failed,4.0,8.0,2.0,1
019,Toffee,Weekly_Pass,2026-07-04,Success,7.0,119.0,5.0,0
017,Bioscope,WC_Premium,2026-07-03,Success,19.0,96.0,5.0,0
017,Toffee,Daily_Pass,2026-07-09,Success,5.0,101.0,5.0,0
013,Bioscope,Daily_Pass,2026-07-02,Success,10.0,80.0,4.0,0
017,Other_Partner,Daily_Pass,2026-06-13,Success,5.0,71.0,4.0,0
019,Other_Partner,Weekly_Pass,2026-06-15,OTP_Failed,2.0,6.0,1.0,1
018,Bioscope,Weekly_Pass,2026-07-03,OTP_Failed,1.0,4.0,1.0,1
017,Bioscope,Weekly_Pass,2026-06-14,Stuck_at_Number_Screen,1.0,6.0,1.0,1
017,Toffee,Weekly_Pass,2026-06-16,OTP_Failed,1.0,11.0,1.0,1
018,Other_Partner,WC_Premium,2026-06-27,Success,1.0,92.0,3.0,0
019,Toffee,Daily_Pass,2026-06-12,Buffer_Timeout,1.0,2.0,1.0,0
013,Toffee,WC_Premium,2026-07-04,Success,6.0,90.0,5.0,1
018,Toffee,Daily_Pass,2026-07-02,Success,13.0,117.0,4.0,0
019,Toffee,Daily_Pass,2026-06-20,OTP_Failed,1.0,5.0,2.0,1
018,Toffee,WC_Premium,2026-06-25,Success,9.0,69.0,5.0,0
017,Bioscope,WC_Premium,2026-06-16,Success,2.0,84.0,3.0,0
018,Bioscope,WC_Premium,2026-07-04,Buffer_Timeout,0.0,11.0,,0
018,Bioscope,Daily_Pass,2026-07-04,Success,5.0,98.0,4.0,0
016,Toffee,WC_Premium,2026-06-26,OTP_Failed,1.0,3.0,,1
018,Bioscope,Weekly_Pass,2026-06-27,Buffer_Timeout,0.0,6.0,1.0,1
015,Toffee,WC_Premium,2026-07-05,Buffer_Timeout,2.0,0.0,2.0,1
017,Toffee,WC_Premium,2026-06-14,Success,2.0,75.0,4.0,0
015,Bioscope,Daily_Pass,2026-06-12,Success,1.0,91.0,3.0,0
018,Other_Partner,Weekly_Pass,2026-06-29,OTP_Failed,1.0,5.0,1.0,1
016,Toffee,WC_Premium,2026-06-17,Success,10.0,84.0,,0
017,Bioscope,Weekly_Pass,2026-06-19,Success,6.0,81.0,,0
013,Bioscope,Daily_Pass,2026-07-03,Success,1.0,86.0,5.0,0
019,Bioscope,Daily_Pass,2026-07-08,Success,3.0,78.0,,0
016,Toffee,Weekly_Pass,2026-06-27,OTP_Failed,3.0,3.0,1.0,0
017,Toffee,Daily_Pass,2026-07-02,Stuck_at_Number_Screen,3.0,2.0,,1
018,Toffee,Daily_Pass,2026-07-02,Success,2.0,108.0,4.0,0
017,Toffee,Daily_Pass,2026-06-25,OTP_Failed,1.0,11.0,1.0,1
015,Toffee,Daily_Pass,2026-07-01,Success,16.0,129.0,4.0,0
019,Other_Partner,Daily_Pass,2026-06-27,Success,18.0,45.0,4.0,0
017,Toffee,Daily_Pass,2026-07-01,Success,1.0,83.0,5.0,0
019,Other_Partner,WC_Premium,2026-07-01,Success,8.0,61.0,5.0,0
014,Toffee,Daily_Pass,2026-07-07,Buffer_Timeout,1.0,11.0,1.0,1
013,Other_Partner,WC_Premium,2026-06-23,OTP_Failed,3.0,6.0,1.0,1
016,Bioscope,WC_Premium,2026-07-04,Success,0.0,113.0,,0
013,Toffee,Weekly_Pass,2026-06-15,OTP_Failed,0.0,0.0,1.0,0
016,Bioscope,Daily_Pass,2026-07-01,Success,17.0,110.0,,0
017,Toffee,WC_Premium,2026-06-19,OTP_Failed,2.0,4.0,1.0,1
017,Toffee,Weekly_Pass,2026-07-02,Stuck_at_Number_Screen,0.0,7.0,1.0,1
013,Toffee,Daily_Pass,2026-06-24,Success,3.0,74.0,,0
017,Toffee,Weekly_Pass,2026-06-19,Success,9.0,104.0,4.0,1
019,Bioscope,Daily_Pass,2026-07-08,Success,1.0,83.0,4.0,0
017,Bioscope,Daily_Pass,2026-07-06,Success,11.0,85.0,4.0,0
013,Toffee,Weekly_Pass,2026-06-21,OTP_Failed,3.0,11.0,2.0,1
019,Other_Partner,Daily_Pass,2026-07-05,Success,43.0,82.0,,0
018,Other_Partner,Weekly_Pass,2026-06-14,Success,4.0,104.0,5.0,0
018,Toffee,WC_Premium,2026-06-22,Success,51.0,100.0,1.0,0
015,Toffee,Daily_Pass,2026-06-13,Stuck_at_Number_Screen,6.0,0.0,1.0,1
019,Toffee,Daily_Pass,2026-06-17,Success,4.0,85.0,4.0,0
017,Bioscope,WC_Premium,2026-06-30,Success,12.0,87.0,4.0,0
018,Toffee,Weekly_Pass,2026-06-16,Success,8.0,100.0,5.0,0
015,Toffee,Weekly_Pass,2026-07-02,Success,1.0,116.0,5.0,0
013,Bioscope,WC_Premium,2026-07-04,Success,9.0,131.0,5.0,0
013,Bioscope,WC_Premium,2026-07-10,Buffer_Timeout,0.0,0.0,1.0,0
017,Toffee,Weekly_Pass,2026-07-05,Success,12.0,97.0,4.0,0
017,Bioscope,Daily_Pass,2026-06-25,Success,8.0,93.0,5.0,0
016,Bioscope,Weekly_Pass,2026-07-03,Success,9.0,91.0,,0
019,Toffee,Weekly_Pass,2026-07-02,Stuck_at_Number_Screen,2.0,5.0,2.0,1
015,Bioscope,Weekly_Pass,2026-07-10,Success,5.0,102.0,4.0,1
019,Toffee,Daily_Pass,2026-07-09,OTP_Failed,1.0,10.0,1.0,1
017,Toffee,Weekly_Pass,2026-06-11,OTP_Failed,0.0,0.0,1.0,0
017,Toffee,Weekly_Pass,2026-06-14,Buffer_Timeout,1.0,5.0,1.0,0
015,Toffee,Daily_Pass,2026-06-12,Success,6.0,119.0,,0
017,Toffee,WC_Premium,2026-06-16,Success,11.0,64.0,4.0,0
017,Toffee,WC_Premium,2026-06-12,OTP_Failed,2.0,9.0,2.0,0
014,Bioscope,WC_Premium,2026-06-25,Success,9.0,111.0,4.0,0
018,Bioscope,Weekly_Pass,2026-06-15,OTP_Failed,1.0,1.0,1.0,1
017,Toffee,Daily_Pass,2026-07-03,OTP_Failed,1.0,10.0,,1
019,Toffee,WC_Premium,2026-07-02,OTP_Failed,2.0,2.0,,1
015,Bioscope,Weekly_Pass,2026-06-30,Buffer_Timeout,2.0,0.0,1.0,0
017,Toffee,Weekly_Pass,2026-07-01,Buffer_Timeout,4.0,7.0,1.0,0
019,Toffee,Daily_Pass,2026-06-24,Success,9.0,110.0,3.0,0
013,Toffee,Weekly_Pass,2026-06-23,Success,10.0,115.0,,0
018,Bioscope,WC_Premium,2026-06-23,Success,9.0,61.0,5.0,0
014,Bioscope,Daily_Pass,2026-07-02,Success,9.0,78.0,,0
015,Bioscope,Daily_Pass,2026-06-18,Success,1.0,85.0,5.0,0
017,Toffee,Weekly_Pass,2026-07-06,Success,17.0,98.0,4.0,0
017,Bioscope,Weekly_Pass,2026-07-07,Buffer_Timeout,5.0,6.0,,0
017,Toffee,Daily_Pass,2026-06-25,Success,0.0,75.0,,0
018,Toffee,WC_Premium,2026-06-30,Stuck_at_Number_Screen,0.0,12.0,2.0,1
017,Bioscope,Daily_Pass,2026-06-23,Success,3.0,78.0,,0
013,Bioscope,WC_Premium,2026-06-16,Success,7.0,101.0,5.0,0
017,Toffee,Daily_Pass,2026-07-09,Success,19.0,97.0,5.0,0
013,Toffee,Daily_Pass,2026-07-05,Success,5.0,115.0,4.0,0
017,Bioscope,WC_Premium,2026-07-05,Buffer_Timeout,1.0,2.0,1.0,0
019,Bioscope,WC_Premium,2026-07-05,Buffer_Timeout,0.0,10.0,2.0,0
017,Bioscope,WC_Premium,2026-06-14,Success,32.0,115.0,1.0,1
017,Toffee,Daily_Pass,2026-06-17,OTP_Failed,3.0,11.0,1.0,1
019,Bioscope,Weekly_Pass,2026-06-21,Success,12.0,64.0,5.0,0
016,Bioscope,Daily_Pass,2026-07-08,Success,3.0,86.0,5.0,0
017,Bioscope,Daily_Pass,2026-07-02,Success,2.0,89.0,4.0,0
017,Toffee,Daily_Pass,2026-06-14,OTP_Failed,2.0,6.0,1.0,1
016,Toffee,Daily_Pass,2026-06-24,Success,2.0,96.0,5.0,0
013,Toffee,WC_Premium,2026-06-20,Success,1.0,70.0,5.0,0
019,Toffee,Daily_Pass,2026-06-18,Buffer_Timeout,3.0,7.0,,0
013,Toffee,Weekly_Pass,2026-07-03,Success,1.0,74.0,4.0,0
017,Bioscope,Weekly_Pass,2026-06-22,Success,1.0,118.0,3.0,0
018,Toffee,Daily_Pass,2026-06-19,Stuck_at_Number_Screen,0.0,7.0,,1
016,Bioscope,WC_Premium,2026-07-05,Success,4.0,113.0,,0
014,Toffee,Daily_Pass,2026-07-09,OTP_Failed,2.0,0.0,,1
017,Toffee,WC_Premium,2026-06-16,Success,1.0,78.0,,0
018,Bioscope,WC_Premium,2026-06-16,Buffer_Timeout,2.0,15.0,1.0,0
017,Toffee,WC_Premium,2026-06-23,Success,0.0,78.0,3.0,0
018,Toffee,WC_Premium,2026-07-05,Success,6.0,62.0,4.0,0
019,Toffee,Daily_Pass,2026-06-22,Success,11.0,103.0,4.0,0
013,Bioscope,Daily_Pass,2026-06-18,Success,60.0,124.0,,1
014,Other_Partner,Weekly_Pass,2026-06-18,Stuck_at_Number_Screen,2.0,0.0,1.0,1
018,Bioscope,Daily_Pass,2026-07-08,Success,2.0,102.0,4.0,0
014,Bioscope,WC_Premium,2026-07-02,Success,6.0,67.0,4.0,0
019,Toffee,WC_Premium,2026-06-13,Success,6.0,63.0,5.0,0
017,Bioscope,Daily_Pass,2026-07-08,Buffer_Timeout,0.0,1.0,1.0,0
017,Other_Partner,Daily_Pass,2026-06-28,Success,5.0,128.0,4.0,0
013,Bioscope,Daily_Pass,2026-06-20,Success,1.0,103.0,4.0,0
017,Bioscope,Weekly_Pass,2026-06-14,OTP_Failed,6.0,10.0,1.0,1
018,Bioscope,Daily_Pass,2026-07-01,Stuck_at_Number_Screen,0.0,9.0,1.0,1
018,Toffee,Weekly_Pass,2026-07-09,OTP_Failed,5.0,0.0,1.0,1
015,Bioscope,Weekly_Pass,2026-07-09,Success,9.0,67.0,,0
013,Bioscope,Daily_Pass,2026-06-12,Success,3.0,109.0,,0
019,Bioscope,Weekly_Pass,2026-06-19,Success,7.0,83.0,5.0,0
014,Bioscope,Weekly_Pass,2026-07-02,OTP_Failed,0.0,0.0,1.0,1
019,Bioscope,Weekly_Pass,2026-06-21,Success,0.0,100.0,,0
017,Bioscope,WC_Premium,2026-06-26,Success,6.0,121.0,4.0,0
018,Toffee,Daily_Pass,2026-06-24,Success,18.0,126.0,5.0,0
017,Toffee,Weekly_Pass,2026-06-23,Buffer_Timeout,1.0,1.0,2.0,1
013,Other_Partner,WC_Premium,2026-06-22,OTP_Failed,0.0,1.0,,1
013,Bioscope,Daily_Pass,2026-06-11,Success,21.0,99.0,1.0,0
019,Other_Partner,Weekly_Pass,2026-06-13,Success,1.0,90.0,4.0,0
018,Bioscope,Weekly_Pass,2026-06-27,Success,2.0,113.0,5.0,1
018,Bioscope,Weekly_Pass,2026-06-14,Success,9.0,128.0,,0
015,Toffee,Daily_Pass,2026-06-19,OTP_Failed,3.0,9.0,1.0,1
017,Toffee,Weekly_Pass,2026-07-07,OTP_Failed,0.0,2.0,,1
018,Bioscope,Daily_Pass,2026-06-30,Stuck_at_Number_Screen,0.0,0.0,2.0,1
019,Toffee,Weekly_Pass,2026-06-17,Buffer_Timeout,1.0,0.0,1.0,0
017,Bioscope,Weekly_Pass,2026-06-18,Success,15.0,78.0,5.0,0
018,Bioscope,Weekly_Pass,2026-07-06,Buffer_Timeout,2.0,10.0,1.0,0
017,Toffee,Weekly_Pass,2026-07-04,OTP_Failed,2.0,9.0,2.0,1
019,Bioscope,Daily_Pass,2026-07-05,Success,7.0,94.0,5.0,0
017,Toffee,Daily_Pass,2026-06-22,Buffer_Timeout,2.0,0.0,2.0,0
017,Toffee,Daily_Pass,2026-06-27,Buffer_Timeout,2.0,7.0,,0
018,Toffee,Daily_Pass,2026-06-22,Stuck_at_Number_Screen,1.0,6.0,1.0,1
017,Bioscope,Weekly_Pass,2026-07-03,Success,0.0,79.0,4.0,0
017,Toffee,Weekly_Pass,2026-07-01,Success,20.0,57.0,5.0,0
013,Toffee,Daily_Pass,2026-06-19,Buffer_Timeout,0.0,3.0,1.0,0
013,Toffee,WC_Premium,2026-06-15,Success,7.0,95.0,4.0,0
018,Toffee,Weekly_Pass,2026-06-23,OTP_Failed,0.0,0.0,1.0,0
018,Bioscope,Daily_Pass,2026-06-28,OTP_Failed,3.0,3.0,,0
018,Toffee,Daily_Pass,2026-06-25,OTP_Failed,1.0,3.0,1.0,1
016,Bioscope,Weekly_Pass,2026-06-15,Success,5.0,94.0,,0
017,Toffee,Daily_Pass,2026-06-26,Success,2.0,96.0,4.0,0
017,Bioscope,WC_Premium,2026-06-19,Buffer_Timeout,5.0,0.0,1.0,1
019,Toffee,Weekly_Pass,2026-06-11,Success,1.0,85.0,,0
019,Other_Partner,WC_Premium,2026-06-17,Success,4.0,68.0,4.0,0
017,Toffee,Daily_Pass,2026-06-29,OTP_Failed,1.0,15.0,,0
013,Bioscope,Weekly_Pass,2026-07-09,Success,13.0,74.0,4.0,0
018,Bioscope,WC_Premium,2026-07-10,Success,1.0,95.0,4.0,0
018,Bioscope,Daily_Pass,2026-06-20,Stuck_at_Number_Screen,0.0,5.0,1.0,1
016,Bioscope,Daily_Pass,2026-06-14,Success,4.0,95.0,5.0,0
017,Toffee,Weekly_Pass,2026-06-30,Success,4.0,118.0,5.0,0
016,Bioscope,WC_Premium,2026-06-22,Buffer_Timeout,3.0,1.0,,0
017,Toffee,Weekly_Pass,2026-06-26,OTP_Failed,1.0,6.0,2.0,1
018,Bioscope,Weekly_Pass,2026-07-06,Buffer_Timeout,2.0,12.0,,0
019,Other_Partner,Weekly_Pass,2026-06-28,Success,11.0,81.0,3.0,0
018,Other_Partner,Daily_Pass,2026-06-13,Success,0.0,75.0,,0
017,Toffee,Weekly_Pass,2026-06-13,Success,10.0,88.0,3.0,0
015,Toffee,Daily_Pass,2026-07-08,Success,9.0,86.0,4.0,1
019,Toffee,Daily_Pass,2026-06-23,Buffer_Timeout,13.0,1.0,1.0,0
019,Toffee,WC_Premium,2026-06-17,Success,2.0,77.0,4.0,0
013,Toffee,Weekly_Pass,2026-07-06,Success,1.0,99.0,5.0,0
017,Toffee,WC_Premium,2026-06-23,Stuck_at_Number_Screen,0.0,3.0,1.0,1
014,Other_Partner,Daily_Pass,2026-07-07,Stuck_at_Number_Screen,3.0,4.0,,0
018,Bioscope,Daily_Pass,2026-07-09,Buffer_Timeout,1.0,4.0,2.0,1
019,Bioscope,WC_Premium,2026-06-18,Success,11.0,87.0,3.0,0
017,Toffee,Daily_Pass,2026-07-04,Success,2.0,95.0,,0
017,Bioscope,Daily_Pass,2026-06-19,Success,4.0,60.0,4.0,0
015,Other_Partner,Weekly_Pass,2026-06-12,Success,3.0,122.0,3.0,0
018,Bioscope,Daily_Pass,2026-07-06,Success,5.0,93.0,3.0,0
017,Toffee,WC_Premium,2026-06-18,Success,2.0,63.0,5.0,0
017,Toffee,Weekly_Pass,2026-06-22,OTP_Failed,2.0,9.0,1.0,0
018,Other_Partner,WC_Premium,2026-07-02,Success,7.0,61.0,4.0,0
017,Toffee,WC_Premium,2026-06-30,Success,13.0,127.0,,0
018,Bioscope,Daily_Pass,2026-06-25,Buffer_Timeout,2.0,6.0,1.0,0
013,Toffee,WC_Premium,2026-06-30,Success,3.0,87.0,4.0,0
019,Toffee,Daily_Pass,2026-07-05,Stuck_at_Number_Screen,3.0,4.0,2.0,1
013,Bioscope,Daily_Pass,2026-07-08,Buffer_Timeout,0.0,9.0,2.0,0
015,Toffee,WC_Premium,2026-06-30,Success,3.0,80.0,,0
017,Toffee,Daily_Pass,2026-06-12,Success,14.0,91.0,5.0,0
018,Toffee,Daily_Pass,2026-06-24,Success,13.0,130.0,,0
017,Other_Partner,Daily_Pass,2026-06-15,Stuck_at_Number_Screen,2.0,2.0,,0
016,Toffee,Daily_Pass,2026-06-12,Success,1.0,119.0,4.0,0
015,Bioscope,Weekly_Pass,2026-07-01,OTP_Failed,0.0,7.0,1.0,1
019,Toffee,Weekly_Pass,2026-07-03,OTP_Failed,2.0,6.0,2.0,1
018,Bioscope,Weekly_Pass,2026-06-12,Success,10.0,91.0,5.0,0
018,Other_Partner,WC_Premium,2026-06-19,Buffer_Timeout,0.0,10.0,,0
019,Toffee,Daily_Pass,2026-06-26,Stuck_at_Number_Screen,4.0,13.0,1.0,1
014,Toffee,Daily_Pass,2026-07-09,Success,1.0,97.0,,0
015,Toffee,Daily_Pass,2026-06-11,Success,3.0,91.0,4.0,0
013,Bioscope,WC_Premium,2026-06-26,Success,9.0,101.0,,0
015,Toffee,Weekly_Pass,2026-07-06,Stuck_at_Number_Screen,0.0,8.0,1.0,1
017,Toffee,WC_Premium,2026-06-26,Success,4.0,122.0,3.0,0
017,Toffee,Weekly_Pass,2026-07-07,Buffer_Timeout,3.0,1.0,1.0,0
017,Toffee,Daily_Pass,2026-06-19,Success,4.0,97.0,4.0,1
017,Toffee,Daily_Pass,2026-06-14,Success,20.0,54.0,,0
019,Bioscope,Weekly_Pass,2026-06-29,OTP_Failed,0.0,0.0,2.0,1
019,Bioscope,Weekly_Pass,2026-07-06,Success,1.0,81.0,3.0,0
019,Toffee,Daily_Pass,2026-06-29,Stuck_at_Number_Screen,6.0,14.0,2.0,1
018,Bioscope,Weekly_Pass,2026-07-05,Success,7.0,101.0,,0
018,Bioscope,WC_Premium,2026-06-21,Buffer_Timeout,5.0,10.0,,0
016,Bioscope,WC_Premium,2026-06-17,Buffer_Timeout,1.0,13.0,1.0,1
013,Bioscope,Weekly_Pass,2026-06-12,Stuck_at_Number_Screen,0.0,7.0,1.0,1
019,Bioscope,WC_Premium,2026-06-29,Success,3.0,92.0,4.0,1
016,Bioscope,Daily_Pass,2026-06-27,Success,1.0,86.0,4.0,0
016,Bioscope,Daily_Pass,2026-07-01,Success,7.0,122.0,3.0,0
018,Toffee,Daily_Pass,2026-07-01,Buffer_Timeout,1.0,0.0,1.0,0
019,Toffee,Daily_Pass,2026-07-10,Success,0.0,109.0,5.0,0
017,Toffee,WC_Premium,2026-07-10,Success,7.0,98.0,3.0,0
013,Bioscope,Daily_Pass,2026-06-19,Buffer_Timeout,0.0,15.0,2.0,0
019,Toffee,Weekly_Pass,2026-06-25,Success,2.0,117.0,,0
018,Bioscope,Weekly_Pass,2026-06-20,Success,13.0,85.0,,0
019,Toffee,Weekly_Pass,2026-06-13,OTP_Failed,4.0,9.0,2.0,1
017,Bioscope,Weekly_Pass,2026-06-22,Buffer_Timeout,3.0,1.0,1.0,1
013,Toffee,Weekly_Pass,2026-06-26,Success,5.0,69.0,,1
019,Bioscope,Weekly_Pass,2026-06-16,Buffer_Timeout,1.0,2.0,1.0,1
018,Bioscope,WC_Premium,2026-06-25,Success,5.0,112.0,4.0,0
018,Toffee,Daily_Pass,2026-06-19,Stuck_at_Number_Screen,3.0,15.0,1.0,1
017,Toffee,Daily_Pass,2026-06-13,Success,17.0,90.0,5.0,0
017,Bioscope,Weekly_Pass,2026-07-03,Success,4.0,89.0,,0
016,Toffee,Daily_Pass,2026-06-28,Stuck_at_Number_Screen,4.0,2.0,1.0,1
017,Bioscope,Weekly_Pass,2026-06-16,Success,57.0,119.0,2.0,0
019,Bioscope,WC_Premium,2026-07-07,Success,26.0,93.0,1.0,1
019,Bioscope,WC_Premium,2026-06-17,Success,4.0,67.0,4.0,0
017,Bioscope,WC_Premium,2026-07-04,OTP_Failed,0.0,10.0,1.0,1
016,Bioscope,Daily_Pass,2026-06-28,Success,2.0,105.0,,0
018,Bioscope,Daily_Pass,2026-06-25,Success,3.0,125.0,4.0,0
017,Other_Partner,WC_Premium,2026-06-11,Success,2.0,91.0,5.0,0
017,Toffee,WC_Premium,2026-07-04,Success,17.0,51.0,5.0,0
013,Toffee,Weekly_Pass,2026-07-03,OTP_Failed,5.0,0.0,2.0,1
016,Toffee,WC_Premium,2026-07-04,Stuck_at_Number_Screen,3.0,2.0,1.0,1
018,Bioscope,WC_Premium,2026-06-29,Stuck_at_Number_Screen,1.0,1.0,1.0,1
018,Toffee,Weekly_Pass,2026-07-03,Success,6.0,107.0,5.0,0
019,Other_Partner,Daily_Pass,2026-07-08,Success,10.0,67.0,5.0,0
019,Toffee,Weekly_Pass,2026-07-03,Success,9.0,90.0,5.0,0
018,Bioscope,WC_Premium,2026-06-24,Buffer_Timeout,1.0,1.0,1.0,0
019,Toffee,Daily_Pass,2026-06-14,OTP_Failed,1.0,0.0,1.0,1
017,Toffee,Weekly_Pass,2026-06-21,Success,5.0,95.0,5.0,0
019,Toffee,Weekly_Pass,2026-06-26,Success,4.0,59.0,5.0,0
018,Toffee,Daily_Pass,2026-07-05,OTP_Failed,1.0,8.0,,1
019,Toffee,Weekly_Pass,2026-06-25,OTP_Failed,0.0,9.0,1.0,1
018,Other_Partner,Daily_Pass,2026-06-15,Success,6.0,104.0,5.0,1
017,Toffee,WC_Premium,2026-07-04,Success,1.0,66.0,4.0,0
018,Bioscope,WC_Premium,2026-07-06,OTP_Failed,6.0,0.0,1.0,1
013,Toffee,WC_Premium,2026-06-15,Success,15.0,87.0,4.0,0
016,Toffee,Daily_Pass,2026-06-28,Success,3.0,103.0,3.0,0
018,Bioscope,Daily_Pass,2026-06-12,Success,6.0,122.0,4.0,0
019,Toffee,WC_Premium,2026-06-20,Success,1.0,98.0,5.0,0
016,Bioscope,Daily_Pass,2026-07-01,Success,12.0,117.0,5.0,0
016,Bioscope,Daily_Pass,2026-06-22,Stuck_at_Number_Screen,1.0,2.0,1.0,1
017,Toffee,Daily_Pass,2026-06-30,Success,2.0,61.0,4.0,0
015,Bioscope,Weekly_Pass,2026-06-22,Stuck_at_Number_Screen,0.0,6.0,2.0,1
019,Toffee,Daily_Pass,2026-06-19,OTP_Failed,4.0,14.0,1.0,1
019,Bioscope,Weekly_Pass,2026-06-15,Success,6.0,80.0,4.0,0
017,Bioscope,WC_Premium,2026-06-28,Buffer_Timeout,0.0,0.0,2.0,0
018,Bioscope,Weekly_Pass,2026-06-17,Buffer_Timeout,1.0,9.0,2.0,0
017,Toffee,WC_Premium,2026-07-05,OTP_Failed,0.0,3.0,1.0,1
018,Toffee,Daily_Pass,2026-06-11,OTP_Failed,2.0,5.0,1.0,1
017,Bioscope,Weekly_Pass,2026-07-09,Success,22.0,86.0,1.0,0
018,Other_Partner,Daily_Pass,2026-07-07,Buffer_Timeout,4.0,0.0,1.0,0
018,Other_Partner,WC_Premium,2026-07-02,Stuck_at_Number_Screen,0.0,1.0,2.0,1
013,Toffee,WC_Premium,2026-06-18,OTP_Failed,1.0,0.0,1.0,1
018,Bioscope,Daily_Pass,2026-06-13,Success,4.0,131.0,5.0,0
019,Other_Partner,Daily_Pass,2026-06-30,OTP_Failed,1.0,7.0,1.0,1
017,Toffee,Daily_Pass,2026-06-30,Success,4.0,104.0,4.0,0
019,Bioscope,WC_Premium,2026-07-08,Success,3.0,95.0,5.0,0
017,Toffee,Weekly_Pass,2026-07-07,OTP_Failed,6.0,8.0,1.0,1
017,Toffee,WC_Premium,2026-07-02,Buffer_Timeout,0.0,7.0,2.0,0
017,Toffee,Daily_Pass,2026-06-19,Success,3.0,102.0,4.0,0
019,Bioscope,Weekly_Pass,2026-07-05,Success,3.0,84.0,4.0,0
013,Bioscope,Weekly_Pass,2026-06-19,Success,17.0,109.0,4.0,1
019,Bioscope,WC_Premium,2026-06-18,Buffer_Timeout,2.0,15.0,2.0,1
018,Toffee,Daily_Pass,2026-06-22,OTP_Failed,7.0,1.0,1.0,1
017,Toffee,Daily_Pass,2026-06-16,OTP_Failed,1.0,5.0,1.0,1
016,Bioscope,WC_Premium,2026-06-13,Success,11.0,92.0,4.0,0
017,Bioscope,Daily_Pass,2026-06-16,Success,8.0,146.0,4.0,0
019,Bioscope,Weekly_Pass,2026-07-02,Success,14.0,95.0,,0
017,Toffee,Weekly_Pass,2026-06-14,Success,8.0,47.0,3.0,0
017,Bioscope,Daily_Pass,2026-07-06,Stuck_at_Number_Screen,1.0,12.0,1.0,1
019,Other_Partner,Daily_Pass,2026-06-30,Success,2.0,89.0,5.0,0
015,Bioscope,WC_Premium,2026-06-17,Success,0.0,61.0,4.0,0
013,Bioscope,Daily_Pass,2026-06-12,OTP_Failed,0.0,11.0,2.0,1
019,Other_Partner,Daily_Pass,2026-07-10,Success,10.0,99.0,5.0,0
017,Bioscope,WC_Premium,2026-06-26,Success,8.0,80.0,,0
019,Bioscope,WC_Premium,2026-06-12,Success,11.0,106.0,5.0,0
016,Bioscope,WC_Premium,2026-06-21,Stuck_at_Number_Screen,1.0,15.0,1.0,1
017,Toffee,WC_Premium,2026-06-24,Success,3.0,61.0,5.0,0
017,Bioscope,WC_Premium,2026-07-05,Success,17.0,128.0,5.0,0
017,Bioscope,WC_Premium,2026-07-09,Stuck_at_Number_Screen,3.0,0.0,1.0,1
013,Toffee,WC_Premium,2026-06-30,OTP_Failed,0.0,2.0,1.0,1
017,Bioscope,WC_Premium,2026-06-25,Success,4.0,90.0,4.0,0
018,Bioscope,Weekly_Pass,2026-06-13,Success,7.0,77.0,5.0,0
015,Toffee,Weekly_Pass,2026-06-22,Buffer_Timeout,6.0,8.0,1.0,0
017,Bioscope,WC_Premium,2026-06-28,Success,5.0,94.0,4.0,0
018,Toffee,Weekly_Pass,2026-06-18,OTP_Failed,0.0,2.0,1.0,1
018,Bioscope,WC_Premium,2026-06-27,Buffer_Timeout,1.0,1.0,1.0,0
014,Toffee,Daily_Pass,2026-06-27,Success,8.0,85.0,5.0,0
018,Other_Partner,WC_Premium,2026-06-15,Success,32.0,104.0,1.0,0
018,Bioscope,Weekly_Pass,2026-07-04,Success,10.0,95.0,5.0,0
018,Bioscope,Daily_Pass,2026-06-20,Success,14.0,83.0,4.0,0
017,Other_Partner,WC_Premium,2026-07-09,Success,8.0,90.0,5.0,0
017,Toffee,Daily_Pass,2026-06-30,Success,11.0,67.0,5.0,0
013,Bioscope,Daily_Pass,2026-07-04,Stuck_at_Number_Screen,1.0,8.0,1.0,1
017,Toffee,Daily_Pass,2026-07-05,Buffer_Timeout,6.0,13.0,1.0,0
018,Bioscope,Daily_Pass,2026-06-27,Success,1.0,80.0,,0
017,Bioscope,Daily_Pass,2026-06-15,Stuck_at_Number_Screen,0.0,2.0,1.0,1
018,Other_Partner,Weekly_Pass,2026-07-02,Success,22.0,96.0,,0
017,Bioscope,WC_Premium,2026-07-10,Success,17.0,109.0,,0
014,Toffee,Weekly_Pass,2026-06-17,Success,4.0,110.0,5.0,0
019,Toffee,Weekly_Pass,2026-07-10,OTP_Failed,4.0,0.0,1.0,1
017,Bioscope,WC_Premium,2026-07-06,Buffer_Timeout,1.0,2.0,2.0,0
017,Bioscope,Daily_Pass,2026-07-05,Buffer_Timeout,2.0,7.0,2.0,0
018,Toffee,Weekly_Pass,2026-06-13,Success,2.0,94.0,5.0,0
017,Toffee,Daily_Pass,2026-06-24,Success,9.0,58.0,4.0,0
013,Bioscope,Weekly_Pass,2026-06-29,Success,3.0,94.0,5.0,0
017,Toffee,Daily_Pass,2026-06-18,Success,5.0,83.0,5.0,0
014,Bioscope,WC_Premium,2026-06-28,Success,23.0,62.0,1.0,0
019,Bioscope,Daily_Pass,2026-06-20,Success,0.0,88.0,5.0,0
018,Bioscope,Weekly_Pass,2026-06-16,Success,4.0,71.0,5.0,0
018,Toffee,Daily_Pass,2026-07-01,Success,1.0,84.0,5.0,0
014,Toffee,Weekly_Pass,2026-06-12,Success,6.0,66.0,4.0,0
014,Bioscope,Weekly_Pass,2026-06-23,OTP_Failed,0.0,3.0,,1
015,Other_Partner,Daily_Pass,2026-06-28,Success,3.0,54.0,5.0,0
017,Toffee,Daily_Pass,2026-06-21,Buffer_Timeout,1.0,5.0,2.0,0
017,Toffee,Daily_Pass,2026-06-27,Success,3.0,115.0,4.0,0
016,Toffee,WC_Premium,2026-06-12,Success,21.0,105.0,2.0,0
018,Bioscope,Daily_Pass,2026-06-26,Success,1.0,78.0,4.0,0
017,Bioscope,WC_Premium,2026-06-12,Success,7.0,120.0,5.0,0
017,Toffee,Weekly_Pass,2026-07-02,OTP_Failed,4.0,0.0,2.0,1
019,Toffee,Daily_Pass,2026-06-26,Success,4.0,96.0,4.0,0
019,Bioscope,Daily_Pass,2026-06-12,Stuck_at_Number_Screen,1.0,5.0,1.0,1
013,Toffee,WC_Premium,2026-06-13,OTP_Failed,2.0,0.0,2.0,1
019,Bioscope,Weekly_Pass,2026-06-30,Stuck_at_Number_Screen,0.0,0.0,2.0,1
018,Bioscope,Daily_Pass,2026-07-06,OTP_Failed,2.0,5.0,1.0,1
019,Bioscope,WC_Premium,2026-06-13,Stuck_at_Number_Screen,1.0,8.0,1.0,1
013,Bioscope,WC_Premium,2026-06-27,Success,7.0,80.0,3.0,0
017,Bioscope,Daily_Pass,2026-06-29,OTP_Failed,0.0,0.0,1.0,1
013,Other_Partner,Weekly_Pass,2026-07-06,Success,10.0,76.0,4.0,0
018,Toffee,Daily_Pass,2026-06-19,Success,12.0,88.0,3.0,0
018,Toffee,Daily_Pass,2026-07-02,Success,13.0,129.0,4.0,0
017,Bioscope,Daily_Pass,2026-06-13,Success,19.0,130.0,5.0,0
015,Toffee,WC_Premium,2026-06-23,Success,1.0,75.0,4.0,0
017,Other_Partner,Weekly_Pass,2026-06-12,Stuck_at_Number_Screen,1.0,5.0,,1
017,Toffee,Weekly_Pass,2026-06-22,Success,1.0,84.0,5.0,0
018,Other_Partner,Daily_Pass,2026-07-07,Success,1.0,81.0,4.0,0
018,Bioscope,Weekly_Pass,2026-06-25,Success,3.0,77.0,4.0,0
013,Bioscope,Daily_Pass,2026-06-22,Stuck_at_Number_Screen,2.0,7.0,1.0,1
019,Toffee,Weekly_Pass,2026-07-07,Success,12.0,71.0,5.0,0
018,Other_Partner,Daily_Pass,2026-06-19,Success,0.0,99.0,5.0,0
018,Toffee,WC_Premium,2026-06-22,Success,9.0,81.0,3.0,1
016,Toffee,Daily_Pass,2026-07-02,OTP_Failed,7.0,5.0,1.0,1
017,Toffee,Weekly_Pass,2026-07-06,OTP_Failed,2.0,0.0,,0
018,Other_Partner,Weekly_Pass,2026-07-08,OTP_Failed,0.0,12.0,2.0,1
019,Toffee,WC_Premium,2026-06-28,OTP_Failed,6.0,0.0,1.0,1
017,Bioscope,WC_Premium,2026-06-19,Success,8.0,66.0,3.0,0
013,Bioscope,Daily_Pass,2026-06-24,Success,4.0,110.0,3.0,0
014,Bioscope,Weekly_Pass,2026-06-16,Buffer_Timeout,1.0,11.0,2.0,0
013,Bioscope,Daily_Pass,2026-07-06,Success,2.0,102.0,3.0,0
018,Bioscope,Daily_Pass,2026-06-26,Success,2.0,89.0,5.0,0
015,Bioscope,WC_Premium,2026-07-07,Stuck_at_Number_Screen,3.0,6.0,1.0,1
017,Bioscope,Daily_Pass,2026-06-12,Success,0.0,111.0,5.0,0
017,Toffee,Daily_Pass,2026-06-22,Success,3.0,100.0,,0
019,Toffee,Daily_Pass,2026-07-03,Success,3.0,100.0,5.0,0
019,Toffee,Weekly_Pass,2026-07-08,Success,6.0,86.0,4.0,0
018,Toffee,WC_Premium,2026-06-25,OTP_Failed,3.0,7.0,2.0,1
018,Toffee,Daily_Pass,2026-06-21,Success,13.0,123.0,4.0,0
019,Bioscope,Weekly_Pass,2026-06-26,Success,17.0,105.0,5.0,0
016,Other_Partner,Weekly_Pass,2026-06-20,OTP_Failed,1.0,11.0,1.0,1
017,Toffee,Daily_Pass,2026-07-06,Buffer_Timeout,1.0,7.0,,0
017,Bioscope,Weekly_Pass,2026-06-25,Buffer_Timeout,3.0,5.0,1.0,1
018,Bioscope,Weekly_Pass,2026-06-28,Buffer_Timeout,1.0,2.0,1.0,0
019,Toffee,Daily_Pass,2026-06-17,Success,1.0,43.0,5.0,0
019,Bioscope,WC_Premium,2026-06-23,Buffer_Timeout,1.0,5.0,1.0,0
015,Other_Partner,Daily_Pass,2026-06-16,Success,8.0,99.0,,0
019,Toffee,Daily_Pass,2026-06-17,Stuck_at_Number_Screen,2.0,6.0,2.0,1
018,Bioscope,WC_Premium,2026-07-09,Success,2.0,70.0,5.0,0
013,Toffee,WC_Premium,2026-07-02,Success,2.0,92.0,5.0,0
019,Toffee,WC_Premium,2026-06-14,Success,14.0,100.0,4.0,0
016,Bioscope,Weekly_Pass,2026-07-10,Stuck_at_Number_Screen,2.0,10.0,,1
018,Bioscope,Weekly_Pass,2026-06-22,Success,1.0,72.0,5.0,0
017,Bioscope,Weekly_Pass,2026-06-27,Buffer_Timeout,2.0,6.0,1.0,0
014,Toffee,Daily_Pass,2026-07-06,Success,1.0,74.0,4.0,0
018,Other_Partner,WC_Premium,2026-06-14,Success,2.0,95.0,4.0,0
013,Toffee,Weekly_Pass,2026-06-11,OTP_Failed,1.0,0.0,2.0,1
018,Bioscope,WC_Premium,2026-06-16,OTP_Failed,4.0,0.0,1.0,0
016,Toffee,Weekly_Pass,2026-06-15,Success,7.0,117.0,4.0,0
017,Bioscope,Daily_Pass,2026-06-14,Stuck_at_Number_Screen,1.0,3.0,1.0,1
019,Bioscope,Weekly_Pass,2026-06-18,Stuck_at_Number_Screen,1.0,0.0,1.0,1
017,Other_Partner,Daily_Pass,2026-06-28,Success,1.0,80.0,4.0,0
017,Toffee,WC_Premium,2026-06-17,Stuck_at_Number_Screen,1.0,0.0,,1
013,Bioscope,Weekly_Pass,2026-06-16,Success,0.0,107.0,5.0,0
016,Bioscope,Daily_Pass,2026-06-22,OTP_Failed,0.0,8.0,1.0,1
015,Bioscope,WC_Premium,2026-06-15,Success,3.0,82.0,,0
019,Bioscope,WC_Premium,2026-07-04,Success,3.0,100.0,4.0,0
014,Toffee,WC_Premium,2026-06-11,Success,13.0,88.0,4.0,0
017,Toffee,Daily_Pass,2026-06-25,Success,5.0,92.0,4.0,0
017,Toffee,WC_Premium,2026-07-05,Success,11.0,104.0,,0
018,Bioscope,WC_Premium,2026-07-05,Success,1.0,111.0,4.0,0
017,Bioscope,Weekly_Pass,2026-06-24,Success,1.0,69.0,5.0,0
019,Toffee,Daily_Pass,2026-07-06,Success,8.0,75.0,5.0,0
016,Other_Partner,WC_Premium,2026-06-22,Success,12.0,74.0,3.0,0
015,Toffee,WC_Premium,2026-06-18,Success,3.0,99.0,5.0,0
017,Toffee,WC_Premium,2026-06-22,Success,3.0,86.0,5.0,0
018,Toffee,Daily_Pass,2026-06-26,Success,21.0,87.0,2.0,0
018,Bioscope,Daily_Pass,2026-07-05,Success,13.0,96.0,5.0,0
017,Bioscope,Weekly_Pass,2026-06-21,Buffer_Timeout,5.0,0.0,1.0,1
018,Toffee,Weekly_Pass,2026-06-15,Success,14.0,36.0,,0
013,Bioscope,Weekly_Pass,2026-06-24,Success,2.0,62.0,3.0,0
013,Toffee,Daily_Pass,2026-06-22,Success,10.0,133.0,5.0,0
013,Toffee,Daily_Pass,2026-07-09,Success,1.0,78.0,,0
017,Toffee,Daily_Pass,2026-06-12,Success,3.0,94.0,4.0,0
018,Toffee,Daily_Pass,2026-06-30,OTP_Failed,1.0,6.0,,0
017,Bioscope,Weekly_Pass,2026-06-12,Success,7.0,94.0,4.0,0
017,Bioscope,Daily_Pass,2026-06-28,Success,3.0,89.0,4.0,0
017,Toffee,Weekly_Pass,2026-06-22,Success,10.0,105.0,4.0,0
017,Toffee,WC_Premium,2026-06-15,Success,1.0,101.0,4.0,0
013,Toffee,Daily_Pass,2026-06-22,Success,2.0,72.0,4.0,0
017,Toffee,WC_Premium,2026-06-11,Success,5.0,62.0,4.0,0
018,Bioscope,WC_Premium,2026-07-06,Stuck_at_Number_Screen,2.0,4.0,1.0,0
016,Toffee,Weekly_Pass,2026-06-20,OTP_Failed,1.0,5.0,1.0,1
018,Bioscope,WC_Premium,2026-07-01,Buffer_Timeout,4.0,2.0,1.0,0
019,Toffee,Daily_Pass,2026-06-27,Success,4.0,94.0,5.0,0
018,Toffee,Weekly_Pass,2026-06-13,Success,2.0,83.0,4.0,0
018,Other_Partner,Daily_Pass,2026-06-23,Success,7.0,65.0,5.0,0
019,Toffee,Weekly_Pass,2026-06-17,Stuck_at_Number_Screen,1.0,1.0,,1
013,Toffee,Weekly_Pass,2026-06-18,Success,1.0,80.0,5.0,0
016,Toffee,Weekly_Pass,2026-06-21,Success,10.0,81.0,4.0,0
013,Toffee,Daily_Pass,2026-06-27,Success,1.0,93.0,4.0,0
013,Toffee,Daily_Pass,2026-06-20,Success,4.0,73.0,3.0,0
019,Toffee,Weekly_Pass,2026-07-05,OTP_Failed,0.0,0.0,1.0,1
017,Bioscope,Daily_Pass,2026-06-25,Success,5.0,109.0,4.0,0
017,Bioscope,WC_Premium,2026-06-16,Success,0.0,89.0,4.0,0
017,Bioscope,Weekly_Pass,2026-06-19,Stuck_at_Number_Screen,1.0,0.0,1.0,1
013,Toffee,Daily_Pass,2026-07-09,OTP_Failed,1.0,0.0,1.0,0
017,Bioscope,Daily_Pass,2026-07-06,Buffer_Timeout,1.0,15.0,,0
018,Toffee,Daily_Pass,2026-06-12,Success,8.0,128.0,4.0,0
019,Toffee,Weekly_Pass,2026-06-12,Success,1.0,125.0,4.0,0
019,Toffee,WC_Premium,2026-07-02,Success,0.0,76.0,4.0,0
013,Toffee,Daily_Pass,2026-06-22,Success,9.0,123.0,4.0,0
015,Toffee,WC_Premium,2026-06-27,Stuck_at_Number_Screen,1.0,7.0,1.0,1
018,Toffee,WC_Premium,2026-06-28,OTP_Failed,1.0,13.0,1.0,1
013,Toffee,Daily_Pass,2026-06-22,Success,6.0,69.0,,0
019,Toffee,WC_Premium,2026-07-01,Success,11.0,82.0,,0
016,Toffee,Weekly_Pass,2026-07-10,Stuck_at_Number_Screen,1.0,3.0,,1
016,Toffee,WC_Premium,2026-07-02,Success,2.0,63.0,4.0,0
017,Toffee,Weekly_Pass,2026-07-08,Success,8.0,86.0,4.0,0
018,Toffee,Daily_Pass,2026-06-24,Buffer_Timeout,1.0,1.0,2.0,0
019,Toffee,WC_Premium,2026-07-01,Success,12.0,112.0,4.0,0
018,Toffee,Daily_Pass,2026-06-13,OTP_Failed,4.0,9.0,1.0,1
016,Toffee,WC_Premium,2026-06-16,OTP_Failed,1.0,13.0,1.0,1
018,Bioscope,Daily_Pass,2026-07-05,Buffer_Timeout,0.0,3.0,1.0,0
019,Toffee,Weekly_Pass,2026-06-14,Success,6.0,63.0,4.0,0
017,Toffee,Weekly_Pass,2026-06-23,Buffer_Timeout,4.0,0.0,1.0,0
018,Toffee,WC_Premium,2026-06-29,Success,2.0,83.0,5.0,0
017,Toffee,Daily_Pass,2026-06-25,Success,0.0,111.0,4.0,1
016,Toffee,Weekly_Pass,2026-06-20,Success,4.0,111.0,4.0,0
016,Other_Partner,Weekly_Pass,2026-06-17,Success,8.0,117.0,,0
017,Bioscope,WC_Premium,2026-07-04,Buffer_Timeout,0.0,5.0,1.0,0
016,Toffee,Daily_Pass,2026-06-21,OTP_Failed,0.0,0.0,1.0,1
013,Bioscope,Daily_Pass,2026-07-04,Success,3.0,81.0,3.0,0
017,Toffee,Weekly_Pass,2026-07-06,Success,5.0,98.0,4.0,0
013,Toffee,Daily_Pass,2026-06-23,Success,10.0,112.0,3.0,0
017,Bioscope,WC_Premium,2026-06-19,Success,3.0,84.0,5.0,0
013,Toffee,Daily_Pass,2026-07-07,Success,6.0,76.0,4.0,0
013,Toffee,WC_Premium,2026-06-26,OTP_Failed,1.0,3.0,2.0,1
016,Bioscope,Weekly_Pass,2026-06-17,Stuck_at_Number_Screen,0.0,6.0,1.0,1
019,Bioscope,Daily_Pass,2026-06-16,Success,8.0,110.0,4.0,0
018,Other_Partner,Weekly_Pass,2026-06-26,Success,7.0,89.0,5.0,0
017,Bioscope,WC_Premium,2026-06-15,OTP_Failed,1.0,8.0,2.0,1
014,Bioscope,Weekly_Pass,2026-06-15,Success,6.0,84.0,4.0,0
016,Toffee,Daily_Pass,2026-06-23,Stuck_at_Number_Screen,4.0,0.0,1.0,1
017,Toffee,Daily_Pass,2026-07-06,Stuck_at_Number_Screen,6.0,9.0,2.0,1
019,Bioscope,WC_Premium,2026-06-25,Success,1.0,139.0,5.0,0
017,Other_Partner,Daily_Pass,2026-06-27,Success,9.0,104.0,4.0,0
018,Toffee,WC_Premium,2026-06-21,Success,6.0,101.0,5.0,0
018,Other_Partner,Weekly_Pass,2026-06-24,Success,22.0,113.0,1.0,0
013,Toffee,Weekly_Pass,2026-07-03,OTP_Failed,4.0,10.0,2.0,0
019,Toffee,Weekly_Pass,2026-07-02,Success,9.0,96.0,3.0,1
013,Toffee,Weekly_Pass,2026-06-17,Success,1.0,71.0,4.0,0
017,Toffee,WC_Premium,2026-07-06,Buffer_Timeout,2.0,5.0,1.0,0
014,Bioscope,Weekly_Pass,2026-07-05,Success,27.0,68.0,1.0,0
014,Toffee,Daily_Pass,2026-06-19,OTP_Failed,4.0,2.0,,1
016,Other_Partner,Weekly_Pass,2026-06-28,Success,0.0,111.0,,0
018,Bioscope,Weekly_Pass,2026-06-13,Success,1.0,86.0,5.0,0
017,Toffee,WC_Premium,2026-07-06,Success,12.0,93.0,5.0,0
019,Bioscope,WC_Premium,2026-06-19,Stuck_at_Number_Screen,4.0,7.0,1.0,1
017,Toffee,Weekly_Pass,2026-06-13,OTP_Failed,1.0,5.0,2.0,1
017,Bioscope,Daily_Pass,2026-06-24,Success,14.0,87.0,5.0,0
018,Toffee,Weekly_Pass,2026-07-09,Success,19.0,117.0,,0
017,Toffee,WC_Premium,2026-07-09,OTP_Failed,1.0,2.0,2.0,1
017,Bioscope,WC_Premium,2026-07-08,Buffer_Timeout,2.0,15.0,1.0,0
013,Other_Partner,WC_Premium,2026-06-30,Stuck_at_Number_Screen,4.0,0.0,,1
017,Bioscope,Daily_Pass,2026-06-15,OTP_Failed,1.0,3.0,1.0,1
017,Bioscope,Weekly_Pass,2026-06-26,Buffer_Timeout,1.0,7.0,2.0,1
017,Bioscope,Daily_Pass,2026-07-06,Success,1.0,99.0,4.0,0
017,Toffee,Daily_Pass,2026-07-08,Success,7.0,70.0,4.0,1
016,Bioscope,Daily_Pass,2026-07-02,Success,5.0,81.0,3.0,0
019,Toffee,Daily_Pass,2026-07-08,Buffer_Timeout,0.0,10.0,,0
018,Toffee,Daily_Pass,2026-07-07,Stuck_at_Number_Screen,3.0,7.0,1.0,1
018,Toffee,Daily_Pass,2026-07-06,Success,1.0,95.0,4.0,0
017,Toffee,Daily_Pass,2026-07-06,Success,7.0,69.0,,0
017,Toffee,Daily_Pass,2026-06-28,Success,10.0,80.0,,0
017,Toffee,WC_Premium,2026-07-07,OTP_Failed,2.0,5.0,1.0,0
018,Toffee,Daily_Pass,2026-07-08,Success,1.0,99.0,4.0,0
016,Bioscope,WC_Premium,2026-06-16,Buffer_Timeout,0.0,3.0,1.0,0
018,Bioscope,Daily_Pass,2026-06-29,Success,4.0,78.0,5.0,0
013,Bioscope,WC_Premium,2026-06-23,Stuck_at_Number_Screen,1.0,6.0,,1
017,Toffee,Daily_Pass,2026-06-17,Success,5.0,98.0,4.0,0
019,Bioscope,Daily_Pass,2026-06-19,Success,1.0,73.0,4.0,1
013,Toffee,Weekly_Pass,2026-07-09,Success,9.0,68.0,,0
016,Bioscope,WC_Premium,2026-07-01,Success,7.0,80.0,,0
018,Toffee,Daily_Pass,2026-07-04,Success,1.0,107.0,4.0,0
016,Bioscope,Daily_Pass,2026-07-02,OTP_Failed,0.0,2.0,1.0,1
014,Toffee,WC_Premium,2026-06-18,OTP_Failed,5.0,3.0,2.0,1
014,Bioscope,Daily_Pass,2026-06-30,Success,2.0,67.0,5.0,0
018,Bioscope,Daily_Pass,2026-07-03,Success,9.0,80.0,4.0,0
018,Bioscope,WC_Premium,2026-06-22,Stuck_at_Number_Screen,1.0,1.0,1.0,1
017,Toffee,WC_Premium,2026-06-19,Success,0.0,134.0,5.0,0
014,Toffee,Daily_Pass,2026-07-08,OTP_Failed,3.0,6.0,1.0,0
018,Other_Partner,WC_Premium,2026-07-03,Stuck_at_Number_Screen,1.0,7.0,,1
017,Toffee,Weekly_Pass,2026-06-28,Stuck_at_Number_Screen,2.0,11.0,1.0,1
013,Other_Partner,Daily_Pass,2026-07-01,Success,8.0,78.0,4.0,0
017,Toffee,WC_Premium,2026-07-05,OTP_Failed,3.0,0.0,1.0,1
018,Other_Partner,Weekly_Pass,2026-06-11,OTP_Failed,1.0,9.0,1.0,1
018,Other_Partner,Weekly_Pass,2026-06-14,Success,7.0,74.0,3.0,0
017,Bioscope,WC_Premium,2026-06-19,Success,4.0,102.0,5.0,0
017,Toffee,Daily_Pass,2026-06-19,Success,8.0,91.0,3.0,0
014,Toffee,Weekly_Pass,2026-07-06,Success,1.0,116.0,,0
019,Other_Partner,Weekly_Pass,2026-07-01,Success,16.0,120.0,4.0,0
019,Bioscope,Daily_Pass,2026-06-26,Success,10.0,89.0,5.0,0
013,Toffee,Weekly_Pass,2026-06-11,Success,4.0,59.0,5.0,0
019,Toffee,Weekly_Pass,2026-07-05,Success,7.0,80.0,5.0,0
018,Bioscope,WC_Premium,2026-06-27,Success,6.0,112.0,5.0,0
017,Bioscope,WC_Premium,2026-07-10,Success,9.0,78.0,4.0,0
017,Bioscope,Weekly_Pass,2026-06-21,Stuck_at_Number_Screen,2.0,1.0,1.0,1
017,Bioscope,Daily_Pass,2026-06-24,Success,11.0,110.0,4.0,0
017,Other_Partner,Weekly_Pass,2026-07-06,Success,10.0,81.0,5.0,0
015,Toffee,Daily_Pass,2026-06-24,Success,3.0,119.0,4.0,0
017,Toffee,Daily_Pass,2026-07-01,Success,2.0,42.0,4.0,0
013,Toffee,Weekly_Pass,2026-06-13,Buffer_Timeout,1.0,6.0,,0
018,Other_Partner,Weekly_Pass,2026-06-27,Success,0.0,116.0,4.0,0
017,Toffee,Weekly_Pass,2026-06-14,Success,19.0,47.0,5.0,0
018,Toffee,WC_Premium,2026-06-11,OTP_Failed,1.0,12.0,2.0,1
017,Toffee,Daily_Pass,2026-06-20,Success,11.0,59.0,4.0,0
019,Toffee,Daily_Pass,2026-06-27,Stuck_at_Number_Screen,7.0,0.0,1.0,1
017,Bioscope,Weekly_Pass,2026-07-02,Success,16.0,81.0,3.0,0
018,Bioscope,Weekly_Pass,2026-06-25,Stuck_at_Number_Screen,3.0,8.0,2.0,1
016,Bioscope,Daily_Pass,2026-06-17,Success,0.0,72.0,,0
019,Toffee,Daily_Pass,2026-06-30,OTP_Failed,1.0,6.0,2.0,1
019,Other_Partner,Daily_Pass,2026-07-03,Buffer_Timeout,3.0,8.0,1.0,0
018,Toffee,WC_Premium,2026-06-29,Success,16.0,113.0,4.0,0
013,Bioscope,WC_Premium,2026-07-06,Success,5.0,107.0,4.0,0
018,Toffee,Daily_Pass,2026-06-21,OTP_Failed,3.0,9.0,2.0,1
019,Toffee,Daily_Pass,2026-06-14,Success,0.0,87.0,4.0,0
019,Toffee,Daily_Pass,2026-06-15,OTP_Failed,2.0,9.0,,1
017,Bioscope,Daily_Pass,2026-06-29,Success,6.0,95.0,4.0,0
013,Bioscope,Daily_Pass,2026-07-02,Success,21.0,74.0,,0
019,Toffee,Daily_Pass,2026-07-07,OTP_Failed,1.0,6.0,1.0,0
013,Toffee,Weekly_Pass,2026-06-27,Success,27.0,81.0,2.0,0
017,Bioscope,Daily_Pass,2026-06-28,Buffer_Timeout,1.0,2.0,2.0,0
013,Toffee,Weekly_Pass,2026-06-17,Success,10.0,81.0,5.0,0
018,Toffee,Daily_Pass,2026-06-20,OTP_Failed,1.0,0.0,,1
015,Toffee,WC_Premium,2026-07-01,Success,5.0,121.0,4.0,0
018,Bioscope,WC_Premium,2026-06-24,Stuck_at_Number_Screen,3.0,3.0,1.0,1
017,Toffee,Weekly_Pass,2026-06-15,Success,2.0,59.0,4.0,0
017,Other_Partner,Daily_Pass,2026-07-03,Success,14.0,84.0,5.0,0
017,Toffee,Daily_Pass,2026-06-21,Success,2.0,102.0,4.0,0
018,Toffee,Daily_Pass,2026-06-15,Success,0.0,95.0,5.0,0
018,Toffee,Daily_Pass,2026-06-20,Success,6.0,84.0,4.0,0
017,Bioscope,Weekly_Pass,2026-06-26,Success,14.0,106.0,5.0,0
016,Toffee,Weekly_Pass,2026-07-06,Buffer_Timeout,10.0,8.0,2.0,0
016,Bioscope,Daily_Pass,2026-06-21,Success,11.0,61.0,,0
017,Toffee,WC_Premium,2026-07-07,OTP_Failed,0.0,12.0,,1
017,Toffee,Daily_Pass,2026-06-30,Success,2.0,79.0,4.0,0
015,Bioscope,Daily_Pass,2026-06-24,Success,1.0,73.0,,0
013,Bioscope,Weekly_Pass,2026-06-17,Success,3.0,108.0,,0
019,Toffee,Daily_Pass,2026-06-20,OTP_Failed,0.0,4.0,,1
018,Bioscope,Weekly_Pass,2026-06-17,Success,15.0,66.0,5.0,0
019,Bioscope,WC_Premium,2026-06-15,Stuck_at_Number_Screen,1.0,1.0,,1
019,Toffee,WC_Premium,2026-06-24,Buffer_Timeout,4.0,10.0,1.0,0
016,Toffee,Daily_Pass,2026-06-18,Success,0.0,76.0,3.0,0
019,Toffee,Weekly_Pass,2026-07-08,Success,1.0,98.0,3.0,0
014,Toffee,Weekly_Pass,2026-06-19,Success,1.0,52.0,,0
018,Bioscope,WC_Premium,2026-07-10,Success,5.0,113.0,,0
017,Toffee,WC_Premium,2026-06-15,Success,9.0,120.0,3.0,0
013,Toffee,Daily_Pass,2026-06-11,Buffer_Timeout,1.0,5.0,2.0,0
019,Toffee,WC_Premium,2026-06-30,OTP_Failed,0.0,2.0,1.0,1
016,Other_Partner,Daily_Pass,2026-07-04,Buffer_Timeout,3.0,9.0,1.0,0
017,Bioscope,Daily_Pass,2026-07-06,Success,5.0,87.0,4.0,0
017,Toffee,Daily_Pass,2026-06-17,Success,5.0,85.0,5.0,0
016,Toffee,Daily_Pass,2026-07-06,Success,3.0,46.0,,0
017,Toffee,WC_Premium,2026-07-05,Success,3.0,81.0,5.0,0
